category_id,category_level,category_code,category_name,parent_id,parent_name,source_doc
HFMAJ_30ae93d09c3272ec457a,1,1,人的因素,,,非密-第二类危险源分析.docx
HFMAJ_9a17218c762e1c066cb8,1,2,工艺因素,,,非密-第二类危险源分析.docx
HFMAJ_eda5f1799cdc84fdcdd1,1,3,设备设施因素,,,非密-第二类危险源分析.docx
HFMAJ_8d88992a2c0922e80b45,1,4,环境因素,,,非密-第二类危险源分析.docx
HFMAJ_986fa84197623b562ab5,1,5,管理因素,,,非密-第二类危险源分析.docx
HFSUB_c1e46c6a69f3a03d8340,2,1.1,人员操作,HFMAJ_30ae93d09c3272ec457a,人的因素,非密-第二类危险源分析.docx
HFSUB_4a28ba96f0226892eb5f,2,1.2,人员协作,HFMAJ_30ae93d09c3272ec457a,人的因素,非密-第二类危险源分析.docx
HFSUB_4fb37555d2b8e41a56b6,2,1.3,其他,HFMAJ_30ae93d09c3272ec457a,人的因素,非密-第二类危险源分析.docx
HFSUB_2021d403833451c45c8e,2,2.1,温度异常,HFMAJ_9a17218c762e1c066cb8,工艺因素,非密-第二类危险源分析.docx
HFSUB_f0da43b675a1e53250a7,2,2.10,进刀量异常,HFMAJ_9a17218c762e1c066cb8,工艺因素,非密-第二类危险源分析.docx
HFSUB_9f52a546069cc2dddf1a,2,2.11,转速异常,HFMAJ_9a17218c762e1c066cb8,工艺因素,非密-第二类危险源分析.docx
HFSUB_7fbaa8987bd46aa43e3d,2,2.2,冷却速率异常,HFMAJ_9a17218c762e1c066cb8,工艺因素,非密-第二类危险源分析.docx
HFSUB_ee73683e4f1d80a8f06f,2,2.3,压力异常,HFMAJ_9a17218c762e1c066cb8,工艺因素,非密-第二类危险源分析.docx
HFSUB_b33ec045de75625b7cb7,2,2.4,真空度异常,HFMAJ_9a17218c762e1c066cb8,工艺因素,非密-第二类危险源分析.docx
HFSUB_dc5acd27d2006184cb92,2,2.5,流量异常,HFMAJ_9a17218c762e1c066cb8,工艺因素,非密-第二类危险源分析.docx
HFSUB_2943f7c2ef6e7f6f3e11,2,2.6,容器内料位异常,HFMAJ_9a17218c762e1c066cb8,工艺因素,非密-第二类危险源分析.docx
HFSUB_3be740fba9158966a7be,2,2.7,物料位置异常,HFMAJ_9a17218c762e1c066cb8,工艺因素,非密-第二类危险源分析.docx
HFSUB_2fc0f1936aef3818e581,2,2.8,载荷异常,HFMAJ_9a17218c762e1c066cb8,工艺因素,非密-第二类危险源分析.docx
HFSUB_ecab1e5aaa25c691327d,2,2.9,搅拌异常,HFMAJ_9a17218c762e1c066cb8,工艺因素,非密-第二类危险源分析.docx
HFSUB_3714c0ce37203cc71bfb,2,3.1,结构与机械损坏,HFMAJ_eda5f1799cdc84fdcdd1,设备设施因素,非密-第二类危险源分析.docx
HFSUB_20ead840a6ca05e6e7bf,2,3.2,开关启闭故障,HFMAJ_eda5f1799cdc84fdcdd1,设备设施因素,非密-第二类危险源分析.docx
HFSUB_bab52de02b4154d6915d,2,3.3,泄漏与堵塞故障,HFMAJ_eda5f1799cdc84fdcdd1,设备设施因素,非密-第二类危险源分析.docx
HFSUB_fa95053a6249e538276f,2,3.4,参数超限故障,HFMAJ_eda5f1799cdc84fdcdd1,设备设施因素,非密-第二类危险源分析.docx
HFSUB_3c28074b64bfde37fddc,2,3.5,运行工况异常,HFMAJ_eda5f1799cdc84fdcdd1,设备设施因素,非密-第二类危险源分析.docx
HFSUB_1477feb5a268ed2427af,2,3.6,其他,HFMAJ_eda5f1799cdc84fdcdd1,设备设施因素,非密-第二类危险源分析.docx
HFSUB_3499b2eea2406a3fc2e4,2,4.1,防雷,HFMAJ_8d88992a2c0922e80b45,环境因素,非密-第二类危险源分析.docx
HFSUB_4ebfdb13c2eb23794557,2,4.2,防静电,HFMAJ_8d88992a2c0922e80b45,环境因素,非密-第二类危险源分析.docx
HFSUB_e930598f29156dbc0cb9,2,4.3,电气设备,HFMAJ_8d88992a2c0922e80b45,环境因素,非密-第二类危险源分析.docx
HFSUB_83db26af498bfba0e958,2,4.4,作业环境,HFMAJ_8d88992a2c0922e80b45,环境因素,非密-第二类危险源分析.docx
HFSUB_a91de5fded2c4bf3cbd0,2,5.1,动火作业,HFMAJ_986fa84197623b562ab5,管理因素,非密-第二类危险源分析.docx
HFSUB_e2391b9e99add981cc97,2,5.2,消防管理,HFMAJ_986fa84197623b562ab5,管理因素,非密-第二类危险源分析.docx
HFSUB_ddaf83ad26dbf99c9fe3,2,5.3,特种设备管理,HFMAJ_986fa84197623b562ab5,管理因素,非密-第二类危险源分析.docx
HFSUB_0f6815b3d697d4b26861,2,5.4,安全管理,HFMAJ_986fa84197623b562ab5,管理因素,非密-第二类危险源分析.docx
