failure_mode_id,major_code,major_category,subcategory_code,subcategory,failure_mode,release_factor_raw,release_factor_count,evidence_id,source_doc,table_row,review_status
LOCHF_54a5d474db8b4d8d0251,1,人的因素,1.1,人员操作,违章操作,攀、坐不安全位置；物体存放不当；司机违章操作（未按规定线路行驶、行驶速度过快、物料搬运过程中启动转运车、转运车带病作业、车辆超速、剧烈颠簸或急转弯）；禁忌物混存混放；将废危险品（废药）混入普通垃圾内,5,EVHF_607d6474ffc5fb504036,非密-第二类危险源分析.docx,3,accepted
LOCHF_ff998036a81ecffad4c8,1,人的因素,1.1,人员操作,操作时间错误（包括操作时机、操作时长）,设备运转时修理、检查、调整、焊接、清扫等工作；操作时间过长，物料温度降低,2,EVHF_ea82c503034fbcf17eae,非密-第二类危险源分析.docx,4,accepted
LOCHF_3259beb33f62f3506c36,1,人的因素,1.1,人员操作,操作次序错误,加料顺序错误,1,EVHF_c743c60d1b9e553d327c,非密-第二类危险源分析.docx,5,accepted
LOCHF_1b1f0895431f1eead22d,1,人的因素,1.1,人员操作,操作力度错误,搬、抬、举、刮、翻、推、捅、卸、擦等操作行为过度；加料速度过快；人工动作过大,3,EVHF_0a9e52fff5b47473b825,非密-第二类危险源分析.docx,6,accepted
LOCHF_ad8b2ee2d390980714c9,1,人的因素,1.1,人员操作,操作对象错误,加料种类/规格错误,1,EVHF_afd65196b345ecaa6224,非密-第二类危险源分析.docx,7,accepted
LOCHF_71aa17d1d15288b4d93f,1,人的因素,1.1,人员操作,操作衔接错误,,0,EVHF_aae48b3dfe9897ae4437,非密-第二类危险源分析.docx,8,pending_review
LOCHF_1fb730c2b40bfb267153,1,人的因素,1.1,人员操作,操作不到位/操作不当,工具与料斗发生摩擦、撞击；布袋未固定扎紧导致脱落；称量质量有误；物料加入位置不符合要求；加入质量有误；残余压力未泄放；人员输入参数有误,7,EVHF_0a96e71082bd30be786d,非密-第二类危险源分析.docx,9,accepted
LOCHF_50d7f9272c59c84f4088,1,人的因素,1.1,人员操作,操作工具错误,使用不安全装置；手代替工具操作；操作工具材质不符合要求,3,EVHF_45a3aaf4f2f94c20502e,非密-第二类危险源分析.docx,10,accepted
LOCHF_5c4f52bd9775b83d3f7f,1,人的因素,1.1,人员操作,操作遗漏,未清理残药；未清理筛网；未清理粉尘；未清理阀门接口和管路等杂质；补料漏补；废药未及时入库,6,EVHF_0aea3545a1e0dd3482b1,非密-第二类危险源分析.docx,11,accepted
LOCHF_36bf3f9087156bba0db6,1,人的因素,1.2,人员协作,人员协作失误,吊索具未完全挂好就开动起重机；未固定好料斗就开动转运车,2,EVHF_a0b93a7784a25624690f,非密-第二类危险源分析.docx,12,accepted
LOCHF_ff5bf35c3cdd7fea384d,1,人的因素,1.3,其他,混入异物,作业过程中混入异物；物料未经磁选、过筛，含有异物,2,EVHF_9ddf82dcc64a27ed7d8a,非密-第二类危险源分析.docx,13,accepted
LOCHF_dc547b9d02758dc1754b,1,人的因素,1.3,其他,粘附含能物料,表面粘附粘合剂，未及时清理,1,EVHF_775b5ea6827ed8965603,非密-第二类危险源分析.docx,14,accepted
LOCHF_82ea34de1701b7ded1dd,1,人的因素,1.3,其他,安全防护不到位/失效/未开启,未穿戴防护用品；未固定在工装，或固定不稳、固定不牢；未开启局部除尘装置；固定装置失效,4,EVHF_b1eb1bad60885b85f9ea,非密-第二类危险源分析.docx,15,accepted
LOCHF_9ffec200589459a83794,2,工艺因素,2.1,温度异常,温度控制装置失效,温控器故障导致无法调节温度,1,EVHF_5637a6b71cd8780a662c,非密-第二类危险源分析.docx,17,accepted
LOCHF_6e1e1276b9076f06bb30,2,工艺因素,2.1,温度异常,温度传感器失效,测量值偏差或信号丢失,1,EVHF_4346d0ee7ba01222a614,非密-第二类危险源分析.docx,18,accepted
LOCHF_4b366841b3216e506706,2,工艺因素,2.1,温度异常,加热装置失控,加热功率持续输出造成超温,1,EVHF_e161998fb4196dd62655,非密-第二类危险源分析.docx,19,accepted
LOCHF_c81992913495f0d8877b,2,工艺因素,2.1,温度异常,冷却系统故障,冷却介质无法正常循环,1,EVHF_094555f3edae882dab69,非密-第二类危险源分析.docx,20,accepted
LOCHF_b11ea223b54c53a0509a,2,工艺因素,2.1,温度异常,温度分布不均,局部热点形成导致物料受热不均,1,EVHF_299048dcd3b50ac73aa3,非密-第二类危险源分析.docx,21,accepted
LOCHF_40bd0e14534bc863cfaa,2,工艺因素,2.1,温度异常,参数设置错误,温度设定值超出工艺要求,1,EVHF_03e4adcbf8934813dfdd,非密-第二类危险源分析.docx,22,accepted
LOCHF_9ef0963129716d1c1894,2,工艺因素,2.1,温度异常,换热器结垢堵塞,热交换能力降低,1,EVHF_fcf8876cddbce0468413,非密-第二类危险源分析.docx,23,accepted
LOCHF_5411bc8bb0bde9da4f25,2,工艺因素,2.1,温度异常,升温速率过快,局部热应力增大,1,EVHF_8ed976059b56d408ed9b,非密-第二类危险源分析.docx,24,accepted
LOCHF_2ea4963e5fbe989a832a,2,工艺因素,2.1,温度异常,升温速率过慢,工艺过程异常,1,EVHF_462bec4277b672a4554b,非密-第二类危险源分析.docx,25,accepted
LOCHF_915e362e24564e934572,2,工艺因素,2.1,温度异常,突然温升,热失控征兆,1,EVHF_11d19a443ce9f6b8bb5a,非密-第二类危险源分析.docx,26,accepted
LOCHF_ff9d8b7b5f3405e092d4,2,工艺因素,2.1,温度异常,突然降温,导致物料结晶、凝固或性能变化,1,EVHF_e386dc8655a5b294ad49,非密-第二类危险源分析.docx,27,accepted
LOCHF_6185f61c219714cb6178,2,工艺因素,2.2,冷却速率异常,冷却介质流量不足,管路堵塞或泵送能力下降,1,EVHF_d9603ea2c78fa9c48756,非密-第二类危险源分析.docx,28,accepted
LOCHF_110a9cef6ad8148643c2,2,工艺因素,2.2,冷却速率异常,冷却介质流量过大,冷却速度过快,1,EVHF_c07867e68aaa57a4be9a,非密-第二类危险源分析.docx,29,accepted
LOCHF_2a5bb39900a1b280b6a3,2,工艺因素,2.2,冷却速率异常,温度传感器失效,无法准确判断冷却状态,1,EVHF_eccafa91e45de05634b3,非密-第二类危险源分析.docx,30,accepted
LOCHF_e611bba4eff7a3dc1c22,2,工艺因素,2.2,冷却速率异常,冷却不均匀,不同区域降温速度不同,1,EVHF_9d8e173996a638fbbc2e,非密-第二类危险源分析.docx,31,accepted
LOCHF_47a2c9d65ddc20b563ff,2,工艺因素,2.2,冷却速率异常,冷却介质中断,冷却水、冷却风供应停止,1,EVHF_615dab0964bb1f96c43c,非密-第二类危险源分析.docx,32,accepted
LOCHF_2ce4531643774765263a,2,工艺因素,2.2,冷却速率异常,冷却控制系统故障,无法按设定速率降温,1,EVHF_f3639194dcbd640b9f42,非密-第二类危险源分析.docx,33,accepted
LOCHF_6a0fdbc6e73dedd565aa,2,工艺因素,2.2,冷却速率异常,冷却速率过快,导致物料开裂、析晶或应力集中,1,EVHF_ac4821af238e1178330b,非密-第二类危险源分析.docx,34,accepted
LOCHF_88100da5fdcfc52483e0,2,工艺因素,2.2,冷却速率异常,换热器结垢失效,换热效率降低,1,EVHF_6454ca9a77f4c1aab1d6,非密-第二类危险源分析.docx,35,accepted
LOCHF_188aab2daf93404ffb7a,2,工艺因素,2.3,压力异常,空压机运行失效,压缩空气供应不足,1,EVHF_826d205ecc6bd05cfb0b,非密-第二类危险源分析.docx,36,accepted
LOCHF_8a89da200f0fe87d7a57,2,工艺因素,2.3,压力异常,压力表不准确,指示失真导致误操作,1,EVHF_c7bd6ab01cf021967abf,非密-第二类危险源分析.docx,37,accepted
LOCHF_0cb73bd9d34977cd41cb,2,工艺因素,2.3,压力异常,阀门等连接处密封不严,造成压力泄漏,1,EVHF_781c04d46a258963a1f5,非密-第二类危险源分析.docx,38,accepted
LOCHF_736f344bc33244d66193,2,工艺因素,2.3,压力异常,密封圈老化损坏,造成压力泄漏,1,EVHF_698b91906a53bd1978d9,非密-第二类危险源分析.docx,39,accepted
LOCHF_8b9b07287b78d5e9937d,2,工艺因素,2.3,压力异常,工装破损漏气,系统无法维持设计压力,1,EVHF_f7af47b1c94184d18dd7,非密-第二类危险源分析.docx,40,accepted
LOCHF_a8d01d00b495e2c665c4,2,工艺因素,2.3,压力异常,调压阀故障,输出压力超限或不足,1,EVHF_c9e018202860f27054c4,非密-第二类危险源分析.docx,41,accepted
LOCHF_acd46394bed70da42f23,2,工艺因素,2.3,压力异常,排气系统堵塞,导致设备超压,1,EVHF_85d1be0d08b98cd4bb32,非密-第二类危险源分析.docx,42,accepted
LOCHF_b3a7e7e239eedc91aa57,2,工艺因素,2.3,压力异常,安全泄放装置失效,超压时无法及时泄压,1,EVHF_8ab8e0c8710aa1a992b4,非密-第二类危险源分析.docx,43,accepted
LOCHF_99d1ae334f768f049896,2,工艺因素,2.3,压力异常,压力释放不完全,系统残压存在,1,EVHF_c7dc799e824b4e16c818,非密-第二类危险源分析.docx,44,accepted
LOCHF_5ac99702daa181caefe6,2,工艺因素,2.3,压力异常,压力骤升,短时间内快速超压,1,EVHF_02d43f46e65f42e03f72,非密-第二类危险源分析.docx,45,accepted
LOCHF_c9e9d7b989c7f7cc446f,2,工艺因素,2.3,压力异常,压力骤降,系统失压,1,EVHF_7ea5d6fd8db1a44d2d53,非密-第二类危险源分析.docx,46,accepted
LOCHF_fcc64cfb2ce919cb3b83,2,工艺因素,2.3,压力异常,局部压力异常,管路或容器局部超压,1,EVHF_cfa83311b7d6ac541a8a,非密-第二类危险源分析.docx,47,accepted
LOCHF_c315bf50839f0063924b,2,工艺因素,2.3,压力异常,压力释放过快,产生冲击和扬尘,1,EVHF_44220d9a04afa1cf0170,非密-第二类危险源分析.docx,48,accepted
LOCHF_c640cc2aaf7cacdfea7b,2,工艺因素,2.3,压力异常,压力波动过大,工况不稳定,1,EVHF_9237bcc024df0e2dfcf0,非密-第二类危险源分析.docx,49,accepted
LOCHF_d3118d3e1459325b49c0,2,工艺因素,2.3,压力异常,压力联锁失效,异常状态下设备未停机,1,EVHF_455ec9b80683e255ba93,非密-第二类危险源分析.docx,50,accepted
LOCHF_c666e0317271cdfca1ac,2,工艺因素,2.4,真空度异常,真空泵故障停机,无法建立或维持真空环境,1,EVHF_b466815bc58563bd132a,非密-第二类危险源分析.docx,51,accepted
LOCHF_cf937b0929828760d4d0,2,工艺因素,2.4,真空度异常,真空泵抽气能力下降,泵体磨损、叶片损坏导致抽气效率降低,1,EVHF_2bd39b3db3a0408fa3bb,非密-第二类危险源分析.docx,52,accepted
LOCHF_d65b465b8d396d2cbc5d,2,工艺因素,2.4,真空度异常,真空管路泄漏,管路连接处松动、密封失效导致空气进入系统,1,EVHF_b7de039aec1d18a6e289,非密-第二类危险源分析.docx,53,accepted
LOCHF_5e98777bf4a646ec1972,2,工艺因素,2.4,真空度异常,真空阀门故障,阀门无法正常开启、关闭或调节,1,EVHF_58e9069294aa20e28d51,非密-第二类危险源分析.docx,54,accepted
LOCHF_688c85d479d28d7ed6a8,2,工艺因素,2.4,真空度异常,真空表失效,无法准确反映系统真空度,1,EVHF_ea8342446cf93fe9723b,非密-第二类危险源分析.docx,55,accepted
LOCHF_311ff62a36d45c5d33b0,2,工艺因素,2.4,真空度异常,冷凝器失效,蒸汽无法有效冷凝，影响真空系统抽气能力,1,EVHF_a31259a1a2e8c78f3843,非密-第二类危险源分析.docx,56,accepted
LOCHF_5155dc62fdc827c21c4d,2,工艺因素,2.4,真空度异常,工艺物料堵塞抽气口,抽气通道受阻，局部真空失效,1,EVHF_d35a4e59b990ad15bd77,非密-第二类危险源分析.docx,57,accepted
LOCHF_493a7fadaab5f5d14bc2,2,工艺因素,2.4,真空度异常,真空报警失效,异常真空状态未报警,1,EVHF_821e9ef60bf16e900fd4,非密-第二类危险源分析.docx,58,accepted
LOCHF_929d13cfa1579b85f961,2,工艺因素,2.4,真空度异常,真空联锁失效,未达到真空要求仍继续运行,1,EVHF_c70ac23fff211bb00569,非密-第二类危险源分析.docx,59,accepted
LOCHF_440e448603a670beaca1,2,工艺因素,2.4,真空度异常,参数设置错误,真空设定值超出工艺要求,1,EVHF_e92a7b041d65fcad7372,非密-第二类危险源分析.docx,60,accepted
LOCHF_ff27d171cb2ea7a3f2ee,2,工艺因素,2.4,真空度异常,误开进气阀,真空环境被破坏,1,EVHF_381ac9e4d172fd772b09,非密-第二类危险源分析.docx,61,accepted
LOCHF_f069854a43de34e82cc3,2,工艺因素,2.4,真空度异常,真空解除过快,造成压力冲击,1,EVHF_9e1ff59f83503aff670e,非密-第二类危险源分析.docx,62,accepted
LOCHF_8e97d8652c0ab8b580e6,2,工艺因素,2.4,真空度异常,真空度波动,真空状态不稳定,1,EVHF_c6a395b33a870ec5155f,非密-第二类危险源分析.docx,63,accepted
LOCHF_a3cb32195785f198b16e,2,工艺因素,2.5,流量异常,流量计失效,无法准确监测流量,1,EVHF_6669aff12601817f9188,非密-第二类危险源分析.docx,64,accepted
LOCHF_f1bb752e47903304dd61,2,工艺因素,2.5,流量异常,输送泵故障,物料输送量不足,1,EVHF_cb8f12d553eba24e616a,非密-第二类危险源分析.docx,65,accepted
LOCHF_02a5d3ca0dec96a100a1,2,工艺因素,2.5,流量异常,管路堵塞,物料沉积或异物堵塞导致流量降低,1,EVHF_25a6df471a876735a4bd,非密-第二类危险源分析.docx,66,accepted
LOCHF_e4ba7fd7ee8749d47d32,2,工艺因素,2.5,流量异常,阀门开度异常,导致流量偏离设定值,1,EVHF_3cae71893eb0bba1d5ff,非密-第二类危险源分析.docx,67,accepted
LOCHF_c13a90ce47206ff01419,2,工艺因素,2.5,流量异常,管路泄漏,介质损失导致实际流量不足,1,EVHF_3b7e6448ef0683c59a09,非密-第二类危险源分析.docx,68,accepted
LOCHF_0d56551f2801a35c8941,2,工艺因素,2.5,流量异常,自动控制系统故障,流量控制失效,1,EVHF_721b9768ca375d2a304a,非密-第二类危险源分析.docx,69,accepted
LOCHF_81b89b164c05c31303ef,2,工艺因素,2.5,流量异常,阀门卡滞,流量无法按要求调节,1,EVHF_f7b55cd0f85ea848d712,非密-第二类危险源分析.docx,70,accepted
LOCHF_b2c98d3f2edc60e72bed,2,工艺因素,2.5,流量异常,流量波动,输送过程不稳定,1,EVHF_aff97538e12909287000,非密-第二类危险源分析.docx,71,accepted
LOCHF_e27179991dfde44caac0,2,工艺因素,2.5,流量异常,流量过大,超出设计工况，引起冲击或超量投料,1,EVHF_d110faa1c09e52539a6a,非密-第二类危险源分析.docx,72,accepted
LOCHF_dacfb9bc5d5dc9f86039,2,工艺因素,2.5,流量异常,流量过小,无法满足工艺需求,1,EVHF_ae1fcd30236ccc2e32e5,非密-第二类危险源分析.docx,73,accepted
LOCHF_cbc20f7edae289b223ea,2,工艺因素,2.5,流量异常,流量中断,介质停止输送,1,EVHF_470c61fdcfb5a9f52022,非密-第二类危险源分析.docx,74,accepted
LOCHF_5fc6ec18ec9e7eee4831,2,工艺因素,2.5,流量异常,流量联锁失效,流量异常时未及时停机,1,EVHF_f60be342e8fac1cc48b9,非密-第二类危险源分析.docx,75,accepted
LOCHF_2c69fdd6eaffd9a438db,2,工艺因素,2.6,容器内料位异常,料位传感器失效,无法准确监测料位,1,EVHF_194d9e0c1f1d91a60bab,非密-第二类危险源分析.docx,76,accepted
LOCHF_5d1deaa73675c935490b,2,工艺因素,2.6,容器内料位异常,加料控制器失效,自动加料失控,1,EVHF_b20f1f85998c8fe1be6b,非密-第二类危险源分析.docx,77,accepted
LOCHF_cbe7ba5dc785d6f7e936,2,工艺因素,2.6,容器内料位异常,料仓观察窗口模糊或损坏,无法人工确认料位状态,1,EVHF_a4e8ef70115ad12b9c0d,非密-第二类危险源分析.docx,78,accepted
LOCHF_ccfa4e4e8888e2abcd05,2,工艺因素,2.6,容器内料位异常,架桥堵料,物料形成拱桥，实际料位与显示不符,1,EVHF_641fcbe5664540b868fe,非密-第二类危险源分析.docx,79,accepted
LOCHF_e3c01f00d395e1231711,2,工艺因素,2.6,容器内料位异常,料位报警失效,高低料位无法预警,1,EVHF_e50ea47150851fdfb879,非密-第二类危险源分析.docx,80,accepted
LOCHF_00573481724f5c91bc3a,2,工艺因素,2.6,容器内料位异常,过量加料,超出设备设计容量,1,EVHF_1e116051d824ad7f817c,非密-第二类危险源分析.docx,81,accepted
LOCHF_dd89ebcc5b8d035913ae,2,工艺因素,2.6,容器内料位异常,鼠洞效应,中部形成空穴导致虚假料位,1,EVHF_6e8ea4dc719a1031baf9,非密-第二类危险源分析.docx,82,accepted
LOCHF_99f9b22871c0f342f0b3,2,工艺因素,2.6,容器内料位异常,料位上升过快,存在静电、溢料风险,1,EVHF_8cc5b8fc1ad9075cf4a9,非密-第二类危险源分析.docx,83,accepted
LOCHF_1f967173ed61131dd4c4,2,工艺因素,2.6,容器内料位异常,料位下降过快,存在断料、冲击风险,1,EVHF_d76940a4c11355dc38e7,非密-第二类危险源分析.docx,84,accepted
LOCHF_4a2678e6d80e5873325b,2,工艺因素,2.6,容器内料位异常,料位不均匀,形成偏载或局部堆积,1,EVHF_a46c398c93ec74ee2ef3,非密-第二类危险源分析.docx,85,accepted
LOCHF_562c38898db80dbb5fcf,2,工艺因素,2.6,容器内料位异常,残料积存,容器底部或死角物料滞留,1,EVHF_f4cad4442a5328b8dfb5,非密-第二类危险源分析.docx,86,accepted
LOCHF_32250a3a57160897434e,2,工艺因素,2.6,容器内料位异常,料位联锁失效,料位异常时设备未自动停机,1,EVHF_3df6c0d3a26c915bd134,非密-第二类危险源分析.docx,87,accepted
LOCHF_daeb2e10e96bd14d6575,2,工艺因素,2.7,物料位置异常,工装定位失准,工装安装偏移导致物料位置异常,1,EVHF_6844ccfa11da90bdece3,非密-第二类危险源分析.docx,88,accepted
LOCHF_e5152ec958991964450b,2,工艺因素,2.7,物料位置异常,定位销磨损或损坏,定位功能失效,1,EVHF_a588bb64793d772f9ff0,非密-第二类危险源分析.docx,89,accepted
LOCHF_c4edd3d3c14654f00a4a,2,工艺因素,2.7,物料位置异常,定位传感器失效,无法准确识别位置,1,EVHF_c8f86912dabdb06af254,非密-第二类危险源分析.docx,90,accepted
LOCHF_913ef37be253cea03388,2,工艺因素,2.7,物料位置异常,夹具松动,物料在转移或加工过程中发生位移,1,EVHF_d5adad3a983577a151ae,非密-第二类危险源分析.docx,91,accepted
LOCHF_ca0e3bbcc9036a0b0ea7,2,工艺因素,2.7,物料位置异常,输送机构偏移,导致物料运行轨迹异常,1,EVHF_67234f3950dea5e3bbc8,非密-第二类危险源分析.docx,92,accepted
LOCHF_3016abea49ee175d3177,2,工艺因素,2.7,物料位置异常,导轨磨损,造成物料运动偏移,1,EVHF_7457aaf20335ed1c20fc,非密-第二类危险源分析.docx,93,accepted
LOCHF_fa461e8feaf522bc902b,2,工艺因素,2.7,物料位置异常,料盘或托架变形,物料摆放位置改变,1,EVHF_caf4bf67e65bb6ca1037,非密-第二类危险源分析.docx,94,accepted
LOCHF_c2797ed7e4eff269b265,2,工艺因素,2.7,物料位置异常,自动抓取偏差,机械手抓取位置错误,1,EVHF_8f212eae8a870041912a,非密-第二类危险源分析.docx,95,accepted
LOCHF_867d288680615c774d8a,2,工艺因素,2.7,物料位置异常,放置位置错误,物料未放置到指定工位,1,EVHF_e51b71806f60efaa565b,非密-第二类危险源分析.docx,96,accepted
LOCHF_663c424974e6a5f0af68,2,工艺因素,2.7,物料位置异常,输送节拍异常,导致物料错位,1,EVHF_fc5d8353a2f8592ac946,非密-第二类危险源分析.docx,97,accepted
LOCHF_8d9dfc002f08b2d0f1f8,2,工艺因素,2.7,物料位置异常,物料掉落,从工装、输送装置或吊具脱落,1,EVHF_b10333d10c37884b9d74,非密-第二类危险源分析.docx,98,accepted
LOCHF_470779c0fd07a4ae5a71,2,工艺因素,2.8,载荷异常,超载运行,超出设备设计负荷,1,EVHF_3ce3e203729333ffc79a,非密-第二类危险源分析.docx,99,accepted
LOCHF_ba2223635b89feaedc27,2,工艺因素,2.8,载荷异常,载荷传感器失效,无法准确监测负荷,1,EVHF_5d2257d66647dbd2feef,非密-第二类危险源分析.docx,100,accepted
LOCHF_c2874acb610f25bfa7ab,2,工艺因素,2.8,载荷异常,载荷分布不均,导致局部受力集中,1,EVHF_0def88932a19f68d656d,非密-第二类危险源分析.docx,101,accepted
LOCHF_872ef013e742bcc865a5,2,工艺因素,2.8,载荷异常,机械卡滞,瞬时载荷急剧增大,1,EVHF_8fa4be301c7df3832f16,非密-第二类危险源分析.docx,102,accepted
LOCHF_1b7b32f882070e20af13,2,工艺因素,2.8,载荷异常,长期疲劳运行,导致结构损伤累积,1,EVHF_10ead3a3c5c06e3ba3dd,非密-第二类危险源分析.docx,103,accepted
LOCHF_fada2bc5cb8fe580b502,2,工艺因素,2.8,载荷异常,瞬时冲击载荷过大,启停、碰撞等导致载荷突增,1,EVHF_d2fc6112f6804f379136,非密-第二类危险源分析.docx,104,accepted
LOCHF_f81eac2b643df1a37891,2,工艺因素,2.8,载荷异常,工装安装偏斜,导致受力不均匀,1,EVHF_a1e35b01317d863bdacc,非密-第二类危险源分析.docx,105,accepted
LOCHF_304c7b636afc64ca9f3d,2,工艺因素,2.8,载荷异常,夹具松动,载荷传递异常,1,EVHF_d200661417a3b87a6520,非密-第二类危险源分析.docx,106,accepted
LOCHF_cbce368d765d5f2bc5fc,2,工艺因素,2.8,载荷异常,结构件变形,导致受力状态改变,1,EVHF_4f368196990bb20feb52,非密-第二类危险源分析.docx,107,accepted
LOCHF_e5dea2357fb8f5c0096e,2,工艺因素,2.8,载荷异常,控制参数设置错误,施加载荷超过工艺要求,1,EVHF_5f5e0d14be0240f2f24b,非密-第二类危险源分析.docx,108,accepted
LOCHF_6928244546a3cc4d7cf3,2,工艺因素,2.9,搅拌异常,搅拌电机故障,无法正常驱动搅拌,1,EVHF_8154802f49cd0d8e9ce2,非密-第二类危险源分析.docx,109,accepted
LOCHF_0660bdf90204d5e7e620,2,工艺因素,2.9,搅拌异常,搅拌桨断裂变形,搅拌效果下降，产生摩擦、冲击,1,EVHF_c7774ca510c0d946ac8d,非密-第二类危险源分析.docx,110,accepted
LOCHF_84dedb9024971c076750,2,工艺因素,2.9,搅拌异常,搅拌桨叶断裂变形,搅拌能力下降或产生异物，造成摩擦、冲击,1,EVHF_70770e80f5e8b32f8c1c,非密-第二类危险源分析.docx,111,accepted
LOCHF_d58c4d852b30c28bc81d,2,工艺因素,2.9,搅拌异常,搅拌转速异常,偏离工艺要求,1,EVHF_8a588a516b512d0ed88d,非密-第二类危险源分析.docx,112,accepted
LOCHF_fca27234a42c87e68147,2,工艺因素,2.9,搅拌异常,搅拌时间不足,混合不均匀,1,EVHF_4954d3d747c146fe8b2e,非密-第二类危险源分析.docx,113,accepted
LOCHF_8162a513c1b8b6f81a4d,2,工艺因素,2.9,搅拌异常,搅拌时间过长,可能引起升温或物料性能变化,1,EVHF_a0de9920da827209e085,非密-第二类危险源分析.docx,114,accepted
LOCHF_c389f49deb7a563faa76,2,工艺因素,2.9,搅拌异常,搅拌轴偏心振动,增加机械摩擦和冲击风险,1,EVHF_364bcf9a46fb29d7ece6,非密-第二类危险源分析.docx,115,accepted
LOCHF_310309f160d82ea816f6,2,工艺因素,2.9,搅拌异常,搅拌方向错误,混合效果下降,1,EVHF_fa48ba379e7391b9e763,非密-第二类危险源分析.docx,116,accepted
LOCHF_33a78b50577f55d3fe43,2,工艺因素,2.9,搅拌异常,变频器故障,转速失控或波动,1,EVHF_a8612584303759332f57,非密-第二类危险源分析.docx,117,accepted
LOCHF_26d7c647c51831d08971,2,工艺因素,2.9,搅拌异常,密封失效,物料泄漏或外界介质进入,1,EVHF_a9a7668dc1ca535ef857,非密-第二类危险源分析.docx,118,accepted
LOCHF_b603659003a4035dc887,2,工艺因素,2.9,搅拌异常,自动控制系统故障,无法按设定工艺运行,1,EVHF_578e9e0b5b5d67dcbd61,非密-第二类危险源分析.docx,119,accepted
LOCHF_8a310762ba8651d2dc18,2,工艺因素,2.9,搅拌异常,搅拌负荷异常增大,物料结块或堵塞,1,EVHF_e707018d7ae55add01ed,非密-第二类危险源分析.docx,120,accepted
LOCHF_1b7ffde716bc2558edb5,2,工艺因素,2.9,搅拌异常,轴承损坏,产生异常振动和摩擦,1,EVHF_74505abde678bead9e29,非密-第二类危险源分析.docx,121,accepted
LOCHF_9772679d25bd163030a1,2,工艺因素,2.10,进刀量异常,刀具材质选择错误,使用发火材质刀具，增加火花产生风险,1,EVHF_9c5dda97728e6d2b1fad,非密-第二类危险源分析.docx,122,accepted
LOCHF_1de1daa127029b3aa277,2,工艺因素,2.10,进刀量异常,进给机构故障,无法控制切削深度,1,EVHF_961cc97220c035ff473b,非密-第二类危险源分析.docx,123,accepted
LOCHF_3892436155c570fb00c1,2,工艺因素,2.10,进刀量异常,位置控制失效,进刀量超限,1,EVHF_7b978ba59b671dd2b00e,非密-第二类危险源分析.docx,124,accepted
LOCHF_43a2aca7c008038181e9,2,工艺因素,2.10,进刀量异常,限位装置失效,超程运行,1,EVHF_e9bf37410b7caf617154,非密-第二类危险源分析.docx,125,accepted
LOCHF_b67a6a673ef5fd2dcbb5,2,工艺因素,2.10,进刀量异常,刀具磨损,实际加工量发生偏差,1,EVHF_2508d91af2bb1bac2655,非密-第二类危险源分析.docx,126,accepted
LOCHF_2fdae8df74f9bbeabca6,2,工艺因素,2.10,进刀量异常,程序参数设置错误,进刀速度或深度异常,1,EVHF_cae317944bbe7e4debc3,非密-第二类危险源分析.docx,127,accepted
LOCHF_145258fae8bc0acfff33,2,工艺因素,2.10,进刀量异常,伺服系统故障,进给位置控制失准,1,EVHF_928f23cabdb578c0982c,非密-第二类危险源分析.docx,128,accepted
LOCHF_1c63a2e343a0882cc3d4,2,工艺因素,2.10,进刀量异常,编码器故障,进给位移测量错误,1,EVHF_5e78e08576a1db83aa22,非密-第二类危险源分析.docx,129,accepted
LOCHF_2fdae8df74f9bbeabca6,2,工艺因素,2.10,进刀量异常,程序参数设置错误,设定进刀量超出工艺要求,1,EVHF_fa1097849328790f770f,非密-第二类危险源分析.docx,130,accepted
LOCHF_1a1321ad2b9117dfe125,2,工艺因素,2.10,进刀量异常,导轨磨损,运动轨迹偏移,1,EVHF_367ea84792f65524646a,非密-第二类危险源分析.docx,131,accepted
LOCHF_9b10f7f372fcacd7e2d7,2,工艺因素,2.10,进刀量异常,异物进入导轨,影响进给精度,1,EVHF_726e8271005c1de3e271,非密-第二类危险源分析.docx,132,accepted
LOCHF_96fae047f375299c4fda,2,工艺因素,2.10,进刀量异常,刀具安装松动,实际进刀深度变化,1,EVHF_75c9a069844aeb56b6eb,非密-第二类危险源分析.docx,133,accepted
LOCHF_d27d9258c2fcb65df4a5,2,工艺因素,2.10,进刀量异常,进刀量过大,切削载荷和摩擦热增加,1,EVHF_32eca3b71981f0be79fb,非密-第二类危险源分析.docx,134,accepted
LOCHF_bc8984a0ce25400d6853,2,工艺因素,2.10,进刀量异常,进刀量过小,刀具与工件持续摩擦,1,EVHF_971dccd1f6dbe32c17c4,非密-第二类危险源分析.docx,135,accepted
LOCHF_800350d5b17b385e61a8,2,工艺因素,2.10,进刀量异常,进刀量波动,加工过程不稳定,1,EVHF_e21c55b41c8239e84752,非密-第二类危险源分析.docx,136,accepted
LOCHF_9a115110432354dfa09f,2,工艺因素,2.10,进刀量异常,进刀速度过快,冲击载荷增大,1,EVHF_ef8a725a66910ce2265e,非密-第二类危险源分析.docx,137,accepted
LOCHF_702f07f37027452aa9bb,2,工艺因素,2.10,进刀量异常,进刀速度过慢,摩擦时间延长,1,EVHF_1ac15bf1255bdb8a2a7e,非密-第二类危险源分析.docx,138,accepted
LOCHF_a3695d445be92c295cc3,2,工艺因素,2.10,进刀量异常,突然进刀,产生机械冲击,1,EVHF_db9d55427f74c191d8ea,非密-第二类危险源分析.docx,139,accepted
LOCHF_fb1588cc4f8cc5ed9a00,2,工艺因素,2.10,进刀量异常,无法退刀,刀具持续接触工件,1,EVHF_91151835434e50af47ad,非密-第二类危险源分析.docx,140,accepted
LOCHF_af1cb015d88337cfdab6,2,工艺因素,2.10,进刀量异常,退刀异常,造成刮擦或碰撞,1,EVHF_fdf9fb58b6b71f28c48d,非密-第二类危险源分析.docx,141,accepted
LOCHF_609cf453a040d153d1f0,2,工艺因素,2.10,进刀量异常,联锁保护失效,异常进刀时设备未停机,1,EVHF_611bcd5b1573bdfdba0c,非密-第二类危险源分析.docx,142,accepted
LOCHF_9cac2a8f252fab13ca71,2,工艺因素,2.11,转速异常,电机调速器故障,转速无法稳定控制,1,EVHF_9ce5b30934787a5d9779,非密-第二类危险源分析.docx,143,accepted
LOCHF_542bbaf583b36f6e9175,2,工艺因素,2.11,转速异常,编码器失效,转速反馈错误,1,EVHF_000b2389095759b68fe8,非密-第二类危险源分析.docx,144,accepted
LOCHF_f854960ca3a621450d68,2,工艺因素,2.11,转速异常,传动机构打滑,实际转速降低,1,EVHF_58dd6ab533b2aabfd25f,非密-第二类危险源分析.docx,145,accepted
LOCHF_4197d241a237a09425cc,2,工艺因素,2.11,转速异常,转速过高,导致摩擦热和机械冲击增加,1,EVHF_33258b5d2a8fd711c7b7,非密-第二类危险源分析.docx,146,accepted
LOCHF_43bcb3a6dad9bdf45222,2,工艺因素,2.11,转速异常,转速过低,影响工艺质量和生产效率,1,EVHF_71e5a79f9cfd66069318,非密-第二类危险源分析.docx,147,accepted
LOCHF_f8ebf540441aa8358e29,2,工艺因素,2.11,转速异常,变频器故障,输出频率异常导致转速波动,1,EVHF_9d1d7ba91be47bea23b2,非密-第二类危险源分析.docx,148,accepted
LOCHF_626385dc353b7d4b01fa,2,工艺因素,2.11,转速异常,皮带打滑,实际转速低于设定值,1,EVHF_0036de675c2991144a78,非密-第二类危险源分析.docx,149,accepted
LOCHF_a78d39b361145cb2a44a,2,工艺因素,2.11,转速异常,齿轮磨损,转速传递偏差,1,EVHF_bfd05d93910b923239be,非密-第二类危险源分析.docx,150,accepted
LOCHF_a39f4e72aef644404df7,2,工艺因素,2.11,转速异常,机械卡滞,转速骤降甚至停转,1,EVHF_56a50e80cdaeddb5bb64,非密-第二类危险源分析.docx,151,accepted
LOCHF_06d19066fffc16879330,2,工艺因素,2.11,转速异常,突然加速,产生冲击载荷,1,EVHF_1d74333f872ffd5066e3,非密-第二类危险源分析.docx,152,accepted
LOCHF_c46512caef439a97c5ea,2,工艺因素,2.11,转速异常,启停频繁,增加机械冲击和疲劳损伤,1,EVHF_26528929f379c4fbcb77,非密-第二类危险源分析.docx,153,accepted
LOCHF_8fbf4e2c0d177f5e0aab,2,工艺因素,2.11,转速异常,联锁保护失效,超速状态未及时停机,1,EVHF_e369416dbc3a04f269d8,非密-第二类危险源分析.docx,154,accepted
LOCHF_ba2ed0336b9a54c6064e,3,设备设施因素,3.1,结构与机械损坏,结构破损/断裂,设备壳体、轴类、支架、焊缝开裂、断裂、碎裂，结构完整性失效,1,EVHF_811ff57eaf83bccda9d1,非密-第二类危险源分析.docx,156,accepted
LOCHF_c898083dacb02eac4a07,3,设备设施因素,3.1,结构与机械损坏,卡死/卡滞,运动部件卡涩、抱死，无法正常移动、转动、往复动作,1,EVHF_a04a630c3bb0098d538a,非密-第二类危险源分析.docx,157,accepted
LOCHF_1440dfed19d3ee8abac2,3,设备设施因素,3.1,结构与机械损坏,异常振动,设备或部件振幅超标、共振、抖动，运行平稳性劣化,1,EVHF_d2e2f8ec986c392fe124,非密-第二类危险源分析.docx,158,accepted
LOCHF_9a3c4fcdd95f3f00862a,3,设备设施因素,3.1,结构与机械损坏,位置偏移,工位、行程、基准位置跑偏，无法保持设定安装/运行位置,1,EVHF_a23b3c3bad2b4ee206ef,非密-第二类危险源分析.docx,159,accepted
LOCHF_047fc59f6d08dd63961c,3,设备设施因素,3.1,结构与机械损坏,异常变形,部件发生弯曲、扭曲、拉伸等塑性变形，尺寸超差,1,EVHF_b6a636d0367634e88353,非密-第二类危险源分析.docx,160,accepted
LOCHF_9d490c668bda6bda7962,3,设备设施因素,3.1,结构与机械损坏,磨损剥落,配合面磨耗、点蚀、表层起皮、剥落，配合间隙异常变大,1,EVHF_9e8cb647a8063d5743c4,非密-第二类危险源分析.docx,161,accepted
LOCHF_dac8a14586a80d96c992,3,设备设施因素,3.1,结构与机械损坏,锈蚀腐蚀,介质腐蚀、电化学生锈、氧化起皮，部件材质劣化,1,EVHF_3187d9c3886bc5622297,非密-第二类危险源分析.docx,162,accepted
LOCHF_575ebc0f9ef175223a69,3,设备设施因素,3.2,开关启闭故障,无法开启,接收启动指令后设备、阀门、回路无法打开、无法启动,1,EVHF_2d0108c8d9573e48e91d,非密-第二类危险源分析.docx,163,accepted
LOCHF_d652fadae7be79cba1fd,3,设备设施因素,3.2,开关启闭故障,无法关闭,停机、关断指令无效，设备无法停止、阀门无法回位,1,EVHF_3beabfd7a8c65579dfef,非密-第二类危险源分析.docx,164,accepted
LOCHF_8207559ea290cc2ecaec,3,设备设施因素,3.2,开关启闭故障,误开启,无操作指令、无触发条件，设备自行启动、意外动作,1,EVHF_24cf545d2a6d63c94a5c,非密-第二类危险源分析.docx,165,accepted
LOCHF_7a0c4e1d8bb57372327f,3,设备设施因素,3.2,开关启闭故障,误关闭,正常运行工况下无故跳闸、停机、阀门意外关闭,1,EVHF_1a2fe48555266322c660,非密-第二类危险源分析.docx,166,accepted
LOCHF_509db61b23eccde79c4f,3,设备设施因素,3.2,开关启闭故障,切换失灵,档位、回路、工况切换卡滞、不切换、切换不到位,1,EVHF_7d634248fe2b11fb03f2,非密-第二类危险源分析.docx,167,accepted
LOCHF_b520042300f75bc92d05,3,设备设施因素,3.2,开关启闭故障,提前动作,未达到设定温度、压力、时间条件，设备提前启停动作,1,EVHF_e2befad44684e20b7b19,非密-第二类危险源分析.docx,168,accepted
LOCHF_6affc989e0a1cc4f68e3,3,设备设施因素,3.2,开关启闭故障,滞后动作,接收指令后响应延迟，启停、切换动作迟缓,1,EVHF_310b0cec2eda9b2142ca,非密-第二类危险源分析.docx,169,accepted
LOCHF_a8da17d64442aca0a8cd,3,设备设施因素,3.3,泄漏与堵塞故障,内部泄漏,阀腔、密封、腔体内部窜压、窜料，内漏超标,1,EVHF_2382db9c174e1d1cc3bd,非密-第二类危险源分析.docx,170,accepted
LOCHF_893ab4e4d19f3bd49446,3,设备设施因素,3.3,泄漏与堵塞故障,外部泄漏,漏油、漏水、漏气、漏物料，介质向外渗漏,1,EVHF_e1488293a72dcc9b3b05,非密-第二类危险源分析.docx,171,accepted
LOCHF_58d2c3d44652465ec006,3,设备设施因素,3.3,泄漏与堵塞故障,管路堵塞,管道、滤网、流道积垢、堵料，介质流通不畅,1,EVHF_c65ae413070f6d7cc94c,非密-第二类危险源分析.docx,172,accepted
LOCHF_a034279aec77f598934a,3,设备设施因素,3.3,泄漏与堵塞故障,气堵/气阻,管路腔体积气，造成断流、压力不稳、输送中断,1,EVHF_891aa50a1d8b7d726207,非密-第二类危险源分析.docx,173,accepted
LOCHF_e0215910bff1ae5205d0,3,设备设施因素,3.3,泄漏与堵塞故障,节流异常,通径变小、局部缩流，流量、输送能力无故下降,1,EVHF_43c79b6eeb316de7778b,非密-第二类危险源分析.docx,174,accepted
LOCHF_f592275fa38e7df963c4,3,设备设施因素,3.4,参数超限故障,参数超上限,压力、温度、转速、电流、电压等运行参数高于额定上限,1,EVHF_e50eb2444493a88a52db,非密-第二类危险源分析.docx,175,accepted
LOCHF_1958ff63e5a3ef90e7e7,3,设备设施因素,3.4,参数超限故障,参数超下限,压力、流量、出力、转速等关键参数低于额定下限,1,EVHF_f55c50b52fa00c7938bf,非密-第二类危险源分析.docx,176,accepted
LOCHF_f9d231bfc2e6f4a4dff8,3,设备设施因素,3.4,参数超限故障,输入偏大,进料、供电、供气、供液输入量超出工艺允许范围,1,EVHF_a0e399a809734b9bf0a4,非密-第二类危险源分析.docx,177,accepted
LOCHF_deca3e64bfa9f721c56e,3,设备设施因素,3.4,参数超限故障,输入偏小,能源、物料、气源供给不足，低于工艺最低需求,1,EVHF_36d46d73fc28ece39f6b,非密-第二类危险源分析.docx,178,accepted
LOCHF_9e92e0fe88bbdfd8d6a5,3,设备设施因素,3.4,参数超限故障,过热超温,轴承、电机绕组、腔体、元器件异常升温、超温报警,1,EVHF_76dda8bb6bc21b884e79,非密-第二类危险源分析.docx,179,accepted
LOCHF_8a2b5a80b4dfa8a62794,3,设备设施因素,3.4,参数超限故障,仪表错指示,传感器、压力表、数显仪表示数失真、虚高虚低、误报警,1,EVHF_3d7dfc3062f232570b76,非密-第二类危险源分析.docx,180,accepted
LOCHF_c008a6bda7b434d47af4,3,设备设施因素,3.5,运行工况异常,间歇故障,故障偶发、时好时坏，间断性停机、失效、动作异常,1,EVHF_9a340b767ce325c872e1,非密-第二类危险源分析.docx,181,accepted
LOCHF_f3aeca2b9a4fc722a4b5,3,设备设施因素,3.5,运行工况异常,漂移失稳,运行参数缓慢偏移，工况持续劣化，精度逐步下降,1,EVHF_949377867e131a02a02b,非密-第二类危险源分析.docx,182,accepted
LOCHF_249f366e77df58d167c3,3,设备设施因素,3.5,运行工况异常,意外自运行,停机待机状态下设备自行运转、自行加载,1,EVHF_db5945c6259b9e5b2a6f,非密-第二类危险源分析.docx,183,accepted
LOCHF_89267cfb8c929bf19ad0,3,设备设施因素,3.5,运行工况异常,输出紊乱,转速、流量、出力忽高忽低，运行波动剧烈,1,EVHF_c71240af4c361dd87c23,非密-第二类危险源分析.docx,184,accepted
LOCHF_0d629c7fe15c85e6f762,3,设备设施因素,3.5,运行工况异常,异响噪音,出现摩擦、撞击、啸叫、异振等非正常运行声响,1,EVHF_f8dd3a3a995a0b9e36a1,非密-第二类危险源分析.docx,185,accepted
LOCHF_676226ec9353cdd583d5,3,设备设施因素,3.5,运行工况异常,电气绝缘故障（绝缘劣化）,电气部件绝缘层老化、破损，绝缘电阻下降、漏电隐患,1,EVHF_4c4f2bf8ac954acb206c,非密-第二类危险源分析.docx,186,accepted
LOCHF_6da1f969cda2093037e7,3,设备设施因素,3.5,运行工况异常,电气绝缘故障（短路/开路）,线路、元器件断路、短路、击穿，回路失效,1,EVHF_bd7d27d242a7ac5e3751,非密-第二类危险源分析.docx,187,accepted
LOCHF_64398462057757b32b6e,3,设备设施因素,3.5,运行工况异常,整机性能故障（性能衰退）,设备整体效率、出力、精度长期下降，达不到额定工况,1,EVHF_986dd79429ae455e6e46,非密-第二类危险源分析.docx,188,accepted
LOCHF_0398b8fde993dfd913a9,3,设备设施因素,3.6,其他,设备选用不当,采用本质安全水平较低的设备设施，如阀门种类选用不当,1,EVHF_b648a9c4338647bb3740,非密-第二类危险源分析.docx,189,accepted
LOCHF_72146974633980faf0a2,4,环境因素,4.1,防雷,防雷设施失效,"工房未设置防雷设施或防雷设施未经检验；
工房未做等电位连接或失效；
工房防雷设施损坏或设计缺陷；
工房防直击雷击电阻超标；
防感应雷接地电阻超标",5,EVHF_c5b2e7766c913548e250,非密-第二类危险源分析.docx,191,accepted
LOCHF_181b0c9f35c025848289,4,环境因素,4.2,防静电,防静电护具失效,防静电护具缺失；防静电护具损坏,2,EVHF_328a3f8d51407df3213c,非密-第二类危险源分析.docx,192,accepted
LOCHF_c1d75da6b7bd2e3235b5,4,环境因素,4.2,防静电,未正确穿戴防静电护具,未正确穿戴防静电鞋服等防静电护具,1,EVHF_a0a3cb07d6e8d55466ab,非密-第二类危险源分析.docx,193,accepted
LOCHF_d13a7d6747c69dc6bd4a,4,环境因素,4.2,防静电,人体静电释放装置失效/人体综合电阻检测装置失效,"人体静电释放装置缺失；
人体静电释放装置失效或人体综合电阻检测装置失效",2,EVHF_111f6fe6c81bed9e4cab,非密-第二类危险源分析.docx,194,accepted
LOCHF_5fbfb5fb671dc8fef93f,4,环境因素,4.2,防静电,接地电阻不合格,接地不良；接地连接点松动、锈蚀，导致接触电阻增大,2,EVHF_1a737c850bcf6ceee280,非密-第二类危险源分析.docx,195,accepted
LOCHF_8c8469d1888fc09acc2f,4,环境因素,4.2,防静电,接地线接地不规范、不牢固,"接地线线径过细或材质不符合要求；
接地连接点未采取防松、防锈措施",2,EVHF_87beb3ed85460cc6186c,非密-第二类危险源分析.docx,196,accepted
LOCHF_f1f78bdb5c87bcbd0c74,4,环境因素,4.2,防静电,工作台防静电胶板污染,未定期维护或维护不当防静电胶板,1,EVHF_ee0c0c50d6a0c6e68a5d,非密-第二类危险源分析.docx,197,accepted
LOCHF_2e637f2274c208a56374,4,环境因素,4.3,电气设备,设备、电气线路不符合防爆防尘要求,"设备、电气线路选型不符合防爆防尘要求；
电气线路保护、敷设不满足危险区域要求；
设备接地线缺失、断开或接地电阻超标，静电无法有效导出",3,EVHF_dcc493e4040650c0f70c,非密-第二类危险源分析.docx,198,accepted
LOCHF_9b9861248a2997148a3a,4,环境因素,4.3,电气设备,设备进出线管接口有缺陷,设备进出线管接口有破损、松动现象,1,EVHF_9b73b9db0c0a142085b9,非密-第二类危险源分析.docx,199,accepted
LOCHF_ab6a1eda37ba7d7fddaf,4,环境因素,4.4,作业环境,工艺平面布局不符合要求,工艺平面布局不符合GF/T-8要求,1,EVHF_b901de676f9273e5f7cb,非密-第二类危险源分析.docx,200,accepted
LOCHF_21a33eec120b83b03d49,4,环境因素,4.4,作业环境,定员定量不符合要求,超员超量,1,EVHF_e2015fcd088bdf5c9491,非密-第二类危险源分析.docx,201,accepted
LOCHF_0a15675b92b64d743dff,4,环境因素,4.4,作业环境,采光照明不良,灯具数量不足或功率选型过低；自然采光窗口被物料、设备遮挡；人工照明灯具损坏未及时更换,3,EVHF_0713d6b421b955b2576a,非密-第二类危险源分析.docx,202,accepted
LOCHF_1f88b94ce8b846030afb,4,环境因素,4.4,作业环境,阶梯和活动架缺陷,阶梯或活动架的扶手、护栏等防护设施缺失、高度不足或连接不牢固,1,EVHF_1537d1f0e4725dcd0a95,非密-第二类危险源分析.docx,203,accepted
LOCHF_6804c255a4ca2ffb07a1,4,环境因素,4.4,作业环境,工房温湿度不满足工艺要求,温湿度不在工艺要求范围内；温湿度监测仪表损坏或未校准,2,EVHF_b1b397f3a875c1f656b7,非密-第二类危险源分析.docx,204,accepted
LOCHF_e38fc01000e90a80b524,4,环境因素,4.4,作业环境,现场实物与定制图不一致,新增或临时搬运来的设备、物料、工装器具未按定置图划定的区域摆放,1,EVHF_613d757c426f4efafefe,非密-第二类危险源分析.docx,205,accepted
LOCHF_4269b99eee6d36cd1046,4,环境因素,4.4,作业环境,物流通道、安全通道不畅,"通道堵塞不畅；
安全出口门上锁、通道门开启方向错误或通道宽度被设备、管线占用",2,EVHF_3107752013f815e5cacc,非密-第二类危险源分析.docx,206,accepted
LOCHF_5dc4324abfb1621cf303,4,环境因素,4.4,作业环境,通风除尘设施缺陷或未正常投入使用,通风除尘不良；通风除尘设施损坏、故障；未定期维护保养,3,EVHF_95f73df0fae0e2af42d3,非密-第二类危险源分析.docx,207,accepted
LOCHF_38978e5cd4fee87006f1,4,环境因素,4.4,作业环境,散药、浮药、余药、残药（“四药”）未清理,地面、台面、设备、工装、产品表面、辅助工具等处，四药清理不及时、不干净,1,EVHF_47035f5e674447ff45e4,非密-第二类危险源分析.docx,208,accepted
LOCHF_811233e8058fb094975c,4,环境因素,4.4,作业环境,检维修作业前存有危险物料,检维修作业前未彻底清理危险物料,1,EVHF_5e7b48b36cf708115953,非密-第二类危险源分析.docx,209,accepted
LOCHF_c0f9ea72ceca71cfb92f,5,管理因素,5.1,动火作业,审批流程不符合规范,"审批层级未达规定要求；
审批表内容不完整",2,EVHF_cb75573a365d8ea9583c,非密-第二类危险源分析.docx,211,accepted
LOCHF_9e7054e3d1aa05fd467e,5,管理因素,5.1,动火作业,作业人员资质问题,"特种作业人员证件已过期未复审；
人证不符；
外部相关方人员未经过入厂安全培训考核",3,EVHF_cec398b14a8d93aa6832,非密-第二类危险源分析.docx,212,accepted
LOCHF_7a0dbac31576ba148918,5,管理因素,5.1,动火作业,动火作业前，缺少清理危险物料方案,动火作业前，缺少针对物料特性、设备构造、生产现场实际制定的清理方案,1,EVHF_6d81d8973fc59294d70d,非密-第二类危险源分析.docx,213,accepted
LOCHF_512296b3460e35454c2e,5,管理因素,5.2,消防管理,消防设施不合格,消防设施压力不足、已过有效期或选型错误,1,EVHF_eebfb22308aa2636fb80,非密-第二类危险源分析.docx,214,accepted
LOCHF_36c44fe18e8ae42d8de9,5,管理因素,5.2,消防管理,消防设施缺失,"灭火器、消防栓及消防雨淋配置缺失；
功能标识缺失",2,EVHF_f1cb68ee760bd0ac4214,非密-第二类危险源分析.docx,215,accepted
LOCHF_f524ea733d8aa142af39,5,管理因素,5.3,特种设备管理,防爆叉车、起重设备等或配套设施不合格,"进入爆炸性危险区域作业，未更换防爆型车辆；
防爆设备上的防爆缺失；
特种设备的安全装置损坏或缺失",3,EVHF_aede8b56f95d33fc3958,非密-第二类危险源分析.docx,216,accepted
LOCHF_9a7ea532ce7ff70422b2,5,管理因素,5.3,特种设备管理,防爆叉车、起重机等操作人员资格证缺失,防爆叉车、起重机等操作人员无资格证、或资格证过有效期,1,EVHF_1764b4c32e0563007a62,非密-第二类危险源分析.docx,217,accepted
LOCHF_65a33e4e99891137d49e,5,管理因素,5.4,安全管理,应急管理缺陷,"事故应急预案缺陷；
应急预案培训不到位；
应急预案演练不规范；专项应急预案的审查、备案",4,EVHF_03f0f385ce2ff8629ea0,非密-第二类危险源分析.docx,218,accepted
LOCHF_36cd63d7a3e9700f9c2b,5,管理因素,5.4,安全管理,隐患排查治理不到位,"隐患排查频次不足；
已发现的隐患整改不彻底",2,EVHF_b25bd602ccdd3d202f9a,非密-第二类危险源分析.docx,219,accepted
LOCHF_9e9b2748884b3a4bc826,5,管理因素,5.4,安全管理,操作规程不完整、文实不符,新设备、新工艺投入使用后，未及时同步编制或修订操作规程,1,EVHF_b8ce8ff0521fe273c23c,非密-第二类危险源分析.docx,220,accepted
