release_factor_id,failure_mode_id,sequence_no,release_factor,major_category,subcategory,failure_mode,evidence_id,source_doc,table_row
HZFHF_e8caca754be5afb011de,LOCHF_54a5d474db8b4d8d0251,1,攀、坐不安全位置,人的因素,人员操作,违章操作,EVHF_607d6474ffc5fb504036,非密-第二类危险源分析.docx,3
HZFHF_d63a45b9cad0ec7aa249,LOCHF_54a5d474db8b4d8d0251,2,物体存放不当,人的因素,人员操作,违章操作,EVHF_607d6474ffc5fb504036,非密-第二类危险源分析.docx,3
HZFHF_b48ae9227bbc8ad86440,LOCHF_54a5d474db8b4d8d0251,3,司机违章操作（未按规定线路行驶、行驶速度过快、物料搬运过程中启动转运车、转运车带病作业、车辆超速、剧烈颠簸或急转弯）,人的因素,人员操作,违章操作,EVHF_607d6474ffc5fb504036,非密-第二类危险源分析.docx,3
HZFHF_5adb18bd7f3c1be44882,LOCHF_54a5d474db8b4d8d0251,4,禁忌物混存混放,人的因素,人员操作,违章操作,EVHF_607d6474ffc5fb504036,非密-第二类危险源分析.docx,3
HZFHF_a20ddfc5328c7c50b274,LOCHF_54a5d474db8b4d8d0251,5,将废危险品（废药）混入普通垃圾内,人的因素,人员操作,违章操作,EVHF_607d6474ffc5fb504036,非密-第二类危险源分析.docx,3
HZFHF_0e1f1ea9c162dfdbfd36,LOCHF_ff998036a81ecffad4c8,1,设备运转时修理、检查、调整、焊接、清扫等工作,人的因素,人员操作,操作时间错误（包括操作时机、操作时长）,EVHF_ea82c503034fbcf17eae,非密-第二类危险源分析.docx,4
HZFHF_d8591fa94a8ef20a93b0,LOCHF_ff998036a81ecffad4c8,2,操作时间过长，物料温度降低,人的因素,人员操作,操作时间错误（包括操作时机、操作时长）,EVHF_ea82c503034fbcf17eae,非密-第二类危险源分析.docx,4
HZFHF_5fe5952b8f4f3a7d0a25,LOCHF_3259beb33f62f3506c36,1,加料顺序错误,人的因素,人员操作,操作次序错误,EVHF_c743c60d1b9e553d327c,非密-第二类危险源分析.docx,5
HZFHF_2f8e9552010cbf0e9d35,LOCHF_1b1f0895431f1eead22d,1,搬、抬、举、刮、翻、推、捅、卸、擦等操作行为过度,人的因素,人员操作,操作力度错误,EVHF_0a9e52fff5b47473b825,非密-第二类危险源分析.docx,6
HZFHF_4762ded11ddbc8ad0ebc,LOCHF_1b1f0895431f1eead22d,2,加料速度过快,人的因素,人员操作,操作力度错误,EVHF_0a9e52fff5b47473b825,非密-第二类危险源分析.docx,6
HZFHF_ced1f0fc4abd37544b0f,LOCHF_1b1f0895431f1eead22d,3,人工动作过大,人的因素,人员操作,操作力度错误,EVHF_0a9e52fff5b47473b825,非密-第二类危险源分析.docx,6
HZFHF_24235e53770df98c0e3c,LOCHF_ad8b2ee2d390980714c9,1,加料种类/规格错误,人的因素,人员操作,操作对象错误,EVHF_afd65196b345ecaa6224,非密-第二类危险源分析.docx,7
HZFHF_2f9806ea0c7845f15432,LOCHF_1fb730c2b40bfb267153,1,工具与料斗发生摩擦、撞击,人的因素,人员操作,操作不到位/操作不当,EVHF_0a96e71082bd30be786d,非密-第二类危险源分析.docx,9
HZFHF_86a6179435daa62548c3,LOCHF_1fb730c2b40bfb267153,2,布袋未固定扎紧导致脱落,人的因素,人员操作,操作不到位/操作不当,EVHF_0a96e71082bd30be786d,非密-第二类危险源分析.docx,9
HZFHF_f71b5ef19ba94c620215,LOCHF_1fb730c2b40bfb267153,3,称量质量有误,人的因素,人员操作,操作不到位/操作不当,EVHF_0a96e71082bd30be786d,非密-第二类危险源分析.docx,9
HZFHF_0a208bac45291d83fe16,LOCHF_1fb730c2b40bfb267153,4,物料加入位置不符合要求,人的因素,人员操作,操作不到位/操作不当,EVHF_0a96e71082bd30be786d,非密-第二类危险源分析.docx,9
HZFHF_ff0df0b010922366bc1a,LOCHF_1fb730c2b40bfb267153,5,加入质量有误,人的因素,人员操作,操作不到位/操作不当,EVHF_0a96e71082bd30be786d,非密-第二类危险源分析.docx,9
HZFHF_2212fa76ff56662db456,LOCHF_1fb730c2b40bfb267153,6,残余压力未泄放,人的因素,人员操作,操作不到位/操作不当,EVHF_0a96e71082bd30be786d,非密-第二类危险源分析.docx,9
HZFHF_5e3cfa8ef34d43a4dd87,LOCHF_1fb730c2b40bfb267153,7,人员输入参数有误,人的因素,人员操作,操作不到位/操作不当,EVHF_0a96e71082bd30be786d,非密-第二类危险源分析.docx,9
HZFHF_837f65b0d4ea7e7687f2,LOCHF_50d7f9272c59c84f4088,1,使用不安全装置,人的因素,人员操作,操作工具错误,EVHF_45a3aaf4f2f94c20502e,非密-第二类危险源分析.docx,10
HZFHF_86049652845f1f06f3ce,LOCHF_50d7f9272c59c84f4088,2,手代替工具操作,人的因素,人员操作,操作工具错误,EVHF_45a3aaf4f2f94c20502e,非密-第二类危险源分析.docx,10
HZFHF_5740af5f0014cf38a8db,LOCHF_50d7f9272c59c84f4088,3,操作工具材质不符合要求,人的因素,人员操作,操作工具错误,EVHF_45a3aaf4f2f94c20502e,非密-第二类危险源分析.docx,10
HZFHF_1fd40fc21630be82381b,LOCHF_5c4f52bd9775b83d3f7f,1,未清理残药,人的因素,人员操作,操作遗漏,EVHF_0aea3545a1e0dd3482b1,非密-第二类危险源分析.docx,11
HZFHF_82b0917108e6c7023b5e,LOCHF_5c4f52bd9775b83d3f7f,2,未清理筛网,人的因素,人员操作,操作遗漏,EVHF_0aea3545a1e0dd3482b1,非密-第二类危险源分析.docx,11
HZFHF_4cebfa96c086fd3ce4b6,LOCHF_5c4f52bd9775b83d3f7f,3,未清理粉尘,人的因素,人员操作,操作遗漏,EVHF_0aea3545a1e0dd3482b1,非密-第二类危险源分析.docx,11
HZFHF_5a41bbd44cbf4dac0640,LOCHF_5c4f52bd9775b83d3f7f,4,未清理阀门接口和管路等杂质,人的因素,人员操作,操作遗漏,EVHF_0aea3545a1e0dd3482b1,非密-第二类危险源分析.docx,11
HZFHF_3fd93e73363087c15118,LOCHF_5c4f52bd9775b83d3f7f,5,补料漏补,人的因素,人员操作,操作遗漏,EVHF_0aea3545a1e0dd3482b1,非密-第二类危险源分析.docx,11
HZFHF_c1e0e997e4e8849e96dc,LOCHF_5c4f52bd9775b83d3f7f,6,废药未及时入库,人的因素,人员操作,操作遗漏,EVHF_0aea3545a1e0dd3482b1,非密-第二类危险源分析.docx,11
HZFHF_4f3c66f418ff9562ee80,LOCHF_36bf3f9087156bba0db6,1,吊索具未完全挂好就开动起重机,人的因素,人员协作,人员协作失误,EVHF_a0b93a7784a25624690f,非密-第二类危险源分析.docx,12
HZFHF_80528cb4a9dc45a9d107,LOCHF_36bf3f9087156bba0db6,2,未固定好料斗就开动转运车,人的因素,人员协作,人员协作失误,EVHF_a0b93a7784a25624690f,非密-第二类危险源分析.docx,12
HZFHF_a8e2e442584d9b021d9c,LOCHF_ff5bf35c3cdd7fea384d,1,作业过程中混入异物,人的因素,其他,混入异物,EVHF_9ddf82dcc64a27ed7d8a,非密-第二类危险源分析.docx,13
HZFHF_5134bb221769762bfd4e,LOCHF_ff5bf35c3cdd7fea384d,2,物料未经磁选、过筛，含有异物,人的因素,其他,混入异物,EVHF_9ddf82dcc64a27ed7d8a,非密-第二类危险源分析.docx,13
HZFHF_4120c8351d7f02994e61,LOCHF_dc547b9d02758dc1754b,1,表面粘附粘合剂，未及时清理,人的因素,其他,粘附含能物料,EVHF_775b5ea6827ed8965603,非密-第二类危险源分析.docx,14
HZFHF_593b496d9598538b1c94,LOCHF_82ea34de1701b7ded1dd,1,未穿戴防护用品,人的因素,其他,安全防护不到位/失效/未开启,EVHF_b1eb1bad60885b85f9ea,非密-第二类危险源分析.docx,15
HZFHF_c66f60f94671486f49a8,LOCHF_82ea34de1701b7ded1dd,2,未固定在工装，或固定不稳、固定不牢,人的因素,其他,安全防护不到位/失效/未开启,EVHF_b1eb1bad60885b85f9ea,非密-第二类危险源分析.docx,15
HZFHF_68170046f7f4997ff8f6,LOCHF_82ea34de1701b7ded1dd,3,未开启局部除尘装置,人的因素,其他,安全防护不到位/失效/未开启,EVHF_b1eb1bad60885b85f9ea,非密-第二类危险源分析.docx,15
HZFHF_ed0c873ce443104a9727,LOCHF_82ea34de1701b7ded1dd,4,固定装置失效,人的因素,其他,安全防护不到位/失效/未开启,EVHF_b1eb1bad60885b85f9ea,非密-第二类危险源分析.docx,15
HZFHF_3f33c05e15ec343f7d7e,LOCHF_9ffec200589459a83794,1,温控器故障导致无法调节温度,工艺因素,温度异常,温度控制装置失效,EVHF_5637a6b71cd8780a662c,非密-第二类危险源分析.docx,17
HZFHF_b2495e422c7292774d2e,LOCHF_6e1e1276b9076f06bb30,1,测量值偏差或信号丢失,工艺因素,温度异常,温度传感器失效,EVHF_4346d0ee7ba01222a614,非密-第二类危险源分析.docx,18
HZFHF_7688bdcc360ec4b3a7b4,LOCHF_4b366841b3216e506706,1,加热功率持续输出造成超温,工艺因素,温度异常,加热装置失控,EVHF_e161998fb4196dd62655,非密-第二类危险源分析.docx,19
HZFHF_d0578cafddee1f65e0e5,LOCHF_c81992913495f0d8877b,1,冷却介质无法正常循环,工艺因素,温度异常,冷却系统故障,EVHF_094555f3edae882dab69,非密-第二类危险源分析.docx,20
HZFHF_e2ff93584c3f42546ccf,LOCHF_b11ea223b54c53a0509a,1,局部热点形成导致物料受热不均,工艺因素,温度异常,温度分布不均,EVHF_299048dcd3b50ac73aa3,非密-第二类危险源分析.docx,21
HZFHF_b8677ca7dd03b88791d9,LOCHF_40bd0e14534bc863cfaa,1,温度设定值超出工艺要求,工艺因素,温度异常,参数设置错误,EVHF_03e4adcbf8934813dfdd,非密-第二类危险源分析.docx,22
HZFHF_4a1071f321b80c6a3bfe,LOCHF_9ef0963129716d1c1894,1,热交换能力降低,工艺因素,温度异常,换热器结垢堵塞,EVHF_fcf8876cddbce0468413,非密-第二类危险源分析.docx,23
HZFHF_6c57a0d424345160669b,LOCHF_5411bc8bb0bde9da4f25,1,局部热应力增大,工艺因素,温度异常,升温速率过快,EVHF_8ed976059b56d408ed9b,非密-第二类危险源分析.docx,24
HZFHF_6640fb8f3ed8d495f154,LOCHF_2ea4963e5fbe989a832a,1,工艺过程异常,工艺因素,温度异常,升温速率过慢,EVHF_462bec4277b672a4554b,非密-第二类危险源分析.docx,25
HZFHF_5175b5590a99cfdacd22,LOCHF_915e362e24564e934572,1,热失控征兆,工艺因素,温度异常,突然温升,EVHF_11d19a443ce9f6b8bb5a,非密-第二类危险源分析.docx,26
HZFHF_b54f0eba087c17a3d7cc,LOCHF_ff9d8b7b5f3405e092d4,1,导致物料结晶、凝固或性能变化,工艺因素,温度异常,突然降温,EVHF_e386dc8655a5b294ad49,非密-第二类危险源分析.docx,27
HZFHF_7d1777c0e79705e0685a,LOCHF_6185f61c219714cb6178,1,管路堵塞或泵送能力下降,工艺因素,冷却速率异常,冷却介质流量不足,EVHF_d9603ea2c78fa9c48756,非密-第二类危险源分析.docx,28
HZFHF_1dde30dbf245daaba763,LOCHF_110a9cef6ad8148643c2,1,冷却速度过快,工艺因素,冷却速率异常,冷却介质流量过大,EVHF_c07867e68aaa57a4be9a,非密-第二类危险源分析.docx,29
HZFHF_16ba6c5d461521b29a76,LOCHF_2a5bb39900a1b280b6a3,1,无法准确判断冷却状态,工艺因素,冷却速率异常,温度传感器失效,EVHF_eccafa91e45de05634b3,非密-第二类危险源分析.docx,30
HZFHF_6f739fe269b3bbd9f87f,LOCHF_e611bba4eff7a3dc1c22,1,不同区域降温速度不同,工艺因素,冷却速率异常,冷却不均匀,EVHF_9d8e173996a638fbbc2e,非密-第二类危险源分析.docx,31
HZFHF_5e65f3b95af42544612c,LOCHF_47a2c9d65ddc20b563ff,1,冷却水、冷却风供应停止,工艺因素,冷却速率异常,冷却介质中断,EVHF_615dab0964bb1f96c43c,非密-第二类危险源分析.docx,32
HZFHF_2a49eab4c3cd137ba044,LOCHF_2ce4531643774765263a,1,无法按设定速率降温,工艺因素,冷却速率异常,冷却控制系统故障,EVHF_f3639194dcbd640b9f42,非密-第二类危险源分析.docx,33
HZFHF_f3c7541dec71301043bd,LOCHF_6a0fdbc6e73dedd565aa,1,导致物料开裂、析晶或应力集中,工艺因素,冷却速率异常,冷却速率过快,EVHF_ac4821af238e1178330b,非密-第二类危险源分析.docx,34
HZFHF_d555f9e0d9e2fc506be5,LOCHF_88100da5fdcfc52483e0,1,换热效率降低,工艺因素,冷却速率异常,换热器结垢失效,EVHF_6454ca9a77f4c1aab1d6,非密-第二类危险源分析.docx,35
HZFHF_d7b0f8f3241e0f6d6b4f,LOCHF_188aab2daf93404ffb7a,1,压缩空气供应不足,工艺因素,压力异常,空压机运行失效,EVHF_826d205ecc6bd05cfb0b,非密-第二类危险源分析.docx,36
HZFHF_690446ce738e57f249ba,LOCHF_8a89da200f0fe87d7a57,1,指示失真导致误操作,工艺因素,压力异常,压力表不准确,EVHF_c7bd6ab01cf021967abf,非密-第二类危险源分析.docx,37
HZFHF_d83948a9388621d60e35,LOCHF_0cb73bd9d34977cd41cb,1,造成压力泄漏,工艺因素,压力异常,阀门等连接处密封不严,EVHF_781c04d46a258963a1f5,非密-第二类危险源分析.docx,38
HZFHF_d83948a9388621d60e35,LOCHF_736f344bc33244d66193,1,造成压力泄漏,工艺因素,压力异常,密封圈老化损坏,EVHF_698b91906a53bd1978d9,非密-第二类危险源分析.docx,39
HZFHF_e6d06bae6b78a50aba43,LOCHF_8b9b07287b78d5e9937d,1,系统无法维持设计压力,工艺因素,压力异常,工装破损漏气,EVHF_f7af47b1c94184d18dd7,非密-第二类危险源分析.docx,40
HZFHF_b18637d7c2575cbd2139,LOCHF_a8d01d00b495e2c665c4,1,输出压力超限或不足,工艺因素,压力异常,调压阀故障,EVHF_c9e018202860f27054c4,非密-第二类危险源分析.docx,41
HZFHF_77dd266cb63f95910b79,LOCHF_acd46394bed70da42f23,1,导致设备超压,工艺因素,压力异常,排气系统堵塞,EVHF_85d1be0d08b98cd4bb32,非密-第二类危险源分析.docx,42
HZFHF_5b3b5d777861571f176e,LOCHF_b3a7e7e239eedc91aa57,1,超压时无法及时泄压,工艺因素,压力异常,安全泄放装置失效,EVHF_8ab8e0c8710aa1a992b4,非密-第二类危险源分析.docx,43
HZFHF_2257824b9922e819e7fb,LOCHF_99d1ae334f768f049896,1,系统残压存在,工艺因素,压力异常,压力释放不完全,EVHF_c7dc799e824b4e16c818,非密-第二类危险源分析.docx,44
HZFHF_7be5f6328e297b54d686,LOCHF_5ac99702daa181caefe6,1,短时间内快速超压,工艺因素,压力异常,压力骤升,EVHF_02d43f46e65f42e03f72,非密-第二类危险源分析.docx,45
HZFHF_93d88cd834ac9a46bf68,LOCHF_c9e9d7b989c7f7cc446f,1,系统失压,工艺因素,压力异常,压力骤降,EVHF_7ea5d6fd8db1a44d2d53,非密-第二类危险源分析.docx,46
HZFHF_46b6ba3456f7bba76657,LOCHF_fcc64cfb2ce919cb3b83,1,管路或容器局部超压,工艺因素,压力异常,局部压力异常,EVHF_cfa83311b7d6ac541a8a,非密-第二类危险源分析.docx,47
HZFHF_0b4b4a4986a82dbfed7c,LOCHF_c315bf50839f0063924b,1,产生冲击和扬尘,工艺因素,压力异常,压力释放过快,EVHF_44220d9a04afa1cf0170,非密-第二类危险源分析.docx,48
HZFHF_c864dfc526ad5549eb00,LOCHF_c640cc2aaf7cacdfea7b,1,工况不稳定,工艺因素,压力异常,压力波动过大,EVHF_9237bcc024df0e2dfcf0,非密-第二类危险源分析.docx,49
HZFHF_2dbb4e4ade40ffada902,LOCHF_d3118d3e1459325b49c0,1,异常状态下设备未停机,工艺因素,压力异常,压力联锁失效,EVHF_455ec9b80683e255ba93,非密-第二类危险源分析.docx,50
HZFHF_71b2daab09d0612b10c8,LOCHF_c666e0317271cdfca1ac,1,无法建立或维持真空环境,工艺因素,真空度异常,真空泵故障停机,EVHF_b466815bc58563bd132a,非密-第二类危险源分析.docx,51
HZFHF_3ad3f6c869644f7baff9,LOCHF_cf937b0929828760d4d0,1,泵体磨损、叶片损坏导致抽气效率降低,工艺因素,真空度异常,真空泵抽气能力下降,EVHF_2bd39b3db3a0408fa3bb,非密-第二类危险源分析.docx,52
HZFHF_800dca9927cf4c96eb6a,LOCHF_d65b465b8d396d2cbc5d,1,管路连接处松动、密封失效导致空气进入系统,工艺因素,真空度异常,真空管路泄漏,EVHF_b7de039aec1d18a6e289,非密-第二类危险源分析.docx,53
HZFHF_e8451060878810ef9eec,LOCHF_5e98777bf4a646ec1972,1,阀门无法正常开启、关闭或调节,工艺因素,真空度异常,真空阀门故障,EVHF_58e9069294aa20e28d51,非密-第二类危险源分析.docx,54
HZFHF_1744632b688d7bb5d0ee,LOCHF_688c85d479d28d7ed6a8,1,无法准确反映系统真空度,工艺因素,真空度异常,真空表失效,EVHF_ea8342446cf93fe9723b,非密-第二类危险源分析.docx,55
HZFHF_d183a48ee8495a6b6722,LOCHF_311ff62a36d45c5d33b0,1,蒸汽无法有效冷凝，影响真空系统抽气能力,工艺因素,真空度异常,冷凝器失效,EVHF_a31259a1a2e8c78f3843,非密-第二类危险源分析.docx,56
HZFHF_22854a76330181ab2e6a,LOCHF_5155dc62fdc827c21c4d,1,抽气通道受阻，局部真空失效,工艺因素,真空度异常,工艺物料堵塞抽气口,EVHF_d35a4e59b990ad15bd77,非密-第二类危险源分析.docx,57
HZFHF_975f3c26faf9660ba73b,LOCHF_493a7fadaab5f5d14bc2,1,异常真空状态未报警,工艺因素,真空度异常,真空报警失效,EVHF_821e9ef60bf16e900fd4,非密-第二类危险源分析.docx,58
HZFHF_53f64df10b205f7e9db7,LOCHF_929d13cfa1579b85f961,1,未达到真空要求仍继续运行,工艺因素,真空度异常,真空联锁失效,EVHF_c70ac23fff211bb00569,非密-第二类危险源分析.docx,59
HZFHF_68b043cb7752a10c325d,LOCHF_440e448603a670beaca1,1,真空设定值超出工艺要求,工艺因素,真空度异常,参数设置错误,EVHF_e92a7b041d65fcad7372,非密-第二类危险源分析.docx,60
HZFHF_ff1a38ba99321b07e11c,LOCHF_ff27d171cb2ea7a3f2ee,1,真空环境被破坏,工艺因素,真空度异常,误开进气阀,EVHF_381ac9e4d172fd772b09,非密-第二类危险源分析.docx,61
HZFHF_e0d001815bf67cd21100,LOCHF_f069854a43de34e82cc3,1,造成压力冲击,工艺因素,真空度异常,真空解除过快,EVHF_9e1ff59f83503aff670e,非密-第二类危险源分析.docx,62
HZFHF_4200c307ee96927b0480,LOCHF_8e97d8652c0ab8b580e6,1,真空状态不稳定,工艺因素,真空度异常,真空度波动,EVHF_c6a395b33a870ec5155f,非密-第二类危险源分析.docx,63
HZFHF_d339989ecb11264b4b1d,LOCHF_a3cb32195785f198b16e,1,无法准确监测流量,工艺因素,流量异常,流量计失效,EVHF_6669aff12601817f9188,非密-第二类危险源分析.docx,64
HZFHF_0ca9a48c67bf2edcd766,LOCHF_f1bb752e47903304dd61,1,物料输送量不足,工艺因素,流量异常,输送泵故障,EVHF_cb8f12d553eba24e616a,非密-第二类危险源分析.docx,65
HZFHF_ab00581261ebd3438070,LOCHF_02a5d3ca0dec96a100a1,1,物料沉积或异物堵塞导致流量降低,工艺因素,流量异常,管路堵塞,EVHF_25a6df471a876735a4bd,非密-第二类危险源分析.docx,66
HZFHF_448daf99263e05d6550a,LOCHF_e4ba7fd7ee8749d47d32,1,导致流量偏离设定值,工艺因素,流量异常,阀门开度异常,EVHF_3cae71893eb0bba1d5ff,非密-第二类危险源分析.docx,67
HZFHF_07e87731171bce254977,LOCHF_c13a90ce47206ff01419,1,介质损失导致实际流量不足,工艺因素,流量异常,管路泄漏,EVHF_3b7e6448ef0683c59a09,非密-第二类危险源分析.docx,68
HZFHF_574335cb62a27f24417a,LOCHF_0d56551f2801a35c8941,1,流量控制失效,工艺因素,流量异常,自动控制系统故障,EVHF_721b9768ca375d2a304a,非密-第二类危险源分析.docx,69
HZFHF_3e93a86a196580d6bf8e,LOCHF_81b89b164c05c31303ef,1,流量无法按要求调节,工艺因素,流量异常,阀门卡滞,EVHF_f7b55cd0f85ea848d712,非密-第二类危险源分析.docx,70
HZFHF_9d8225261def2e9e1afd,LOCHF_b2c98d3f2edc60e72bed,1,输送过程不稳定,工艺因素,流量异常,流量波动,EVHF_aff97538e12909287000,非密-第二类危险源分析.docx,71
HZFHF_c508026ee5a5997343c0,LOCHF_e27179991dfde44caac0,1,超出设计工况，引起冲击或超量投料,工艺因素,流量异常,流量过大,EVHF_d110faa1c09e52539a6a,非密-第二类危险源分析.docx,72
HZFHF_41c8ba958faad86d9af9,LOCHF_dacfb9bc5d5dc9f86039,1,无法满足工艺需求,工艺因素,流量异常,流量过小,EVHF_ae1fcd30236ccc2e32e5,非密-第二类危险源分析.docx,73
HZFHF_2956581b9d38773f51f1,LOCHF_cbc20f7edae289b223ea,1,介质停止输送,工艺因素,流量异常,流量中断,EVHF_470c61fdcfb5a9f52022,非密-第二类危险源分析.docx,74
HZFHF_a429c473de351008da84,LOCHF_5fc6ec18ec9e7eee4831,1,流量异常时未及时停机,工艺因素,流量异常,流量联锁失效,EVHF_f60be342e8fac1cc48b9,非密-第二类危险源分析.docx,75
HZFHF_50555e4d85d2e8967c9c,LOCHF_2c69fdd6eaffd9a438db,1,无法准确监测料位,工艺因素,容器内料位异常,料位传感器失效,EVHF_194d9e0c1f1d91a60bab,非密-第二类危险源分析.docx,76
HZFHF_50798fb6f7f0c4d612bd,LOCHF_5d1deaa73675c935490b,1,自动加料失控,工艺因素,容器内料位异常,加料控制器失效,EVHF_b20f1f85998c8fe1be6b,非密-第二类危险源分析.docx,77
HZFHF_ba41cbf5b8172e09be87,LOCHF_cbe7ba5dc785d6f7e936,1,无法人工确认料位状态,工艺因素,容器内料位异常,料仓观察窗口模糊或损坏,EVHF_a4e8ef70115ad12b9c0d,非密-第二类危险源分析.docx,78
HZFHF_4ce03ad8a23d8ecb8570,LOCHF_ccfa4e4e8888e2abcd05,1,物料形成拱桥，实际料位与显示不符,工艺因素,容器内料位异常,架桥堵料,EVHF_641fcbe5664540b868fe,非密-第二类危险源分析.docx,79
HZFHF_d1788cf1e7995910f419,LOCHF_e3c01f00d395e1231711,1,高低料位无法预警,工艺因素,容器内料位异常,料位报警失效,EVHF_e50ea47150851fdfb879,非密-第二类危险源分析.docx,80
HZFHF_b56391d3b291aa221488,LOCHF_00573481724f5c91bc3a,1,超出设备设计容量,工艺因素,容器内料位异常,过量加料,EVHF_1e116051d824ad7f817c,非密-第二类危险源分析.docx,81
HZFHF_67d9c0ef8637458bba9b,LOCHF_dd89ebcc5b8d035913ae,1,中部形成空穴导致虚假料位,工艺因素,容器内料位异常,鼠洞效应,EVHF_6e8ea4dc719a1031baf9,非密-第二类危险源分析.docx,82
HZFHF_6100f7e7366950099c6d,LOCHF_99f9b22871c0f342f0b3,1,存在静电、溢料风险,工艺因素,容器内料位异常,料位上升过快,EVHF_8cc5b8fc1ad9075cf4a9,非密-第二类危险源分析.docx,83
HZFHF_25461c89b2c1deab0c34,LOCHF_1f967173ed61131dd4c4,1,存在断料、冲击风险,工艺因素,容器内料位异常,料位下降过快,EVHF_d76940a4c11355dc38e7,非密-第二类危险源分析.docx,84
HZFHF_d9bae21f9d2f3048940d,LOCHF_4a2678e6d80e5873325b,1,形成偏载或局部堆积,工艺因素,容器内料位异常,料位不均匀,EVHF_a46c398c93ec74ee2ef3,非密-第二类危险源分析.docx,85
HZFHF_1ee7764f591eabe6dc3e,LOCHF_562c38898db80dbb5fcf,1,容器底部或死角物料滞留,工艺因素,容器内料位异常,残料积存,EVHF_f4cad4442a5328b8dfb5,非密-第二类危险源分析.docx,86
HZFHF_ccba280bfd1d91d7fa0c,LOCHF_32250a3a57160897434e,1,料位异常时设备未自动停机,工艺因素,容器内料位异常,料位联锁失效,EVHF_3df6c0d3a26c915bd134,非密-第二类危险源分析.docx,87
HZFHF_3addfca9c70fac0bd198,LOCHF_daeb2e10e96bd14d6575,1,工装安装偏移导致物料位置异常,工艺因素,物料位置异常,工装定位失准,EVHF_6844ccfa11da90bdece3,非密-第二类危险源分析.docx,88
HZFHF_b8b6c6588b45e26c4767,LOCHF_e5152ec958991964450b,1,定位功能失效,工艺因素,物料位置异常,定位销磨损或损坏,EVHF_a588bb64793d772f9ff0,非密-第二类危险源分析.docx,89
HZFHF_4aae40e0b9f5f8f30321,LOCHF_c4edd3d3c14654f00a4a,1,无法准确识别位置,工艺因素,物料位置异常,定位传感器失效,EVHF_c8f86912dabdb06af254,非密-第二类危险源分析.docx,90
HZFHF_663629201699c66e6d73,LOCHF_913ef37be253cea03388,1,物料在转移或加工过程中发生位移,工艺因素,物料位置异常,夹具松动,EVHF_d5adad3a983577a151ae,非密-第二类危险源分析.docx,91
HZFHF_71880b398b507045b77c,LOCHF_ca0e3bbcc9036a0b0ea7,1,导致物料运行轨迹异常,工艺因素,物料位置异常,输送机构偏移,EVHF_67234f3950dea5e3bbc8,非密-第二类危险源分析.docx,92
HZFHF_2bd77785eebe861a6c7c,LOCHF_3016abea49ee175d3177,1,造成物料运动偏移,工艺因素,物料位置异常,导轨磨损,EVHF_7457aaf20335ed1c20fc,非密-第二类危险源分析.docx,93
HZFHF_9f1dc3033070dfad7d36,LOCHF_fa461e8feaf522bc902b,1,物料摆放位置改变,工艺因素,物料位置异常,料盘或托架变形,EVHF_caf4bf67e65bb6ca1037,非密-第二类危险源分析.docx,94
HZFHF_e4750df5aa298f9639ff,LOCHF_c2797ed7e4eff269b265,1,机械手抓取位置错误,工艺因素,物料位置异常,自动抓取偏差,EVHF_8f212eae8a870041912a,非密-第二类危险源分析.docx,95
HZFHF_2859329837cf86e6fa5f,LOCHF_867d288680615c774d8a,1,物料未放置到指定工位,工艺因素,物料位置异常,放置位置错误,EVHF_e51b71806f60efaa565b,非密-第二类危险源分析.docx,96
HZFHF_4d4885e9651f44abeb10,LOCHF_663c424974e6a5f0af68,1,导致物料错位,工艺因素,物料位置异常,输送节拍异常,EVHF_fc5d8353a2f8592ac946,非密-第二类危险源分析.docx,97
HZFHF_0999d532a5268eb2cc0f,LOCHF_8d9dfc002f08b2d0f1f8,1,从工装、输送装置或吊具脱落,工艺因素,物料位置异常,物料掉落,EVHF_b10333d10c37884b9d74,非密-第二类危险源分析.docx,98
HZFHF_f1bd1daa95aa6800d662,LOCHF_470779c0fd07a4ae5a71,1,超出设备设计负荷,工艺因素,载荷异常,超载运行,EVHF_3ce3e203729333ffc79a,非密-第二类危险源分析.docx,99
HZFHF_a010d5e70b36944a2194,LOCHF_ba2223635b89feaedc27,1,无法准确监测负荷,工艺因素,载荷异常,载荷传感器失效,EVHF_5d2257d66647dbd2feef,非密-第二类危险源分析.docx,100
HZFHF_e7ccc77a73e688a8243a,LOCHF_c2874acb610f25bfa7ab,1,导致局部受力集中,工艺因素,载荷异常,载荷分布不均,EVHF_0def88932a19f68d656d,非密-第二类危险源分析.docx,101
HZFHF_707047294efb312da99c,LOCHF_872ef013e742bcc865a5,1,瞬时载荷急剧增大,工艺因素,载荷异常,机械卡滞,EVHF_8fa4be301c7df3832f16,非密-第二类危险源分析.docx,102
HZFHF_70359f5fa43e3cd78d8f,LOCHF_1b7b32f882070e20af13,1,导致结构损伤累积,工艺因素,载荷异常,长期疲劳运行,EVHF_10ead3a3c5c06e3ba3dd,非密-第二类危险源分析.docx,103
HZFHF_6ee1acbb2522df3289bc,LOCHF_fada2bc5cb8fe580b502,1,启停、碰撞等导致载荷突增,工艺因素,载荷异常,瞬时冲击载荷过大,EVHF_d2fc6112f6804f379136,非密-第二类危险源分析.docx,104
HZFHF_706f62c349809e13b9c3,LOCHF_f81eac2b643df1a37891,1,导致受力不均匀,工艺因素,载荷异常,工装安装偏斜,EVHF_a1e35b01317d863bdacc,非密-第二类危险源分析.docx,105
HZFHF_4f8e7ecc27f1780e6cc0,LOCHF_304c7b636afc64ca9f3d,1,载荷传递异常,工艺因素,载荷异常,夹具松动,EVHF_d200661417a3b87a6520,非密-第二类危险源分析.docx,106
HZFHF_2e797c706ca2882189b6,LOCHF_cbce368d765d5f2bc5fc,1,导致受力状态改变,工艺因素,载荷异常,结构件变形,EVHF_4f368196990bb20feb52,非密-第二类危险源分析.docx,107
HZFHF_d4f2f6f3c6f30dbf490f,LOCHF_e5dea2357fb8f5c0096e,1,施加载荷超过工艺要求,工艺因素,载荷异常,控制参数设置错误,EVHF_5f5e0d14be0240f2f24b,非密-第二类危险源分析.docx,108
HZFHF_192aa69ec6e6521d41c6,LOCHF_6928244546a3cc4d7cf3,1,无法正常驱动搅拌,工艺因素,搅拌异常,搅拌电机故障,EVHF_8154802f49cd0d8e9ce2,非密-第二类危险源分析.docx,109
HZFHF_da8b2a95a6cb0dc27985,LOCHF_0660bdf90204d5e7e620,1,搅拌效果下降，产生摩擦、冲击,工艺因素,搅拌异常,搅拌桨断裂变形,EVHF_c7774ca510c0d946ac8d,非密-第二类危险源分析.docx,110
HZFHF_60d3efda104373aea50d,LOCHF_84dedb9024971c076750,1,搅拌能力下降或产生异物，造成摩擦、冲击,工艺因素,搅拌异常,搅拌桨叶断裂变形,EVHF_70770e80f5e8b32f8c1c,非密-第二类危险源分析.docx,111
HZFHF_db09d5c9eced1dafdfbb,LOCHF_d58c4d852b30c28bc81d,1,偏离工艺要求,工艺因素,搅拌异常,搅拌转速异常,EVHF_8a588a516b512d0ed88d,非密-第二类危险源分析.docx,112
HZFHF_0764134387be68c57642,LOCHF_fca27234a42c87e68147,1,混合不均匀,工艺因素,搅拌异常,搅拌时间不足,EVHF_4954d3d747c146fe8b2e,非密-第二类危险源分析.docx,113
HZFHF_cdccf17e2025ca22564a,LOCHF_8162a513c1b8b6f81a4d,1,可能引起升温或物料性能变化,工艺因素,搅拌异常,搅拌时间过长,EVHF_a0de9920da827209e085,非密-第二类危险源分析.docx,114
HZFHF_5e4f4f017bf9e7d02925,LOCHF_c389f49deb7a563faa76,1,增加机械摩擦和冲击风险,工艺因素,搅拌异常,搅拌轴偏心振动,EVHF_364bcf9a46fb29d7ece6,非密-第二类危险源分析.docx,115
HZFHF_2b3f737a5784673a1317,LOCHF_310309f160d82ea816f6,1,混合效果下降,工艺因素,搅拌异常,搅拌方向错误,EVHF_fa48ba379e7391b9e763,非密-第二类危险源分析.docx,116
HZFHF_8e927e20f1d842a0703c,LOCHF_33a78b50577f55d3fe43,1,转速失控或波动,工艺因素,搅拌异常,变频器故障,EVHF_a8612584303759332f57,非密-第二类危险源分析.docx,117
HZFHF_5144360008a8171d666f,LOCHF_26d7c647c51831d08971,1,物料泄漏或外界介质进入,工艺因素,搅拌异常,密封失效,EVHF_a9a7668dc1ca535ef857,非密-第二类危险源分析.docx,118
HZFHF_d25b933112d69e455a2c,LOCHF_b603659003a4035dc887,1,无法按设定工艺运行,工艺因素,搅拌异常,自动控制系统故障,EVHF_578e9e0b5b5d67dcbd61,非密-第二类危险源分析.docx,119
HZFHF_934cccf9b5de86db5f6d,LOCHF_8a310762ba8651d2dc18,1,物料结块或堵塞,工艺因素,搅拌异常,搅拌负荷异常增大,EVHF_e707018d7ae55add01ed,非密-第二类危险源分析.docx,120
HZFHF_d88376daecae802fe3c7,LOCHF_1b7ffde716bc2558edb5,1,产生异常振动和摩擦,工艺因素,搅拌异常,轴承损坏,EVHF_74505abde678bead9e29,非密-第二类危险源分析.docx,121
HZFHF_912ef8643211b9e2f626,LOCHF_9772679d25bd163030a1,1,使用发火材质刀具，增加火花产生风险,工艺因素,进刀量异常,刀具材质选择错误,EVHF_9c5dda97728e6d2b1fad,非密-第二类危险源分析.docx,122
HZFHF_706cefecfeaa2339ab19,LOCHF_1de1daa127029b3aa277,1,无法控制切削深度,工艺因素,进刀量异常,进给机构故障,EVHF_961cc97220c035ff473b,非密-第二类危险源分析.docx,123
HZFHF_f8065e072149f7208e77,LOCHF_3892436155c570fb00c1,1,进刀量超限,工艺因素,进刀量异常,位置控制失效,EVHF_7b978ba59b671dd2b00e,非密-第二类危险源分析.docx,124
HZFHF_44aa87efa38c8d4e88d7,LOCHF_43a2aca7c008038181e9,1,超程运行,工艺因素,进刀量异常,限位装置失效,EVHF_e9bf37410b7caf617154,非密-第二类危险源分析.docx,125
HZFHF_3b48207da67db67d8a04,LOCHF_b67a6a673ef5fd2dcbb5,1,实际加工量发生偏差,工艺因素,进刀量异常,刀具磨损,EVHF_2508d91af2bb1bac2655,非密-第二类危险源分析.docx,126
HZFHF_e430343cf04f63eb990e,LOCHF_2fdae8df74f9bbeabca6,1,进刀速度或深度异常,工艺因素,进刀量异常,程序参数设置错误,EVHF_cae317944bbe7e4debc3,非密-第二类危险源分析.docx,127
HZFHF_d1d548ce944e95599ee6,LOCHF_145258fae8bc0acfff33,1,进给位置控制失准,工艺因素,进刀量异常,伺服系统故障,EVHF_928f23cabdb578c0982c,非密-第二类危险源分析.docx,128
HZFHF_80612f6f3a49bbe489c5,LOCHF_1c63a2e343a0882cc3d4,1,进给位移测量错误,工艺因素,进刀量异常,编码器故障,EVHF_5e78e08576a1db83aa22,非密-第二类危险源分析.docx,129
HZFHF_220ab68f0f3df94fb21d,LOCHF_2fdae8df74f9bbeabca6,1,设定进刀量超出工艺要求,工艺因素,进刀量异常,程序参数设置错误,EVHF_fa1097849328790f770f,非密-第二类危险源分析.docx,130
HZFHF_ce1b73401e3d7987c16b,LOCHF_1a1321ad2b9117dfe125,1,运动轨迹偏移,工艺因素,进刀量异常,导轨磨损,EVHF_367ea84792f65524646a,非密-第二类危险源分析.docx,131
HZFHF_270c81e00bb070a018d9,LOCHF_9b10f7f372fcacd7e2d7,1,影响进给精度,工艺因素,进刀量异常,异物进入导轨,EVHF_726e8271005c1de3e271,非密-第二类危险源分析.docx,132
HZFHF_2fdc5a516ee2e9cec357,LOCHF_96fae047f375299c4fda,1,实际进刀深度变化,工艺因素,进刀量异常,刀具安装松动,EVHF_75c9a069844aeb56b6eb,非密-第二类危险源分析.docx,133
HZFHF_dfab8f21e5f53fa1d774,LOCHF_d27d9258c2fcb65df4a5,1,切削载荷和摩擦热增加,工艺因素,进刀量异常,进刀量过大,EVHF_32eca3b71981f0be79fb,非密-第二类危险源分析.docx,134
HZFHF_854c3c717419a9f614fe,LOCHF_bc8984a0ce25400d6853,1,刀具与工件持续摩擦,工艺因素,进刀量异常,进刀量过小,EVHF_971dccd1f6dbe32c17c4,非密-第二类危险源分析.docx,135
HZFHF_4d8ef1b4d4909a309e04,LOCHF_800350d5b17b385e61a8,1,加工过程不稳定,工艺因素,进刀量异常,进刀量波动,EVHF_e21c55b41c8239e84752,非密-第二类危险源分析.docx,136
HZFHF_eac72ba3173a771ff773,LOCHF_9a115110432354dfa09f,1,冲击载荷增大,工艺因素,进刀量异常,进刀速度过快,EVHF_ef8a725a66910ce2265e,非密-第二类危险源分析.docx,137
HZFHF_a1f77925f5bb96f1f703,LOCHF_702f07f37027452aa9bb,1,摩擦时间延长,工艺因素,进刀量异常,进刀速度过慢,EVHF_1ac15bf1255bdb8a2a7e,非密-第二类危险源分析.docx,138
HZFHF_ea800f8b7d738ee91893,LOCHF_a3695d445be92c295cc3,1,产生机械冲击,工艺因素,进刀量异常,突然进刀,EVHF_db9d55427f74c191d8ea,非密-第二类危险源分析.docx,139
HZFHF_38c566713020b604dba9,LOCHF_fb1588cc4f8cc5ed9a00,1,刀具持续接触工件,工艺因素,进刀量异常,无法退刀,EVHF_91151835434e50af47ad,非密-第二类危险源分析.docx,140
HZFHF_7cc022b7a786fb62499c,LOCHF_af1cb015d88337cfdab6,1,造成刮擦或碰撞,工艺因素,进刀量异常,退刀异常,EVHF_fdf9fb58b6b71f28c48d,非密-第二类危险源分析.docx,141
HZFHF_475b0c14edea1c963c6b,LOCHF_609cf453a040d153d1f0,1,异常进刀时设备未停机,工艺因素,进刀量异常,联锁保护失效,EVHF_611bcd5b1573bdfdba0c,非密-第二类危险源分析.docx,142
HZFHF_fb0c207b115bf6818e91,LOCHF_9cac2a8f252fab13ca71,1,转速无法稳定控制,工艺因素,转速异常,电机调速器故障,EVHF_9ce5b30934787a5d9779,非密-第二类危险源分析.docx,143
HZFHF_0a9a9fd5e4d191151733,LOCHF_542bbaf583b36f6e9175,1,转速反馈错误,工艺因素,转速异常,编码器失效,EVHF_000b2389095759b68fe8,非密-第二类危险源分析.docx,144
HZFHF_0fce95451ddb9ed13db9,LOCHF_f854960ca3a621450d68,1,实际转速降低,工艺因素,转速异常,传动机构打滑,EVHF_58dd6ab533b2aabfd25f,非密-第二类危险源分析.docx,145
HZFHF_8aa8f32ac185376c6816,LOCHF_4197d241a237a09425cc,1,导致摩擦热和机械冲击增加,工艺因素,转速异常,转速过高,EVHF_33258b5d2a8fd711c7b7,非密-第二类危险源分析.docx,146
HZFHF_947cc2dc148e22d1b0b4,LOCHF_43bcb3a6dad9bdf45222,1,影响工艺质量和生产效率,工艺因素,转速异常,转速过低,EVHF_71e5a79f9cfd66069318,非密-第二类危险源分析.docx,147
HZFHF_3b71c7227414c5ef523b,LOCHF_f8ebf540441aa8358e29,1,输出频率异常导致转速波动,工艺因素,转速异常,变频器故障,EVHF_9d1d7ba91be47bea23b2,非密-第二类危险源分析.docx,148
HZFHF_16d748a57ad3629c4b2f,LOCHF_626385dc353b7d4b01fa,1,实际转速低于设定值,工艺因素,转速异常,皮带打滑,EVHF_0036de675c2991144a78,非密-第二类危险源分析.docx,149
HZFHF_1e77c6c9399c6bb217cb,LOCHF_a78d39b361145cb2a44a,1,转速传递偏差,工艺因素,转速异常,齿轮磨损,EVHF_bfd05d93910b923239be,非密-第二类危险源分析.docx,150
HZFHF_f466d2ae123427abd74c,LOCHF_a39f4e72aef644404df7,1,转速骤降甚至停转,工艺因素,转速异常,机械卡滞,EVHF_56a50e80cdaeddb5bb64,非密-第二类危险源分析.docx,151
HZFHF_9cb0a8a21b569403335c,LOCHF_06d19066fffc16879330,1,产生冲击载荷,工艺因素,转速异常,突然加速,EVHF_1d74333f872ffd5066e3,非密-第二类危险源分析.docx,152
HZFHF_434023c94f9f3bd768b6,LOCHF_c46512caef439a97c5ea,1,增加机械冲击和疲劳损伤,工艺因素,转速异常,启停频繁,EVHF_26528929f379c4fbcb77,非密-第二类危险源分析.docx,153
HZFHF_cdb6732ae5538bf9b73d,LOCHF_8fbf4e2c0d177f5e0aab,1,超速状态未及时停机,工艺因素,转速异常,联锁保护失效,EVHF_e369416dbc3a04f269d8,非密-第二类危险源分析.docx,154
HZFHF_2af5ba38004212ee81b8,LOCHF_ba2ed0336b9a54c6064e,1,设备壳体、轴类、支架、焊缝开裂、断裂、碎裂，结构完整性失效,设备设施因素,结构与机械损坏,结构破损/断裂,EVHF_811ff57eaf83bccda9d1,非密-第二类危险源分析.docx,156
HZFHF_360b07f122ef3db60df0,LOCHF_c898083dacb02eac4a07,1,运动部件卡涩、抱死，无法正常移动、转动、往复动作,设备设施因素,结构与机械损坏,卡死/卡滞,EVHF_a04a630c3bb0098d538a,非密-第二类危险源分析.docx,157
HZFHF_b9ab60724996d3bbd48b,LOCHF_1440dfed19d3ee8abac2,1,设备或部件振幅超标、共振、抖动，运行平稳性劣化,设备设施因素,结构与机械损坏,异常振动,EVHF_d2e2f8ec986c392fe124,非密-第二类危险源分析.docx,158
HZFHF_790d813c1572770ee434,LOCHF_9a3c4fcdd95f3f00862a,1,工位、行程、基准位置跑偏，无法保持设定安装/运行位置,设备设施因素,结构与机械损坏,位置偏移,EVHF_a23b3c3bad2b4ee206ef,非密-第二类危险源分析.docx,159
HZFHF_0b89b1e89e299086b31c,LOCHF_047fc59f6d08dd63961c,1,部件发生弯曲、扭曲、拉伸等塑性变形，尺寸超差,设备设施因素,结构与机械损坏,异常变形,EVHF_b6a636d0367634e88353,非密-第二类危险源分析.docx,160
HZFHF_10e0675c05f731f5c964,LOCHF_9d490c668bda6bda7962,1,配合面磨耗、点蚀、表层起皮、剥落，配合间隙异常变大,设备设施因素,结构与机械损坏,磨损剥落,EVHF_9e8cb647a8063d5743c4,非密-第二类危险源分析.docx,161
HZFHF_bf8044f02dd531c9a3a4,LOCHF_dac8a14586a80d96c992,1,介质腐蚀、电化学生锈、氧化起皮，部件材质劣化,设备设施因素,结构与机械损坏,锈蚀腐蚀,EVHF_3187d9c3886bc5622297,非密-第二类危险源分析.docx,162
HZFHF_d782858e1d17d72f7a7d,LOCHF_575ebc0f9ef175223a69,1,接收启动指令后设备、阀门、回路无法打开、无法启动,设备设施因素,开关启闭故障,无法开启,EVHF_2d0108c8d9573e48e91d,非密-第二类危险源分析.docx,163
HZFHF_ad3daea6b5207d3ba7ba,LOCHF_d652fadae7be79cba1fd,1,停机、关断指令无效，设备无法停止、阀门无法回位,设备设施因素,开关启闭故障,无法关闭,EVHF_3beabfd7a8c65579dfef,非密-第二类危险源分析.docx,164
HZFHF_1b857ccefc7defc1a301,LOCHF_8207559ea290cc2ecaec,1,无操作指令、无触发条件，设备自行启动、意外动作,设备设施因素,开关启闭故障,误开启,EVHF_24cf545d2a6d63c94a5c,非密-第二类危险源分析.docx,165
HZFHF_f8977ad5c22a1215eced,LOCHF_7a0c4e1d8bb57372327f,1,正常运行工况下无故跳闸、停机、阀门意外关闭,设备设施因素,开关启闭故障,误关闭,EVHF_1a2fe48555266322c660,非密-第二类危险源分析.docx,166
HZFHF_d2b39bf087828bbe27e8,LOCHF_509db61b23eccde79c4f,1,档位、回路、工况切换卡滞、不切换、切换不到位,设备设施因素,开关启闭故障,切换失灵,EVHF_7d634248fe2b11fb03f2,非密-第二类危险源分析.docx,167
HZFHF_b491adc1933f8dcdb70c,LOCHF_b520042300f75bc92d05,1,未达到设定温度、压力、时间条件，设备提前启停动作,设备设施因素,开关启闭故障,提前动作,EVHF_e2befad44684e20b7b19,非密-第二类危险源分析.docx,168
HZFHF_d2c47a15844ae4324aca,LOCHF_6affc989e0a1cc4f68e3,1,接收指令后响应延迟，启停、切换动作迟缓,设备设施因素,开关启闭故障,滞后动作,EVHF_310b0cec2eda9b2142ca,非密-第二类危险源分析.docx,169
HZFHF_2351b25f322bfe22051e,LOCHF_a8da17d64442aca0a8cd,1,阀腔、密封、腔体内部窜压、窜料，内漏超标,设备设施因素,泄漏与堵塞故障,内部泄漏,EVHF_2382db9c174e1d1cc3bd,非密-第二类危险源分析.docx,170
HZFHF_f5fbabfe1c49e55e7074,LOCHF_893ab4e4d19f3bd49446,1,漏油、漏水、漏气、漏物料，介质向外渗漏,设备设施因素,泄漏与堵塞故障,外部泄漏,EVHF_e1488293a72dcc9b3b05,非密-第二类危险源分析.docx,171
HZFHF_8f1af3478c8a647cc64b,LOCHF_58d2c3d44652465ec006,1,管道、滤网、流道积垢、堵料，介质流通不畅,设备设施因素,泄漏与堵塞故障,管路堵塞,EVHF_c65ae413070f6d7cc94c,非密-第二类危险源分析.docx,172
HZFHF_00132ee6d322e082f9ab,LOCHF_a034279aec77f598934a,1,管路腔体积气，造成断流、压力不稳、输送中断,设备设施因素,泄漏与堵塞故障,气堵/气阻,EVHF_891aa50a1d8b7d726207,非密-第二类危险源分析.docx,173
HZFHF_1e9a15eb56273c0bc5fd,LOCHF_e0215910bff1ae5205d0,1,通径变小、局部缩流，流量、输送能力无故下降,设备设施因素,泄漏与堵塞故障,节流异常,EVHF_43c79b6eeb316de7778b,非密-第二类危险源分析.docx,174
HZFHF_c3744951fe934e08a05d,LOCHF_f592275fa38e7df963c4,1,压力、温度、转速、电流、电压等运行参数高于额定上限,设备设施因素,参数超限故障,参数超上限,EVHF_e50eb2444493a88a52db,非密-第二类危险源分析.docx,175
HZFHF_a434bdc24dcdaec17308,LOCHF_1958ff63e5a3ef90e7e7,1,压力、流量、出力、转速等关键参数低于额定下限,设备设施因素,参数超限故障,参数超下限,EVHF_f55c50b52fa00c7938bf,非密-第二类危险源分析.docx,176
HZFHF_9598a269aa6650dc7a43,LOCHF_f9d231bfc2e6f4a4dff8,1,进料、供电、供气、供液输入量超出工艺允许范围,设备设施因素,参数超限故障,输入偏大,EVHF_a0e399a809734b9bf0a4,非密-第二类危险源分析.docx,177
HZFHF_f4b897489e0dbb4eb1ff,LOCHF_deca3e64bfa9f721c56e,1,能源、物料、气源供给不足，低于工艺最低需求,设备设施因素,参数超限故障,输入偏小,EVHF_36d46d73fc28ece39f6b,非密-第二类危险源分析.docx,178
HZFHF_88fbc01cc8e382ecefe6,LOCHF_9e92e0fe88bbdfd8d6a5,1,轴承、电机绕组、腔体、元器件异常升温、超温报警,设备设施因素,参数超限故障,过热超温,EVHF_76dda8bb6bc21b884e79,非密-第二类危险源分析.docx,179
HZFHF_ea0b4f1292cc51fc46b7,LOCHF_8a2b5a80b4dfa8a62794,1,传感器、压力表、数显仪表示数失真、虚高虚低、误报警,设备设施因素,参数超限故障,仪表错指示,EVHF_3d7dfc3062f232570b76,非密-第二类危险源分析.docx,180
HZFHF_c439cb5f1ad174f254dc,LOCHF_c008a6bda7b434d47af4,1,故障偶发、时好时坏，间断性停机、失效、动作异常,设备设施因素,运行工况异常,间歇故障,EVHF_9a340b767ce325c872e1,非密-第二类危险源分析.docx,181
HZFHF_b0754a2f37091755b188,LOCHF_f3aeca2b9a4fc722a4b5,1,运行参数缓慢偏移，工况持续劣化，精度逐步下降,设备设施因素,运行工况异常,漂移失稳,EVHF_949377867e131a02a02b,非密-第二类危险源分析.docx,182
HZFHF_4295918af89e016f2b2b,LOCHF_249f366e77df58d167c3,1,停机待机状态下设备自行运转、自行加载,设备设施因素,运行工况异常,意外自运行,EVHF_db5945c6259b9e5b2a6f,非密-第二类危险源分析.docx,183
HZFHF_dd76d02e06595ac7272a,LOCHF_89267cfb8c929bf19ad0,1,转速、流量、出力忽高忽低，运行波动剧烈,设备设施因素,运行工况异常,输出紊乱,EVHF_c71240af4c361dd87c23,非密-第二类危险源分析.docx,184
HZFHF_0a5fae2a43d160617354,LOCHF_0d629c7fe15c85e6f762,1,出现摩擦、撞击、啸叫、异振等非正常运行声响,设备设施因素,运行工况异常,异响噪音,EVHF_f8dd3a3a995a0b9e36a1,非密-第二类危险源分析.docx,185
HZFHF_2c2c8a7fdaff442fa489,LOCHF_676226ec9353cdd583d5,1,电气部件绝缘层老化、破损，绝缘电阻下降、漏电隐患,设备设施因素,运行工况异常,电气绝缘故障（绝缘劣化）,EVHF_4c4f2bf8ac954acb206c,非密-第二类危险源分析.docx,186
HZFHF_a7a1c92379f2a804ef87,LOCHF_6da1f969cda2093037e7,1,线路、元器件断路、短路、击穿，回路失效,设备设施因素,运行工况异常,电气绝缘故障（短路/开路）,EVHF_bd7d27d242a7ac5e3751,非密-第二类危险源分析.docx,187
HZFHF_972066429fc7873b3776,LOCHF_64398462057757b32b6e,1,设备整体效率、出力、精度长期下降，达不到额定工况,设备设施因素,运行工况异常,整机性能故障（性能衰退）,EVHF_986dd79429ae455e6e46,非密-第二类危险源分析.docx,188
HZFHF_828d205a13285c630164,LOCHF_0398b8fde993dfd913a9,1,采用本质安全水平较低的设备设施，如阀门种类选用不当,设备设施因素,其他,设备选用不当,EVHF_b648a9c4338647bb3740,非密-第二类危险源分析.docx,189
HZFHF_7a8810bad7cde361736a,LOCHF_72146974633980faf0a2,1,工房未设置防雷设施或防雷设施未经检验,环境因素,防雷,防雷设施失效,EVHF_c5b2e7766c913548e250,非密-第二类危险源分析.docx,191
HZFHF_5f2258df4e83ff053039,LOCHF_72146974633980faf0a2,2,工房未做等电位连接或失效,环境因素,防雷,防雷设施失效,EVHF_c5b2e7766c913548e250,非密-第二类危险源分析.docx,191
HZFHF_105d640523c969e89db4,LOCHF_72146974633980faf0a2,3,工房防雷设施损坏或设计缺陷,环境因素,防雷,防雷设施失效,EVHF_c5b2e7766c913548e250,非密-第二类危险源分析.docx,191
HZFHF_79c684383a7f9b14fdbc,LOCHF_72146974633980faf0a2,4,工房防直击雷击电阻超标,环境因素,防雷,防雷设施失效,EVHF_c5b2e7766c913548e250,非密-第二类危险源分析.docx,191
HZFHF_5ba158188189d9f20e4d,LOCHF_72146974633980faf0a2,5,防感应雷接地电阻超标,环境因素,防雷,防雷设施失效,EVHF_c5b2e7766c913548e250,非密-第二类危险源分析.docx,191
HZFHF_753c9f791b012e4fcd31,LOCHF_181b0c9f35c025848289,1,防静电护具缺失,环境因素,防静电,防静电护具失效,EVHF_328a3f8d51407df3213c,非密-第二类危险源分析.docx,192
HZFHF_ec3995141b49693e29cb,LOCHF_181b0c9f35c025848289,2,防静电护具损坏,环境因素,防静电,防静电护具失效,EVHF_328a3f8d51407df3213c,非密-第二类危险源分析.docx,192
HZFHF_04ac6694b97a306e0121,LOCHF_c1d75da6b7bd2e3235b5,1,未正确穿戴防静电鞋服等防静电护具,环境因素,防静电,未正确穿戴防静电护具,EVHF_a0a3cb07d6e8d55466ab,非密-第二类危险源分析.docx,193
HZFHF_d7f1a22d8799ec05770c,LOCHF_d13a7d6747c69dc6bd4a,1,人体静电释放装置缺失,环境因素,防静电,人体静电释放装置失效/人体综合电阻检测装置失效,EVHF_111f6fe6c81bed9e4cab,非密-第二类危险源分析.docx,194
HZFHF_cb4f36e8fc409bcc1aa0,LOCHF_d13a7d6747c69dc6bd4a,2,人体静电释放装置失效或人体综合电阻检测装置失效,环境因素,防静电,人体静电释放装置失效/人体综合电阻检测装置失效,EVHF_111f6fe6c81bed9e4cab,非密-第二类危险源分析.docx,194
HZFHF_ba6d4dd2edc0df674e83,LOCHF_5fbfb5fb671dc8fef93f,1,接地不良,环境因素,防静电,接地电阻不合格,EVHF_1a737c850bcf6ceee280,非密-第二类危险源分析.docx,195
HZFHF_c3c02caee6391c75323c,LOCHF_5fbfb5fb671dc8fef93f,2,接地连接点松动、锈蚀，导致接触电阻增大,环境因素,防静电,接地电阻不合格,EVHF_1a737c850bcf6ceee280,非密-第二类危险源分析.docx,195
HZFHF_b9a8eb2c8874d18299e6,LOCHF_8c8469d1888fc09acc2f,1,接地线线径过细或材质不符合要求,环境因素,防静电,接地线接地不规范、不牢固,EVHF_87beb3ed85460cc6186c,非密-第二类危险源分析.docx,196
HZFHF_8d73840c7817a8d216b6,LOCHF_8c8469d1888fc09acc2f,2,接地连接点未采取防松、防锈措施,环境因素,防静电,接地线接地不规范、不牢固,EVHF_87beb3ed85460cc6186c,非密-第二类危险源分析.docx,196
HZFHF_4e8457ff0a95bf43793c,LOCHF_f1f78bdb5c87bcbd0c74,1,未定期维护或维护不当防静电胶板,环境因素,防静电,工作台防静电胶板污染,EVHF_ee0c0c50d6a0c6e68a5d,非密-第二类危险源分析.docx,197
HZFHF_1c8919867133f8665b5e,LOCHF_2e637f2274c208a56374,1,设备、电气线路选型不符合防爆防尘要求,环境因素,电气设备,设备、电气线路不符合防爆防尘要求,EVHF_dcc493e4040650c0f70c,非密-第二类危险源分析.docx,198
HZFHF_ae17ae5151b935a51f4d,LOCHF_2e637f2274c208a56374,2,电气线路保护、敷设不满足危险区域要求,环境因素,电气设备,设备、电气线路不符合防爆防尘要求,EVHF_dcc493e4040650c0f70c,非密-第二类危险源分析.docx,198
HZFHF_803dd77d9fdfdc8c85da,LOCHF_2e637f2274c208a56374,3,设备接地线缺失、断开或接地电阻超标，静电无法有效导出,环境因素,电气设备,设备、电气线路不符合防爆防尘要求,EVHF_dcc493e4040650c0f70c,非密-第二类危险源分析.docx,198
HZFHF_e68e6e839f6eca2bb5d1,LOCHF_9b9861248a2997148a3a,1,设备进出线管接口有破损、松动现象,环境因素,电气设备,设备进出线管接口有缺陷,EVHF_9b73b9db0c0a142085b9,非密-第二类危险源分析.docx,199
HZFHF_31c43d8796c7d21d09ae,LOCHF_ab6a1eda37ba7d7fddaf,1,工艺平面布局不符合GF/T-8要求,环境因素,作业环境,工艺平面布局不符合要求,EVHF_b901de676f9273e5f7cb,非密-第二类危险源分析.docx,200
HZFHF_e5a7bfad55822aaf0001,LOCHF_21a33eec120b83b03d49,1,超员超量,环境因素,作业环境,定员定量不符合要求,EVHF_e2015fcd088bdf5c9491,非密-第二类危险源分析.docx,201
HZFHF_6b6222732e43640d6bad,LOCHF_0a15675b92b64d743dff,1,灯具数量不足或功率选型过低,环境因素,作业环境,采光照明不良,EVHF_0713d6b421b955b2576a,非密-第二类危险源分析.docx,202
HZFHF_a58189cf769f434fc15a,LOCHF_0a15675b92b64d743dff,2,自然采光窗口被物料、设备遮挡,环境因素,作业环境,采光照明不良,EVHF_0713d6b421b955b2576a,非密-第二类危险源分析.docx,202
HZFHF_005656849976a4b497e7,LOCHF_0a15675b92b64d743dff,3,人工照明灯具损坏未及时更换,环境因素,作业环境,采光照明不良,EVHF_0713d6b421b955b2576a,非密-第二类危险源分析.docx,202
HZFHF_3c5e6db1b6c6c47ceee7,LOCHF_1f88b94ce8b846030afb,1,阶梯或活动架的扶手、护栏等防护设施缺失、高度不足或连接不牢固,环境因素,作业环境,阶梯和活动架缺陷,EVHF_1537d1f0e4725dcd0a95,非密-第二类危险源分析.docx,203
HZFHF_1d2897059eb13e648089,LOCHF_6804c255a4ca2ffb07a1,1,温湿度不在工艺要求范围内,环境因素,作业环境,工房温湿度不满足工艺要求,EVHF_b1b397f3a875c1f656b7,非密-第二类危险源分析.docx,204
HZFHF_f46796d62e6e9d197c5a,LOCHF_6804c255a4ca2ffb07a1,2,温湿度监测仪表损坏或未校准,环境因素,作业环境,工房温湿度不满足工艺要求,EVHF_b1b397f3a875c1f656b7,非密-第二类危险源分析.docx,204
HZFHF_c31d7b7522b3266bdf3b,LOCHF_e38fc01000e90a80b524,1,新增或临时搬运来的设备、物料、工装器具未按定置图划定的区域摆放,环境因素,作业环境,现场实物与定制图不一致,EVHF_613d757c426f4efafefe,非密-第二类危险源分析.docx,205
HZFHF_c5c79116cbea2ee3f484,LOCHF_4269b99eee6d36cd1046,1,通道堵塞不畅,环境因素,作业环境,物流通道、安全通道不畅,EVHF_3107752013f815e5cacc,非密-第二类危险源分析.docx,206
HZFHF_7a012a9f2aad360c132e,LOCHF_4269b99eee6d36cd1046,2,安全出口门上锁、通道门开启方向错误或通道宽度被设备、管线占用,环境因素,作业环境,物流通道、安全通道不畅,EVHF_3107752013f815e5cacc,非密-第二类危险源分析.docx,206
HZFHF_a9c59db7cb5f8706d81f,LOCHF_5dc4324abfb1621cf303,1,通风除尘不良,环境因素,作业环境,通风除尘设施缺陷或未正常投入使用,EVHF_95f73df0fae0e2af42d3,非密-第二类危险源分析.docx,207
HZFHF_688e49cb7211f3080979,LOCHF_5dc4324abfb1621cf303,2,通风除尘设施损坏、故障,环境因素,作业环境,通风除尘设施缺陷或未正常投入使用,EVHF_95f73df0fae0e2af42d3,非密-第二类危险源分析.docx,207
HZFHF_aede8bdd0eb462bca71e,LOCHF_5dc4324abfb1621cf303,3,未定期维护保养,环境因素,作业环境,通风除尘设施缺陷或未正常投入使用,EVHF_95f73df0fae0e2af42d3,非密-第二类危险源分析.docx,207
HZFHF_610e7cc01a870eb3ecd8,LOCHF_38978e5cd4fee87006f1,1,地面、台面、设备、工装、产品表面、辅助工具等处，四药清理不及时、不干净,环境因素,作业环境,散药、浮药、余药、残药（“四药”）未清理,EVHF_47035f5e674447ff45e4,非密-第二类危险源分析.docx,208
HZFHF_06f114e5f42664a126b2,LOCHF_811233e8058fb094975c,1,检维修作业前未彻底清理危险物料,环境因素,作业环境,检维修作业前存有危险物料,EVHF_5e7b48b36cf708115953,非密-第二类危险源分析.docx,209
HZFHF_1e1dd5293d770de624c9,LOCHF_c0f9ea72ceca71cfb92f,1,审批层级未达规定要求,管理因素,动火作业,审批流程不符合规范,EVHF_cb75573a365d8ea9583c,非密-第二类危险源分析.docx,211
HZFHF_bc661e3723ad5b371496,LOCHF_c0f9ea72ceca71cfb92f,2,审批表内容不完整,管理因素,动火作业,审批流程不符合规范,EVHF_cb75573a365d8ea9583c,非密-第二类危险源分析.docx,211
HZFHF_c4a3f58f8f2383c60ed5,LOCHF_9e7054e3d1aa05fd467e,1,特种作业人员证件已过期未复审,管理因素,动火作业,作业人员资质问题,EVHF_cec398b14a8d93aa6832,非密-第二类危险源分析.docx,212
HZFHF_6c2f07e7351ead8562e4,LOCHF_9e7054e3d1aa05fd467e,2,人证不符,管理因素,动火作业,作业人员资质问题,EVHF_cec398b14a8d93aa6832,非密-第二类危险源分析.docx,212
HZFHF_a7ed9a8ec350392b9c9f,LOCHF_9e7054e3d1aa05fd467e,3,外部相关方人员未经过入厂安全培训考核,管理因素,动火作业,作业人员资质问题,EVHF_cec398b14a8d93aa6832,非密-第二类危险源分析.docx,212
HZFHF_a2565083bc682bb65d4d,LOCHF_7a0dbac31576ba148918,1,动火作业前，缺少针对物料特性、设备构造、生产现场实际制定的清理方案,管理因素,动火作业,动火作业前，缺少清理危险物料方案,EVHF_6d81d8973fc59294d70d,非密-第二类危险源分析.docx,213
HZFHF_c392fa1a9c0d25c7f4fc,LOCHF_512296b3460e35454c2e,1,消防设施压力不足、已过有效期或选型错误,管理因素,消防管理,消防设施不合格,EVHF_eebfb22308aa2636fb80,非密-第二类危险源分析.docx,214
HZFHF_698144b4d64d44d5358a,LOCHF_36c44fe18e8ae42d8de9,1,灭火器、消防栓及消防雨淋配置缺失,管理因素,消防管理,消防设施缺失,EVHF_f1cb68ee760bd0ac4214,非密-第二类危险源分析.docx,215
HZFHF_e81f2139f3df72230daa,LOCHF_36c44fe18e8ae42d8de9,2,功能标识缺失,管理因素,消防管理,消防设施缺失,EVHF_f1cb68ee760bd0ac4214,非密-第二类危险源分析.docx,215
HZFHF_857460b5f36e752c21af,LOCHF_f524ea733d8aa142af39,1,进入爆炸性危险区域作业，未更换防爆型车辆,管理因素,特种设备管理,防爆叉车、起重设备等或配套设施不合格,EVHF_aede8b56f95d33fc3958,非密-第二类危险源分析.docx,216
HZFHF_36b2448a5050c17151c9,LOCHF_f524ea733d8aa142af39,2,防爆设备上的防爆缺失,管理因素,特种设备管理,防爆叉车、起重设备等或配套设施不合格,EVHF_aede8b56f95d33fc3958,非密-第二类危险源分析.docx,216
HZFHF_c9243d7a031ae4123933,LOCHF_f524ea733d8aa142af39,3,特种设备的安全装置损坏或缺失,管理因素,特种设备管理,防爆叉车、起重设备等或配套设施不合格,EVHF_aede8b56f95d33fc3958,非密-第二类危险源分析.docx,216
HZFHF_099568abee7716b6a81c,LOCHF_9a7ea532ce7ff70422b2,1,防爆叉车、起重机等操作人员无资格证、或资格证过有效期,管理因素,特种设备管理,防爆叉车、起重机等操作人员资格证缺失,EVHF_1764b4c32e0563007a62,非密-第二类危险源分析.docx,217
HZFHF_1810ea614ad4b1565dc3,LOCHF_65a33e4e99891137d49e,1,事故应急预案缺陷,管理因素,安全管理,应急管理缺陷,EVHF_03f0f385ce2ff8629ea0,非密-第二类危险源分析.docx,218
HZFHF_96f66c6c2b349f0f6c59,LOCHF_65a33e4e99891137d49e,2,应急预案培训不到位,管理因素,安全管理,应急管理缺陷,EVHF_03f0f385ce2ff8629ea0,非密-第二类危险源分析.docx,218
HZFHF_09f41d617ac19fc24b61,LOCHF_65a33e4e99891137d49e,3,应急预案演练不规范,管理因素,安全管理,应急管理缺陷,EVHF_03f0f385ce2ff8629ea0,非密-第二类危险源分析.docx,218
HZFHF_c1fedb36811db4baa00f,LOCHF_65a33e4e99891137d49e,4,专项应急预案的审查、备案,管理因素,安全管理,应急管理缺陷,EVHF_03f0f385ce2ff8629ea0,非密-第二类危险源分析.docx,218
HZFHF_da51835c3b4116c1e623,LOCHF_36cd63d7a3e9700f9c2b,1,隐患排查频次不足,管理因素,安全管理,隐患排查治理不到位,EVHF_b25bd602ccdd3d202f9a,非密-第二类危险源分析.docx,219
HZFHF_133b1d5aad19c8bd5f64,LOCHF_36cd63d7a3e9700f9c2b,2,已发现的隐患整改不彻底,管理因素,安全管理,隐患排查治理不到位,EVHF_b25bd602ccdd3d202f9a,非密-第二类危险源分析.docx,219
HZFHF_6dab843764510085f817,LOCHF_9e9b2748884b3a4bc826,1,新设备、新工艺投入使用后，未及时同步编制或修订操作规程,管理因素,安全管理,操作规程不完整、文实不符,EVHF_b8ce8ff0521fe273c23c,非密-第二类危险源分析.docx,220
