evidence_id,source_row_id,source_doc,table_name,table_row,major_category,subcategory,failure_mode,release_factor_raw,evidence_text
EVHF_607d6474ffc5fb504036,SRCHF_7ad002752b280e9c4058,非密-第二类危险源分析.docx,表4 工序/岗位危险有害因素一览表,3,人的因素,人员操作,违章操作,攀、坐不安全位置；物体存放不当；司机违章操作（未按规定线路行驶、行驶速度过快、物料搬运过程中启动转运车、转运车带病作业、车辆超速、剧烈颠簸或急转弯）；禁忌物混存混放；将废危险品（废药）混入普通垃圾内,"类别：人的因素 > 人员操作
失效模式：违章操作
导致危险源释放的因素：攀、坐不安全位置；物体存放不当；司机违章操作（未按规定线路行驶、行驶速度过快、物料搬运过程中启动转运车、转运车带病作业、车辆超速、剧烈颠簸或急转弯）；禁忌物混存混放；将废危险品（废药）混入普通垃圾内"
EVHF_ea82c503034fbcf17eae,SRCHF_9e07388e44ee47a785d6,非密-第二类危险源分析.docx,表4 工序/岗位危险有害因素一览表,4,人的因素,人员操作,操作时间错误（包括操作时机、操作时长）,设备运转时修理、检查、调整、焊接、清扫等工作；操作时间过长，物料温度降低,"类别：人的因素 > 人员操作
失效模式：操作时间错误（包括操作时机、操作时长）
导致危险源释放的因素：设备运转时修理、检查、调整、焊接、清扫等工作；操作时间过长，物料温度降低"
EVHF_c743c60d1b9e553d327c,SRCHF_915c8a9da5df214fee0a,非密-第二类危险源分析.docx,表4 工序/岗位危险有害因素一览表,5,人的因素,人员操作,操作次序错误,加料顺序错误,"类别：人的因素 > 人员操作
失效模式：操作次序错误
导致危险源释放的因素：加料顺序错误"
EVHF_0a9e52fff5b47473b825,SRCHF_fec323b1f0adfd5d15af,非密-第二类危险源分析.docx,表4 工序/岗位危险有害因素一览表,6,人的因素,人员操作,操作力度错误,搬、抬、举、刮、翻、推、捅、卸、擦等操作行为过度；加料速度过快；人工动作过大,"类别：人的因素 > 人员操作
失效模式：操作力度错误
导致危险源释放的因素：搬、抬、举、刮、翻、推、捅、卸、擦等操作行为过度；加料速度过快；人工动作过大"
EVHF_afd65196b345ecaa6224,SRCHF_c44d861a927536e130d2,非密-第二类危险源分析.docx,表4 工序/岗位危险有害因素一览表,7,人的因素,人员操作,操作对象错误,加料种类/规格错误,"类别：人的因素 > 人员操作
失效模式：操作对象错误
导致危险源释放的因素：加料种类/规格错误"
EVHF_aae48b3dfe9897ae4437,SRCHF_45cafb09d5a5772e2380,非密-第二类危险源分析.docx,表4 工序/岗位危险有害因素一览表,8,人的因素,人员操作,操作衔接错误,,"类别：人的因素 > 人员操作
失效模式：操作衔接错误
导致危险源释放的因素："
EVHF_0a96e71082bd30be786d,SRCHF_1efb21887e9d20ace659,非密-第二类危险源分析.docx,表4 工序/岗位危险有害因素一览表,9,人的因素,人员操作,操作不到位/操作不当,工具与料斗发生摩擦、撞击；布袋未固定扎紧导致脱落；称量质量有误；物料加入位置不符合要求；加入质量有误；残余压力未泄放；人员输入参数有误,"类别：人的因素 > 人员操作
失效模式：操作不到位/操作不当
导致危险源释放的因素：工具与料斗发生摩擦、撞击；布袋未固定扎紧导致脱落；称量质量有误；物料加入位置不符合要求；加入质量有误；残余压力未泄放；人员输入参数有误"
EVHF_45a3aaf4f2f94c20502e,SRCHF_fc89c028bacfc466b374,非密-第二类危险源分析.docx,表4 工序/岗位危险有害因素一览表,10,人的因素,人员操作,操作工具错误,使用不安全装置；手代替工具操作；操作工具材质不符合要求,"类别：人的因素 > 人员操作
失效模式：操作工具错误
导致危险源释放的因素：使用不安全装置；手代替工具操作；操作工具材质不符合要求"
EVHF_0aea3545a1e0dd3482b1,SRCHF_8625bfe5a0f3095ef52a,非密-第二类危险源分析.docx,表4 工序/岗位危险有害因素一览表,11,人的因素,人员操作,操作遗漏,未清理残药；未清理筛网；未清理粉尘；未清理阀门接口和管路等杂质；补料漏补；废药未及时入库,"类别：人的因素 > 人员操作
失效模式：操作遗漏
导致危险源释放的因素：未清理残药；未清理筛网；未清理粉尘；未清理阀门接口和管路等杂质；补料漏补；废药未及时入库"
EVHF_a0b93a7784a25624690f,SRCHF_fc035e59aaf5c6dc4eda,非密-第二类危险源分析.docx,表4 工序/岗位危险有害因素一览表,12,人的因素,人员协作,人员协作失误,吊索具未完全挂好就开动起重机；未固定好料斗就开动转运车,"类别：人的因素 > 人员协作
失效模式：人员协作失误
导致危险源释放的因素：吊索具未完全挂好就开动起重机；未固定好料斗就开动转运车"
EVHF_9ddf82dcc64a27ed7d8a,SRCHF_884d1fa52408adb92e82,非密-第二类危险源分析.docx,表4 工序/岗位危险有害因素一览表,13,人的因素,其他,混入异物,作业过程中混入异物；物料未经磁选、过筛，含有异物,"类别：人的因素 > 其他
失效模式：混入异物
导致危险源释放的因素：作业过程中混入异物；物料未经磁选、过筛，含有异物"
EVHF_775b5ea6827ed8965603,SRCHF_e272d5a924f6e35e8a1a,非密-第二类危险源分析.docx,表4 工序/岗位危险有害因素一览表,14,人的因素,其他,粘附含能物料,表面粘附粘合剂，未及时清理,"类别：人的因素 > 其他
失效模式：粘附含能物料
导致危险源释放的因素：表面粘附粘合剂，未及时清理"
EVHF_b1eb1bad60885b85f9ea,SRCHF_41d89841187a9f493e9e,非密-第二类危险源分析.docx,表4 工序/岗位危险有害因素一览表,15,人的因素,其他,安全防护不到位/失效/未开启,未穿戴防护用品；未固定在工装，或固定不稳、固定不牢；未开启局部除尘装置；固定装置失效,"类别：人的因素 > 其他
失效模式：安全防护不到位/失效/未开启
导致危险源释放的因素：未穿戴防护用品；未固定在工装，或固定不稳、固定不牢；未开启局部除尘装置；固定装置失效"
EVHF_5637a6b71cd8780a662c,SRCHF_c9cce373c6651bcf7173,非密-第二类危险源分析.docx,表4 工序/岗位危险有害因素一览表,17,工艺因素,温度异常,温度控制装置失效,温控器故障导致无法调节温度,"类别：工艺因素 > 温度异常
失效模式：温度控制装置失效
导致危险源释放的因素：温控器故障导致无法调节温度"
EVHF_4346d0ee7ba01222a614,SRCHF_9252a1bfe2024a8ec312,非密-第二类危险源分析.docx,表4 工序/岗位危险有害因素一览表,18,工艺因素,温度异常,温度传感器失效,测量值偏差或信号丢失,"类别：工艺因素 > 温度异常
失效模式：温度传感器失效
导致危险源释放的因素：测量值偏差或信号丢失"
EVHF_e161998fb4196dd62655,SRCHF_6808369b1eb60735b905,非密-第二类危险源分析.docx,表4 工序/岗位危险有害因素一览表,19,工艺因素,温度异常,加热装置失控,加热功率持续输出造成超温,"类别：工艺因素 > 温度异常
失效模式：加热装置失控
导致危险源释放的因素：加热功率持续输出造成超温"
EVHF_094555f3edae882dab69,SRCHF_6bf7b23e93f5f1e9b380,非密-第二类危险源分析.docx,表4 工序/岗位危险有害因素一览表,20,工艺因素,温度异常,冷却系统故障,冷却介质无法正常循环,"类别：工艺因素 > 温度异常
失效模式：冷却系统故障
导致危险源释放的因素：冷却介质无法正常循环"
EVHF_299048dcd3b50ac73aa3,SRCHF_0f6a49774b2c4b669cce,非密-第二类危险源分析.docx,表4 工序/岗位危险有害因素一览表,21,工艺因素,温度异常,温度分布不均,局部热点形成导致物料受热不均,"类别：工艺因素 > 温度异常
失效模式：温度分布不均
导致危险源释放的因素：局部热点形成导致物料受热不均"
EVHF_03e4adcbf8934813dfdd,SRCHF_128d0c0d95dbad666443,非密-第二类危险源分析.docx,表4 工序/岗位危险有害因素一览表,22,工艺因素,温度异常,参数设置错误,温度设定值超出工艺要求,"类别：工艺因素 > 温度异常
失效模式：参数设置错误
导致危险源释放的因素：温度设定值超出工艺要求"
EVHF_fcf8876cddbce0468413,SRCHF_df80b558821b226618d1,非密-第二类危险源分析.docx,表4 工序/岗位危险有害因素一览表,23,工艺因素,温度异常,换热器结垢堵塞,热交换能力降低,"类别：工艺因素 > 温度异常
失效模式：换热器结垢堵塞
导致危险源释放的因素：热交换能力降低"
EVHF_8ed976059b56d408ed9b,SRCHF_aff3c70cf54bb1ca415b,非密-第二类危险源分析.docx,表4 工序/岗位危险有害因素一览表,24,工艺因素,温度异常,升温速率过快,局部热应力增大,"类别：工艺因素 > 温度异常
失效模式：升温速率过快
导致危险源释放的因素：局部热应力增大"
EVHF_462bec4277b672a4554b,SRCHF_a81300c30910a69f58ba,非密-第二类危险源分析.docx,表4 工序/岗位危险有害因素一览表,25,工艺因素,温度异常,升温速率过慢,工艺过程异常,"类别：工艺因素 > 温度异常
失效模式：升温速率过慢
导致危险源释放的因素：工艺过程异常"
EVHF_11d19a443ce9f6b8bb5a,SRCHF_9dcc136c6413e2e525f8,非密-第二类危险源分析.docx,表4 工序/岗位危险有害因素一览表,26,工艺因素,温度异常,突然温升,热失控征兆,"类别：工艺因素 > 温度异常
失效模式：突然温升
导致危险源释放的因素：热失控征兆"
EVHF_e386dc8655a5b294ad49,SRCHF_87032cf4a62a59cd1eb3,非密-第二类危险源分析.docx,表4 工序/岗位危险有害因素一览表,27,工艺因素,温度异常,突然降温,导致物料结晶、凝固或性能变化,"类别：工艺因素 > 温度异常
失效模式：突然降温
导致危险源释放的因素：导致物料结晶、凝固或性能变化"
EVHF_d9603ea2c78fa9c48756,SRCHF_0ce0a2bf9c5d046bb9f8,非密-第二类危险源分析.docx,表4 工序/岗位危险有害因素一览表,28,工艺因素,冷却速率异常,冷却介质流量不足,管路堵塞或泵送能力下降,"类别：工艺因素 > 冷却速率异常
失效模式：冷却介质流量不足
导致危险源释放的因素：管路堵塞或泵送能力下降"
EVHF_c07867e68aaa57a4be9a,SRCHF_e59cebc654bfd858e8a9,非密-第二类危险源分析.docx,表4 工序/岗位危险有害因素一览表,29,工艺因素,冷却速率异常,冷却介质流量过大,冷却速度过快,"类别：工艺因素 > 冷却速率异常
失效模式：冷却介质流量过大
导致危险源释放的因素：冷却速度过快"
EVHF_eccafa91e45de05634b3,SRCHF_b9f981cdc640c4854bb4,非密-第二类危险源分析.docx,表4 工序/岗位危险有害因素一览表,30,工艺因素,冷却速率异常,温度传感器失效,无法准确判断冷却状态,"类别：工艺因素 > 冷却速率异常
失效模式：温度传感器失效
导致危险源释放的因素：无法准确判断冷却状态"
EVHF_9d8e173996a638fbbc2e,SRCHF_294099aa533da6fb853b,非密-第二类危险源分析.docx,表4 工序/岗位危险有害因素一览表,31,工艺因素,冷却速率异常,冷却不均匀,不同区域降温速度不同,"类别：工艺因素 > 冷却速率异常
失效模式：冷却不均匀
导致危险源释放的因素：不同区域降温速度不同"
EVHF_615dab0964bb1f96c43c,SRCHF_c414c55a0b094cb1729e,非密-第二类危险源分析.docx,表4 工序/岗位危险有害因素一览表,32,工艺因素,冷却速率异常,冷却介质中断,冷却水、冷却风供应停止,"类别：工艺因素 > 冷却速率异常
失效模式：冷却介质中断
导致危险源释放的因素：冷却水、冷却风供应停止"
EVHF_f3639194dcbd640b9f42,SRCHF_63ae48dfffea90815d6a,非密-第二类危险源分析.docx,表4 工序/岗位危险有害因素一览表,33,工艺因素,冷却速率异常,冷却控制系统故障,无法按设定速率降温,"类别：工艺因素 > 冷却速率异常
失效模式：冷却控制系统故障
导致危险源释放的因素：无法按设定速率降温"
EVHF_ac4821af238e1178330b,SRCHF_edc4a2ef5433bffb6fb9,非密-第二类危险源分析.docx,表4 工序/岗位危险有害因素一览表,34,工艺因素,冷却速率异常,冷却速率过快,导致物料开裂、析晶或应力集中,"类别：工艺因素 > 冷却速率异常
失效模式：冷却速率过快
导致危险源释放的因素：导致物料开裂、析晶或应力集中"
EVHF_6454ca9a77f4c1aab1d6,SRCHF_ee967e2c2ff13f185032,非密-第二类危险源分析.docx,表4 工序/岗位危险有害因素一览表,35,工艺因素,冷却速率异常,换热器结垢失效,换热效率降低,"类别：工艺因素 > 冷却速率异常
失效模式：换热器结垢失效
导致危险源释放的因素：换热效率降低"
EVHF_826d205ecc6bd05cfb0b,SRCHF_3b124c8d0004413d8432,非密-第二类危险源分析.docx,表4 工序/岗位危险有害因素一览表,36,工艺因素,压力异常,空压机运行失效,压缩空气供应不足,"类别：工艺因素 > 压力异常
失效模式：空压机运行失效
导致危险源释放的因素：压缩空气供应不足"
EVHF_c7bd6ab01cf021967abf,SRCHF_77f860504ea23949ff7c,非密-第二类危险源分析.docx,表4 工序/岗位危险有害因素一览表,37,工艺因素,压力异常,压力表不准确,指示失真导致误操作,"类别：工艺因素 > 压力异常
失效模式：压力表不准确
导致危险源释放的因素：指示失真导致误操作"
EVHF_781c04d46a258963a1f5,SRCHF_a06f98b8037fdfc0f3eb,非密-第二类危险源分析.docx,表4 工序/岗位危险有害因素一览表,38,工艺因素,压力异常,阀门等连接处密封不严,造成压力泄漏,"类别：工艺因素 > 压力异常
失效模式：阀门等连接处密封不严
导致危险源释放的因素：造成压力泄漏"
EVHF_698b91906a53bd1978d9,SRCHF_fe1a17cfea09bea61206,非密-第二类危险源分析.docx,表4 工序/岗位危险有害因素一览表,39,工艺因素,压力异常,密封圈老化损坏,造成压力泄漏,"类别：工艺因素 > 压力异常
失效模式：密封圈老化损坏
导致危险源释放的因素：造成压力泄漏"
EVHF_f7af47b1c94184d18dd7,SRCHF_9022e8bd4f0fb0b596e2,非密-第二类危险源分析.docx,表4 工序/岗位危险有害因素一览表,40,工艺因素,压力异常,工装破损漏气,系统无法维持设计压力,"类别：工艺因素 > 压力异常
失效模式：工装破损漏气
导致危险源释放的因素：系统无法维持设计压力"
EVHF_c9e018202860f27054c4,SRCHF_f28648036f64073d2c2b,非密-第二类危险源分析.docx,表4 工序/岗位危险有害因素一览表,41,工艺因素,压力异常,调压阀故障,输出压力超限或不足,"类别：工艺因素 > 压力异常
失效模式：调压阀故障
导致危险源释放的因素：输出压力超限或不足"
EVHF_85d1be0d08b98cd4bb32,SRCHF_a4d6bcfdac01477e4dfe,非密-第二类危险源分析.docx,表4 工序/岗位危险有害因素一览表,42,工艺因素,压力异常,排气系统堵塞,导致设备超压,"类别：工艺因素 > 压力异常
失效模式：排气系统堵塞
导致危险源释放的因素：导致设备超压"
EVHF_8ab8e0c8710aa1a992b4,SRCHF_682f31b1e5958d6ee145,非密-第二类危险源分析.docx,表4 工序/岗位危险有害因素一览表,43,工艺因素,压力异常,安全泄放装置失效,超压时无法及时泄压,"类别：工艺因素 > 压力异常
失效模式：安全泄放装置失效
导致危险源释放的因素：超压时无法及时泄压"
EVHF_c7dc799e824b4e16c818,SRCHF_a4d87f2bde456928382c,非密-第二类危险源分析.docx,表4 工序/岗位危险有害因素一览表,44,工艺因素,压力异常,压力释放不完全,系统残压存在,"类别：工艺因素 > 压力异常
失效模式：压力释放不完全
导致危险源释放的因素：系统残压存在"
EVHF_02d43f46e65f42e03f72,SRCHF_b3111380cde3508395db,非密-第二类危险源分析.docx,表4 工序/岗位危险有害因素一览表,45,工艺因素,压力异常,压力骤升,短时间内快速超压,"类别：工艺因素 > 压力异常
失效模式：压力骤升
导致危险源释放的因素：短时间内快速超压"
EVHF_7ea5d6fd8db1a44d2d53,SRCHF_df0d5508b6dece5805b3,非密-第二类危险源分析.docx,表4 工序/岗位危险有害因素一览表,46,工艺因素,压力异常,压力骤降,系统失压,"类别：工艺因素 > 压力异常
失效模式：压力骤降
导致危险源释放的因素：系统失压"
EVHF_cfa83311b7d6ac541a8a,SRCHF_364d760f47f8b9a5f112,非密-第二类危险源分析.docx,表4 工序/岗位危险有害因素一览表,47,工艺因素,压力异常,局部压力异常,管路或容器局部超压,"类别：工艺因素 > 压力异常
失效模式：局部压力异常
导致危险源释放的因素：管路或容器局部超压"
EVHF_44220d9a04afa1cf0170,SRCHF_bb3806d511ce1086efe9,非密-第二类危险源分析.docx,表4 工序/岗位危险有害因素一览表,48,工艺因素,压力异常,压力释放过快,产生冲击和扬尘,"类别：工艺因素 > 压力异常
失效模式：压力释放过快
导致危险源释放的因素：产生冲击和扬尘"
EVHF_9237bcc024df0e2dfcf0,SRCHF_501fdf2c1f9528feeedc,非密-第二类危险源分析.docx,表4 工序/岗位危险有害因素一览表,49,工艺因素,压力异常,压力波动过大,工况不稳定,"类别：工艺因素 > 压力异常
失效模式：压力波动过大
导致危险源释放的因素：工况不稳定"
EVHF_455ec9b80683e255ba93,SRCHF_51d650b3140e40d85169,非密-第二类危险源分析.docx,表4 工序/岗位危险有害因素一览表,50,工艺因素,压力异常,压力联锁失效,异常状态下设备未停机,"类别：工艺因素 > 压力异常
失效模式：压力联锁失效
导致危险源释放的因素：异常状态下设备未停机"
EVHF_b466815bc58563bd132a,SRCHF_023a5036161271cdb0c4,非密-第二类危险源分析.docx,表4 工序/岗位危险有害因素一览表,51,工艺因素,真空度异常,真空泵故障停机,无法建立或维持真空环境,"类别：工艺因素 > 真空度异常
失效模式：真空泵故障停机
导致危险源释放的因素：无法建立或维持真空环境"
EVHF_2bd39b3db3a0408fa3bb,SRCHF_2fa215efd87140d1fa5a,非密-第二类危险源分析.docx,表4 工序/岗位危险有害因素一览表,52,工艺因素,真空度异常,真空泵抽气能力下降,泵体磨损、叶片损坏导致抽气效率降低,"类别：工艺因素 > 真空度异常
失效模式：真空泵抽气能力下降
导致危险源释放的因素：泵体磨损、叶片损坏导致抽气效率降低"
EVHF_b7de039aec1d18a6e289,SRCHF_f11bbc5af1b31764acab,非密-第二类危险源分析.docx,表4 工序/岗位危险有害因素一览表,53,工艺因素,真空度异常,真空管路泄漏,管路连接处松动、密封失效导致空气进入系统,"类别：工艺因素 > 真空度异常
失效模式：真空管路泄漏
导致危险源释放的因素：管路连接处松动、密封失效导致空气进入系统"
EVHF_58e9069294aa20e28d51,SRCHF_f47dc8b9d474d64b8d94,非密-第二类危险源分析.docx,表4 工序/岗位危险有害因素一览表,54,工艺因素,真空度异常,真空阀门故障,阀门无法正常开启、关闭或调节,"类别：工艺因素 > 真空度异常
失效模式：真空阀门故障
导致危险源释放的因素：阀门无法正常开启、关闭或调节"
EVHF_ea8342446cf93fe9723b,SRCHF_102b28b272f174e26b5e,非密-第二类危险源分析.docx,表4 工序/岗位危险有害因素一览表,55,工艺因素,真空度异常,真空表失效,无法准确反映系统真空度,"类别：工艺因素 > 真空度异常
失效模式：真空表失效
导致危险源释放的因素：无法准确反映系统真空度"
EVHF_a31259a1a2e8c78f3843,SRCHF_2d14b9a8706f43c17a83,非密-第二类危险源分析.docx,表4 工序/岗位危险有害因素一览表,56,工艺因素,真空度异常,冷凝器失效,蒸汽无法有效冷凝，影响真空系统抽气能力,"类别：工艺因素 > 真空度异常
失效模式：冷凝器失效
导致危险源释放的因素：蒸汽无法有效冷凝，影响真空系统抽气能力"
EVHF_d35a4e59b990ad15bd77,SRCHF_8cb5384e8408b7300da2,非密-第二类危险源分析.docx,表4 工序/岗位危险有害因素一览表,57,工艺因素,真空度异常,工艺物料堵塞抽气口,抽气通道受阻，局部真空失效,"类别：工艺因素 > 真空度异常
失效模式：工艺物料堵塞抽气口
导致危险源释放的因素：抽气通道受阻，局部真空失效"
EVHF_821e9ef60bf16e900fd4,SRCHF_5922809bfe2cf7d4d162,非密-第二类危险源分析.docx,表4 工序/岗位危险有害因素一览表,58,工艺因素,真空度异常,真空报警失效,异常真空状态未报警,"类别：工艺因素 > 真空度异常
失效模式：真空报警失效
导致危险源释放的因素：异常真空状态未报警"
EVHF_c70ac23fff211bb00569,SRCHF_4505ab3c1d80c289f0e9,非密-第二类危险源分析.docx,表4 工序/岗位危险有害因素一览表,59,工艺因素,真空度异常,真空联锁失效,未达到真空要求仍继续运行,"类别：工艺因素 > 真空度异常
失效模式：真空联锁失效
导致危险源释放的因素：未达到真空要求仍继续运行"
EVHF_e92a7b041d65fcad7372,SRCHF_9b75d785ff1fd106f42a,非密-第二类危险源分析.docx,表4 工序/岗位危险有害因素一览表,60,工艺因素,真空度异常,参数设置错误,真空设定值超出工艺要求,"类别：工艺因素 > 真空度异常
失效模式：参数设置错误
导致危险源释放的因素：真空设定值超出工艺要求"
EVHF_381ac9e4d172fd772b09,SRCHF_082276f4818ee5d1f52d,非密-第二类危险源分析.docx,表4 工序/岗位危险有害因素一览表,61,工艺因素,真空度异常,误开进气阀,真空环境被破坏,"类别：工艺因素 > 真空度异常
失效模式：误开进气阀
导致危险源释放的因素：真空环境被破坏"
EVHF_9e1ff59f83503aff670e,SRCHF_3d0960991c5f2cd0f37a,非密-第二类危险源分析.docx,表4 工序/岗位危险有害因素一览表,62,工艺因素,真空度异常,真空解除过快,造成压力冲击,"类别：工艺因素 > 真空度异常
失效模式：真空解除过快
导致危险源释放的因素：造成压力冲击"
EVHF_c6a395b33a870ec5155f,SRCHF_34c0ee47a5bfcd11586f,非密-第二类危险源分析.docx,表4 工序/岗位危险有害因素一览表,63,工艺因素,真空度异常,真空度波动,真空状态不稳定,"类别：工艺因素 > 真空度异常
失效模式：真空度波动
导致危险源释放的因素：真空状态不稳定"
EVHF_6669aff12601817f9188,SRCHF_f5e7826bcdf9a38ba1eb,非密-第二类危险源分析.docx,表4 工序/岗位危险有害因素一览表,64,工艺因素,流量异常,流量计失效,无法准确监测流量,"类别：工艺因素 > 流量异常
失效模式：流量计失效
导致危险源释放的因素：无法准确监测流量"
EVHF_cb8f12d553eba24e616a,SRCHF_28d7809725f9b6f5f226,非密-第二类危险源分析.docx,表4 工序/岗位危险有害因素一览表,65,工艺因素,流量异常,输送泵故障,物料输送量不足,"类别：工艺因素 > 流量异常
失效模式：输送泵故障
导致危险源释放的因素：物料输送量不足"
EVHF_25a6df471a876735a4bd,SRCHF_582f0e4d716f3876b07e,非密-第二类危险源分析.docx,表4 工序/岗位危险有害因素一览表,66,工艺因素,流量异常,管路堵塞,物料沉积或异物堵塞导致流量降低,"类别：工艺因素 > 流量异常
失效模式：管路堵塞
导致危险源释放的因素：物料沉积或异物堵塞导致流量降低"
EVHF_3cae71893eb0bba1d5ff,SRCHF_6b314758d82feb13577c,非密-第二类危险源分析.docx,表4 工序/岗位危险有害因素一览表,67,工艺因素,流量异常,阀门开度异常,导致流量偏离设定值,"类别：工艺因素 > 流量异常
失效模式：阀门开度异常
导致危险源释放的因素：导致流量偏离设定值"
EVHF_3b7e6448ef0683c59a09,SRCHF_190f44d52f346300faca,非密-第二类危险源分析.docx,表4 工序/岗位危险有害因素一览表,68,工艺因素,流量异常,管路泄漏,介质损失导致实际流量不足,"类别：工艺因素 > 流量异常
失效模式：管路泄漏
导致危险源释放的因素：介质损失导致实际流量不足"
EVHF_721b9768ca375d2a304a,SRCHF_02da76e83c6d55c62c45,非密-第二类危险源分析.docx,表4 工序/岗位危险有害因素一览表,69,工艺因素,流量异常,自动控制系统故障,流量控制失效,"类别：工艺因素 > 流量异常
失效模式：自动控制系统故障
导致危险源释放的因素：流量控制失效"
EVHF_f7b55cd0f85ea848d712,SRCHF_81b9c2d907cc2af2cfd4,非密-第二类危险源分析.docx,表4 工序/岗位危险有害因素一览表,70,工艺因素,流量异常,阀门卡滞,流量无法按要求调节,"类别：工艺因素 > 流量异常
失效模式：阀门卡滞
导致危险源释放的因素：流量无法按要求调节"
EVHF_aff97538e12909287000,SRCHF_949e3dcaa762631cfddf,非密-第二类危险源分析.docx,表4 工序/岗位危险有害因素一览表,71,工艺因素,流量异常,流量波动,输送过程不稳定,"类别：工艺因素 > 流量异常
失效模式：流量波动
导致危险源释放的因素：输送过程不稳定"
EVHF_d110faa1c09e52539a6a,SRCHF_a431360b059dcfa8187f,非密-第二类危险源分析.docx,表4 工序/岗位危险有害因素一览表,72,工艺因素,流量异常,流量过大,超出设计工况，引起冲击或超量投料,"类别：工艺因素 > 流量异常
失效模式：流量过大
导致危险源释放的因素：超出设计工况，引起冲击或超量投料"
EVHF_ae1fcd30236ccc2e32e5,SRCHF_a559c62751f3359a074c,非密-第二类危险源分析.docx,表4 工序/岗位危险有害因素一览表,73,工艺因素,流量异常,流量过小,无法满足工艺需求,"类别：工艺因素 > 流量异常
失效模式：流量过小
导致危险源释放的因素：无法满足工艺需求"
EVHF_470c61fdcfb5a9f52022,SRCHF_91ed68e27ef94e2b51ab,非密-第二类危险源分析.docx,表4 工序/岗位危险有害因素一览表,74,工艺因素,流量异常,流量中断,介质停止输送,"类别：工艺因素 > 流量异常
失效模式：流量中断
导致危险源释放的因素：介质停止输送"
EVHF_f60be342e8fac1cc48b9,SRCHF_b403303473c50dd9b401,非密-第二类危险源分析.docx,表4 工序/岗位危险有害因素一览表,75,工艺因素,流量异常,流量联锁失效,流量异常时未及时停机,"类别：工艺因素 > 流量异常
失效模式：流量联锁失效
导致危险源释放的因素：流量异常时未及时停机"
EVHF_194d9e0c1f1d91a60bab,SRCHF_a84a89c236135119fd75,非密-第二类危险源分析.docx,表4 工序/岗位危险有害因素一览表,76,工艺因素,容器内料位异常,料位传感器失效,无法准确监测料位,"类别：工艺因素 > 容器内料位异常
失效模式：料位传感器失效
导致危险源释放的因素：无法准确监测料位"
EVHF_b20f1f85998c8fe1be6b,SRCHF_fadedb873d7b64450b54,非密-第二类危险源分析.docx,表4 工序/岗位危险有害因素一览表,77,工艺因素,容器内料位异常,加料控制器失效,自动加料失控,"类别：工艺因素 > 容器内料位异常
失效模式：加料控制器失效
导致危险源释放的因素：自动加料失控"
EVHF_a4e8ef70115ad12b9c0d,SRCHF_51885c6cca47f3c72388,非密-第二类危险源分析.docx,表4 工序/岗位危险有害因素一览表,78,工艺因素,容器内料位异常,料仓观察窗口模糊或损坏,无法人工确认料位状态,"类别：工艺因素 > 容器内料位异常
失效模式：料仓观察窗口模糊或损坏
导致危险源释放的因素：无法人工确认料位状态"
EVHF_641fcbe5664540b868fe,SRCHF_7d5c5bbd690e492dab2d,非密-第二类危险源分析.docx,表4 工序/岗位危险有害因素一览表,79,工艺因素,容器内料位异常,架桥堵料,物料形成拱桥，实际料位与显示不符,"类别：工艺因素 > 容器内料位异常
失效模式：架桥堵料
导致危险源释放的因素：物料形成拱桥，实际料位与显示不符"
EVHF_e50ea47150851fdfb879,SRCHF_40cd810d9be131883f68,非密-第二类危险源分析.docx,表4 工序/岗位危险有害因素一览表,80,工艺因素,容器内料位异常,料位报警失效,高低料位无法预警,"类别：工艺因素 > 容器内料位异常
失效模式：料位报警失效
导致危险源释放的因素：高低料位无法预警"
EVHF_1e116051d824ad7f817c,SRCHF_d700cb7312bafa5baca9,非密-第二类危险源分析.docx,表4 工序/岗位危险有害因素一览表,81,工艺因素,容器内料位异常,过量加料,超出设备设计容量,"类别：工艺因素 > 容器内料位异常
失效模式：过量加料
导致危险源释放的因素：超出设备设计容量"
EVHF_6e8ea4dc719a1031baf9,SRCHF_b81bf4fc7a1271737437,非密-第二类危险源分析.docx,表4 工序/岗位危险有害因素一览表,82,工艺因素,容器内料位异常,鼠洞效应,中部形成空穴导致虚假料位,"类别：工艺因素 > 容器内料位异常
失效模式：鼠洞效应
导致危险源释放的因素：中部形成空穴导致虚假料位"
EVHF_8cc5b8fc1ad9075cf4a9,SRCHF_f40d9896a349737b587c,非密-第二类危险源分析.docx,表4 工序/岗位危险有害因素一览表,83,工艺因素,容器内料位异常,料位上升过快,存在静电、溢料风险,"类别：工艺因素 > 容器内料位异常
失效模式：料位上升过快
导致危险源释放的因素：存在静电、溢料风险"
EVHF_d76940a4c11355dc38e7,SRCHF_d79b95e551f3f81b2964,非密-第二类危险源分析.docx,表4 工序/岗位危险有害因素一览表,84,工艺因素,容器内料位异常,料位下降过快,存在断料、冲击风险,"类别：工艺因素 > 容器内料位异常
失效模式：料位下降过快
导致危险源释放的因素：存在断料、冲击风险"
EVHF_a46c398c93ec74ee2ef3,SRCHF_8611daff67a0176179ed,非密-第二类危险源分析.docx,表4 工序/岗位危险有害因素一览表,85,工艺因素,容器内料位异常,料位不均匀,形成偏载或局部堆积,"类别：工艺因素 > 容器内料位异常
失效模式：料位不均匀
导致危险源释放的因素：形成偏载或局部堆积"
EVHF_f4cad4442a5328b8dfb5,SRCHF_561db2c8509c401389c2,非密-第二类危险源分析.docx,表4 工序/岗位危险有害因素一览表,86,工艺因素,容器内料位异常,残料积存,容器底部或死角物料滞留,"类别：工艺因素 > 容器内料位异常
失效模式：残料积存
导致危险源释放的因素：容器底部或死角物料滞留"
EVHF_3df6c0d3a26c915bd134,SRCHF_968475c1681931f3c9c7,非密-第二类危险源分析.docx,表4 工序/岗位危险有害因素一览表,87,工艺因素,容器内料位异常,料位联锁失效,料位异常时设备未自动停机,"类别：工艺因素 > 容器内料位异常
失效模式：料位联锁失效
导致危险源释放的因素：料位异常时设备未自动停机"
EVHF_6844ccfa11da90bdece3,SRCHF_c74203e64bb3101534ce,非密-第二类危险源分析.docx,表4 工序/岗位危险有害因素一览表,88,工艺因素,物料位置异常,工装定位失准,工装安装偏移导致物料位置异常,"类别：工艺因素 > 物料位置异常
失效模式：工装定位失准
导致危险源释放的因素：工装安装偏移导致物料位置异常"
EVHF_a588bb64793d772f9ff0,SRCHF_6c17e6ac0df0ae3363ac,非密-第二类危险源分析.docx,表4 工序/岗位危险有害因素一览表,89,工艺因素,物料位置异常,定位销磨损或损坏,定位功能失效,"类别：工艺因素 > 物料位置异常
失效模式：定位销磨损或损坏
导致危险源释放的因素：定位功能失效"
EVHF_c8f86912dabdb06af254,SRCHF_33f5f0a65ed8b56cfba8,非密-第二类危险源分析.docx,表4 工序/岗位危险有害因素一览表,90,工艺因素,物料位置异常,定位传感器失效,无法准确识别位置,"类别：工艺因素 > 物料位置异常
失效模式：定位传感器失效
导致危险源释放的因素：无法准确识别位置"
EVHF_d5adad3a983577a151ae,SRCHF_fc58b5d0028ec7286b69,非密-第二类危险源分析.docx,表4 工序/岗位危险有害因素一览表,91,工艺因素,物料位置异常,夹具松动,物料在转移或加工过程中发生位移,"类别：工艺因素 > 物料位置异常
失效模式：夹具松动
导致危险源释放的因素：物料在转移或加工过程中发生位移"
EVHF_67234f3950dea5e3bbc8,SRCHF_fa6085f6618c0430d2c7,非密-第二类危险源分析.docx,表4 工序/岗位危险有害因素一览表,92,工艺因素,物料位置异常,输送机构偏移,导致物料运行轨迹异常,"类别：工艺因素 > 物料位置异常
失效模式：输送机构偏移
导致危险源释放的因素：导致物料运行轨迹异常"
EVHF_7457aaf20335ed1c20fc,SRCHF_9d9dfc1e45b0de316d86,非密-第二类危险源分析.docx,表4 工序/岗位危险有害因素一览表,93,工艺因素,物料位置异常,导轨磨损,造成物料运动偏移,"类别：工艺因素 > 物料位置异常
失效模式：导轨磨损
导致危险源释放的因素：造成物料运动偏移"
EVHF_caf4bf67e65bb6ca1037,SRCHF_8c9d188c2fc4d871a6f6,非密-第二类危险源分析.docx,表4 工序/岗位危险有害因素一览表,94,工艺因素,物料位置异常,料盘或托架变形,物料摆放位置改变,"类别：工艺因素 > 物料位置异常
失效模式：料盘或托架变形
导致危险源释放的因素：物料摆放位置改变"
EVHF_8f212eae8a870041912a,SRCHF_87d3475055878665610e,非密-第二类危险源分析.docx,表4 工序/岗位危险有害因素一览表,95,工艺因素,物料位置异常,自动抓取偏差,机械手抓取位置错误,"类别：工艺因素 > 物料位置异常
失效模式：自动抓取偏差
导致危险源释放的因素：机械手抓取位置错误"
EVHF_e51b71806f60efaa565b,SRCHF_81674b1cd267f1782f65,非密-第二类危险源分析.docx,表4 工序/岗位危险有害因素一览表,96,工艺因素,物料位置异常,放置位置错误,物料未放置到指定工位,"类别：工艺因素 > 物料位置异常
失效模式：放置位置错误
导致危险源释放的因素：物料未放置到指定工位"
EVHF_fc5d8353a2f8592ac946,SRCHF_fb62a82d964636ac58e6,非密-第二类危险源分析.docx,表4 工序/岗位危险有害因素一览表,97,工艺因素,物料位置异常,输送节拍异常,导致物料错位,"类别：工艺因素 > 物料位置异常
失效模式：输送节拍异常
导致危险源释放的因素：导致物料错位"
EVHF_b10333d10c37884b9d74,SRCHF_0cee0098f9488c00bcc0,非密-第二类危险源分析.docx,表4 工序/岗位危险有害因素一览表,98,工艺因素,物料位置异常,物料掉落,从工装、输送装置或吊具脱落,"类别：工艺因素 > 物料位置异常
失效模式：物料掉落
导致危险源释放的因素：从工装、输送装置或吊具脱落"
EVHF_3ce3e203729333ffc79a,SRCHF_ea6eb6b3efa05690e0c7,非密-第二类危险源分析.docx,表4 工序/岗位危险有害因素一览表,99,工艺因素,载荷异常,超载运行,超出设备设计负荷,"类别：工艺因素 > 载荷异常
失效模式：超载运行
导致危险源释放的因素：超出设备设计负荷"
EVHF_5d2257d66647dbd2feef,SRCHF_ed976d54e24f8d9b3507,非密-第二类危险源分析.docx,表4 工序/岗位危险有害因素一览表,100,工艺因素,载荷异常,载荷传感器失效,无法准确监测负荷,"类别：工艺因素 > 载荷异常
失效模式：载荷传感器失效
导致危险源释放的因素：无法准确监测负荷"
EVHF_0def88932a19f68d656d,SRCHF_8417b672d58b7c556e0d,非密-第二类危险源分析.docx,表4 工序/岗位危险有害因素一览表,101,工艺因素,载荷异常,载荷分布不均,导致局部受力集中,"类别：工艺因素 > 载荷异常
失效模式：载荷分布不均
导致危险源释放的因素：导致局部受力集中"
EVHF_8fa4be301c7df3832f16,SRCHF_9e5d6be815291551b948,非密-第二类危险源分析.docx,表4 工序/岗位危险有害因素一览表,102,工艺因素,载荷异常,机械卡滞,瞬时载荷急剧增大,"类别：工艺因素 > 载荷异常
失效模式：机械卡滞
导致危险源释放的因素：瞬时载荷急剧增大"
EVHF_10ead3a3c5c06e3ba3dd,SRCHF_14cecff0333de89b0a63,非密-第二类危险源分析.docx,表4 工序/岗位危险有害因素一览表,103,工艺因素,载荷异常,长期疲劳运行,导致结构损伤累积,"类别：工艺因素 > 载荷异常
失效模式：长期疲劳运行
导致危险源释放的因素：导致结构损伤累积"
EVHF_d2fc6112f6804f379136,SRCHF_938512fc693557bf7d54,非密-第二类危险源分析.docx,表4 工序/岗位危险有害因素一览表,104,工艺因素,载荷异常,瞬时冲击载荷过大,启停、碰撞等导致载荷突增,"类别：工艺因素 > 载荷异常
失效模式：瞬时冲击载荷过大
导致危险源释放的因素：启停、碰撞等导致载荷突增"
EVHF_a1e35b01317d863bdacc,SRCHF_5032ca2d2fc2b056d065,非密-第二类危险源分析.docx,表4 工序/岗位危险有害因素一览表,105,工艺因素,载荷异常,工装安装偏斜,导致受力不均匀,"类别：工艺因素 > 载荷异常
失效模式：工装安装偏斜
导致危险源释放的因素：导致受力不均匀"
EVHF_d200661417a3b87a6520,SRCHF_38a1287d72e9905628ff,非密-第二类危险源分析.docx,表4 工序/岗位危险有害因素一览表,106,工艺因素,载荷异常,夹具松动,载荷传递异常,"类别：工艺因素 > 载荷异常
失效模式：夹具松动
导致危险源释放的因素：载荷传递异常"
EVHF_4f368196990bb20feb52,SRCHF_29d5a454bac4f2eab448,非密-第二类危险源分析.docx,表4 工序/岗位危险有害因素一览表,107,工艺因素,载荷异常,结构件变形,导致受力状态改变,"类别：工艺因素 > 载荷异常
失效模式：结构件变形
导致危险源释放的因素：导致受力状态改变"
EVHF_5f5e0d14be0240f2f24b,SRCHF_687c1a0e1e845d64097c,非密-第二类危险源分析.docx,表4 工序/岗位危险有害因素一览表,108,工艺因素,载荷异常,控制参数设置错误,施加载荷超过工艺要求,"类别：工艺因素 > 载荷异常
失效模式：控制参数设置错误
导致危险源释放的因素：施加载荷超过工艺要求"
EVHF_8154802f49cd0d8e9ce2,SRCHF_5ae4d65ab5606cdd7310,非密-第二类危险源分析.docx,表4 工序/岗位危险有害因素一览表,109,工艺因素,搅拌异常,搅拌电机故障,无法正常驱动搅拌,"类别：工艺因素 > 搅拌异常
失效模式：搅拌电机故障
导致危险源释放的因素：无法正常驱动搅拌"
EVHF_c7774ca510c0d946ac8d,SRCHF_94701b909ed6f764cab8,非密-第二类危险源分析.docx,表4 工序/岗位危险有害因素一览表,110,工艺因素,搅拌异常,搅拌桨断裂变形,搅拌效果下降，产生摩擦、冲击,"类别：工艺因素 > 搅拌异常
失效模式：搅拌桨断裂变形
导致危险源释放的因素：搅拌效果下降，产生摩擦、冲击"
EVHF_70770e80f5e8b32f8c1c,SRCHF_fdf98fc063bef694f9b8,非密-第二类危险源分析.docx,表4 工序/岗位危险有害因素一览表,111,工艺因素,搅拌异常,搅拌桨叶断裂变形,搅拌能力下降或产生异物，造成摩擦、冲击,"类别：工艺因素 > 搅拌异常
失效模式：搅拌桨叶断裂变形
导致危险源释放的因素：搅拌能力下降或产生异物，造成摩擦、冲击"
EVHF_8a588a516b512d0ed88d,SRCHF_c0832cf65e903cd5ab1b,非密-第二类危险源分析.docx,表4 工序/岗位危险有害因素一览表,112,工艺因素,搅拌异常,搅拌转速异常,偏离工艺要求,"类别：工艺因素 > 搅拌异常
失效模式：搅拌转速异常
导致危险源释放的因素：偏离工艺要求"
EVHF_4954d3d747c146fe8b2e,SRCHF_5d76c1fe21c1bbaef8de,非密-第二类危险源分析.docx,表4 工序/岗位危险有害因素一览表,113,工艺因素,搅拌异常,搅拌时间不足,混合不均匀,"类别：工艺因素 > 搅拌异常
失效模式：搅拌时间不足
导致危险源释放的因素：混合不均匀"
EVHF_a0de9920da827209e085,SRCHF_31d8c6d8cb0b1981e0ce,非密-第二类危险源分析.docx,表4 工序/岗位危险有害因素一览表,114,工艺因素,搅拌异常,搅拌时间过长,可能引起升温或物料性能变化,"类别：工艺因素 > 搅拌异常
失效模式：搅拌时间过长
导致危险源释放的因素：可能引起升温或物料性能变化"
EVHF_364bcf9a46fb29d7ece6,SRCHF_c5fcc815540b0f24def3,非密-第二类危险源分析.docx,表4 工序/岗位危险有害因素一览表,115,工艺因素,搅拌异常,搅拌轴偏心振动,增加机械摩擦和冲击风险,"类别：工艺因素 > 搅拌异常
失效模式：搅拌轴偏心振动
导致危险源释放的因素：增加机械摩擦和冲击风险"
EVHF_fa48ba379e7391b9e763,SRCHF_dec5b99c264c15f73f8f,非密-第二类危险源分析.docx,表4 工序/岗位危险有害因素一览表,116,工艺因素,搅拌异常,搅拌方向错误,混合效果下降,"类别：工艺因素 > 搅拌异常
失效模式：搅拌方向错误
导致危险源释放的因素：混合效果下降"
EVHF_a8612584303759332f57,SRCHF_2be2b26016fd3973bba3,非密-第二类危险源分析.docx,表4 工序/岗位危险有害因素一览表,117,工艺因素,搅拌异常,变频器故障,转速失控或波动,"类别：工艺因素 > 搅拌异常
失效模式：变频器故障
导致危险源释放的因素：转速失控或波动"
EVHF_a9a7668dc1ca535ef857,SRCHF_1a8531b0a4dd867946e5,非密-第二类危险源分析.docx,表4 工序/岗位危险有害因素一览表,118,工艺因素,搅拌异常,密封失效,物料泄漏或外界介质进入,"类别：工艺因素 > 搅拌异常
失效模式：密封失效
导致危险源释放的因素：物料泄漏或外界介质进入"
EVHF_578e9e0b5b5d67dcbd61,SRCHF_3a0198b11b4cfa25e369,非密-第二类危险源分析.docx,表4 工序/岗位危险有害因素一览表,119,工艺因素,搅拌异常,自动控制系统故障,无法按设定工艺运行,"类别：工艺因素 > 搅拌异常
失效模式：自动控制系统故障
导致危险源释放的因素：无法按设定工艺运行"
EVHF_e707018d7ae55add01ed,SRCHF_c713bb21e8514bfb2d22,非密-第二类危险源分析.docx,表4 工序/岗位危险有害因素一览表,120,工艺因素,搅拌异常,搅拌负荷异常增大,物料结块或堵塞,"类别：工艺因素 > 搅拌异常
失效模式：搅拌负荷异常增大
导致危险源释放的因素：物料结块或堵塞"
EVHF_74505abde678bead9e29,SRCHF_44b5ed91f08301812e70,非密-第二类危险源分析.docx,表4 工序/岗位危险有害因素一览表,121,工艺因素,搅拌异常,轴承损坏,产生异常振动和摩擦,"类别：工艺因素 > 搅拌异常
失效模式：轴承损坏
导致危险源释放的因素：产生异常振动和摩擦"
EVHF_9c5dda97728e6d2b1fad,SRCHF_301e080ba1f40bc29751,非密-第二类危险源分析.docx,表4 工序/岗位危险有害因素一览表,122,工艺因素,进刀量异常,刀具材质选择错误,使用发火材质刀具，增加火花产生风险,"类别：工艺因素 > 进刀量异常
失效模式：刀具材质选择错误
导致危险源释放的因素：使用发火材质刀具，增加火花产生风险"
EVHF_961cc97220c035ff473b,SRCHF_d364c0178f2231ded944,非密-第二类危险源分析.docx,表4 工序/岗位危险有害因素一览表,123,工艺因素,进刀量异常,进给机构故障,无法控制切削深度,"类别：工艺因素 > 进刀量异常
失效模式：进给机构故障
导致危险源释放的因素：无法控制切削深度"
EVHF_7b978ba59b671dd2b00e,SRCHF_190e04c2dbcbea7c560b,非密-第二类危险源分析.docx,表4 工序/岗位危险有害因素一览表,124,工艺因素,进刀量异常,位置控制失效,进刀量超限,"类别：工艺因素 > 进刀量异常
失效模式：位置控制失效
导致危险源释放的因素：进刀量超限"
EVHF_e9bf37410b7caf617154,SRCHF_97bbb45ace25e8da6eb0,非密-第二类危险源分析.docx,表4 工序/岗位危险有害因素一览表,125,工艺因素,进刀量异常,限位装置失效,超程运行,"类别：工艺因素 > 进刀量异常
失效模式：限位装置失效
导致危险源释放的因素：超程运行"
EVHF_2508d91af2bb1bac2655,SRCHF_aa263eb447d17e45a0b9,非密-第二类危险源分析.docx,表4 工序/岗位危险有害因素一览表,126,工艺因素,进刀量异常,刀具磨损,实际加工量发生偏差,"类别：工艺因素 > 进刀量异常
失效模式：刀具磨损
导致危险源释放的因素：实际加工量发生偏差"
EVHF_cae317944bbe7e4debc3,SRCHF_d7ce91a5ebd5062b225f,非密-第二类危险源分析.docx,表4 工序/岗位危险有害因素一览表,127,工艺因素,进刀量异常,程序参数设置错误,进刀速度或深度异常,"类别：工艺因素 > 进刀量异常
失效模式：程序参数设置错误
导致危险源释放的因素：进刀速度或深度异常"
EVHF_928f23cabdb578c0982c,SRCHF_1b051de8069f75a758d1,非密-第二类危险源分析.docx,表4 工序/岗位危险有害因素一览表,128,工艺因素,进刀量异常,伺服系统故障,进给位置控制失准,"类别：工艺因素 > 进刀量异常
失效模式：伺服系统故障
导致危险源释放的因素：进给位置控制失准"
EVHF_5e78e08576a1db83aa22,SRCHF_aec7c2d53df32e8c9260,非密-第二类危险源分析.docx,表4 工序/岗位危险有害因素一览表,129,工艺因素,进刀量异常,编码器故障,进给位移测量错误,"类别：工艺因素 > 进刀量异常
失效模式：编码器故障
导致危险源释放的因素：进给位移测量错误"
EVHF_fa1097849328790f770f,SRCHF_f79ce1d61907ae26395e,非密-第二类危险源分析.docx,表4 工序/岗位危险有害因素一览表,130,工艺因素,进刀量异常,程序参数设置错误,设定进刀量超出工艺要求,"类别：工艺因素 > 进刀量异常
失效模式：程序参数设置错误
导致危险源释放的因素：设定进刀量超出工艺要求"
EVHF_367ea84792f65524646a,SRCHF_a6de77d6711faa0e60fc,非密-第二类危险源分析.docx,表4 工序/岗位危险有害因素一览表,131,工艺因素,进刀量异常,导轨磨损,运动轨迹偏移,"类别：工艺因素 > 进刀量异常
失效模式：导轨磨损
导致危险源释放的因素：运动轨迹偏移"
EVHF_726e8271005c1de3e271,SRCHF_6f12afcae69c15341bec,非密-第二类危险源分析.docx,表4 工序/岗位危险有害因素一览表,132,工艺因素,进刀量异常,异物进入导轨,影响进给精度,"类别：工艺因素 > 进刀量异常
失效模式：异物进入导轨
导致危险源释放的因素：影响进给精度"
EVHF_75c9a069844aeb56b6eb,SRCHF_1b4ff6158d860165665b,非密-第二类危险源分析.docx,表4 工序/岗位危险有害因素一览表,133,工艺因素,进刀量异常,刀具安装松动,实际进刀深度变化,"类别：工艺因素 > 进刀量异常
失效模式：刀具安装松动
导致危险源释放的因素：实际进刀深度变化"
EVHF_32eca3b71981f0be79fb,SRCHF_b1018534ee33c29a10c5,非密-第二类危险源分析.docx,表4 工序/岗位危险有害因素一览表,134,工艺因素,进刀量异常,进刀量过大,切削载荷和摩擦热增加,"类别：工艺因素 > 进刀量异常
失效模式：进刀量过大
导致危险源释放的因素：切削载荷和摩擦热增加"
EVHF_971dccd1f6dbe32c17c4,SRCHF_29fc39e4d6222c462112,非密-第二类危险源分析.docx,表4 工序/岗位危险有害因素一览表,135,工艺因素,进刀量异常,进刀量过小,刀具与工件持续摩擦,"类别：工艺因素 > 进刀量异常
失效模式：进刀量过小
导致危险源释放的因素：刀具与工件持续摩擦"
EVHF_e21c55b41c8239e84752,SRCHF_669b61c4948efd4a5765,非密-第二类危险源分析.docx,表4 工序/岗位危险有害因素一览表,136,工艺因素,进刀量异常,进刀量波动,加工过程不稳定,"类别：工艺因素 > 进刀量异常
失效模式：进刀量波动
导致危险源释放的因素：加工过程不稳定"
EVHF_ef8a725a66910ce2265e,SRCHF_62f8d5ff33f1870dbe9e,非密-第二类危险源分析.docx,表4 工序/岗位危险有害因素一览表,137,工艺因素,进刀量异常,进刀速度过快,冲击载荷增大,"类别：工艺因素 > 进刀量异常
失效模式：进刀速度过快
导致危险源释放的因素：冲击载荷增大"
EVHF_1ac15bf1255bdb8a2a7e,SRCHF_b18a24c8e094575ecfa3,非密-第二类危险源分析.docx,表4 工序/岗位危险有害因素一览表,138,工艺因素,进刀量异常,进刀速度过慢,摩擦时间延长,"类别：工艺因素 > 进刀量异常
失效模式：进刀速度过慢
导致危险源释放的因素：摩擦时间延长"
EVHF_db9d55427f74c191d8ea,SRCHF_53af7e926ef486483f7d,非密-第二类危险源分析.docx,表4 工序/岗位危险有害因素一览表,139,工艺因素,进刀量异常,突然进刀,产生机械冲击,"类别：工艺因素 > 进刀量异常
失效模式：突然进刀
导致危险源释放的因素：产生机械冲击"
EVHF_91151835434e50af47ad,SRCHF_dc0648336cf03d284200,非密-第二类危险源分析.docx,表4 工序/岗位危险有害因素一览表,140,工艺因素,进刀量异常,无法退刀,刀具持续接触工件,"类别：工艺因素 > 进刀量异常
失效模式：无法退刀
导致危险源释放的因素：刀具持续接触工件"
EVHF_fdf9fb58b6b71f28c48d,SRCHF_c44370235531be9564fe,非密-第二类危险源分析.docx,表4 工序/岗位危险有害因素一览表,141,工艺因素,进刀量异常,退刀异常,造成刮擦或碰撞,"类别：工艺因素 > 进刀量异常
失效模式：退刀异常
导致危险源释放的因素：造成刮擦或碰撞"
EVHF_611bcd5b1573bdfdba0c,SRCHF_ed79667f29eb944c6293,非密-第二类危险源分析.docx,表4 工序/岗位危险有害因素一览表,142,工艺因素,进刀量异常,联锁保护失效,异常进刀时设备未停机,"类别：工艺因素 > 进刀量异常
失效模式：联锁保护失效
导致危险源释放的因素：异常进刀时设备未停机"
EVHF_9ce5b30934787a5d9779,SRCHF_d907e63b2a954eeea40f,非密-第二类危险源分析.docx,表4 工序/岗位危险有害因素一览表,143,工艺因素,转速异常,电机调速器故障,转速无法稳定控制,"类别：工艺因素 > 转速异常
失效模式：电机调速器故障
导致危险源释放的因素：转速无法稳定控制"
EVHF_000b2389095759b68fe8,SRCHF_eac0df7c4deda6f1af21,非密-第二类危险源分析.docx,表4 工序/岗位危险有害因素一览表,144,工艺因素,转速异常,编码器失效,转速反馈错误,"类别：工艺因素 > 转速异常
失效模式：编码器失效
导致危险源释放的因素：转速反馈错误"
EVHF_58dd6ab533b2aabfd25f,SRCHF_f63024f53339cc844a71,非密-第二类危险源分析.docx,表4 工序/岗位危险有害因素一览表,145,工艺因素,转速异常,传动机构打滑,实际转速降低,"类别：工艺因素 > 转速异常
失效模式：传动机构打滑
导致危险源释放的因素：实际转速降低"
EVHF_33258b5d2a8fd711c7b7,SRCHF_5e926a66d8f1954e1bf8,非密-第二类危险源分析.docx,表4 工序/岗位危险有害因素一览表,146,工艺因素,转速异常,转速过高,导致摩擦热和机械冲击增加,"类别：工艺因素 > 转速异常
失效模式：转速过高
导致危险源释放的因素：导致摩擦热和机械冲击增加"
EVHF_71e5a79f9cfd66069318,SRCHF_c4f0a00f0709887111df,非密-第二类危险源分析.docx,表4 工序/岗位危险有害因素一览表,147,工艺因素,转速异常,转速过低,影响工艺质量和生产效率,"类别：工艺因素 > 转速异常
失效模式：转速过低
导致危险源释放的因素：影响工艺质量和生产效率"
EVHF_9d1d7ba91be47bea23b2,SRCHF_6ad597c46bfea422ef4e,非密-第二类危险源分析.docx,表4 工序/岗位危险有害因素一览表,148,工艺因素,转速异常,变频器故障,输出频率异常导致转速波动,"类别：工艺因素 > 转速异常
失效模式：变频器故障
导致危险源释放的因素：输出频率异常导致转速波动"
EVHF_0036de675c2991144a78,SRCHF_de44bc0abd9a757d37fa,非密-第二类危险源分析.docx,表4 工序/岗位危险有害因素一览表,149,工艺因素,转速异常,皮带打滑,实际转速低于设定值,"类别：工艺因素 > 转速异常
失效模式：皮带打滑
导致危险源释放的因素：实际转速低于设定值"
EVHF_bfd05d93910b923239be,SRCHF_ed5b8170e509260ebc9d,非密-第二类危险源分析.docx,表4 工序/岗位危险有害因素一览表,150,工艺因素,转速异常,齿轮磨损,转速传递偏差,"类别：工艺因素 > 转速异常
失效模式：齿轮磨损
导致危险源释放的因素：转速传递偏差"
EVHF_56a50e80cdaeddb5bb64,SRCHF_5f6dfd16aec976b768e2,非密-第二类危险源分析.docx,表4 工序/岗位危险有害因素一览表,151,工艺因素,转速异常,机械卡滞,转速骤降甚至停转,"类别：工艺因素 > 转速异常
失效模式：机械卡滞
导致危险源释放的因素：转速骤降甚至停转"
EVHF_1d74333f872ffd5066e3,SRCHF_ac4dc535d490af9f6989,非密-第二类危险源分析.docx,表4 工序/岗位危险有害因素一览表,152,工艺因素,转速异常,突然加速,产生冲击载荷,"类别：工艺因素 > 转速异常
失效模式：突然加速
导致危险源释放的因素：产生冲击载荷"
EVHF_26528929f379c4fbcb77,SRCHF_31889bae70cc1e6ec53e,非密-第二类危险源分析.docx,表4 工序/岗位危险有害因素一览表,153,工艺因素,转速异常,启停频繁,增加机械冲击和疲劳损伤,"类别：工艺因素 > 转速异常
失效模式：启停频繁
导致危险源释放的因素：增加机械冲击和疲劳损伤"
EVHF_e369416dbc3a04f269d8,SRCHF_bbeb962defe1f8ff7def,非密-第二类危险源分析.docx,表4 工序/岗位危险有害因素一览表,154,工艺因素,转速异常,联锁保护失效,超速状态未及时停机,"类别：工艺因素 > 转速异常
失效模式：联锁保护失效
导致危险源释放的因素：超速状态未及时停机"
EVHF_811ff57eaf83bccda9d1,SRCHF_6ff7d05908f3d4b5036b,非密-第二类危险源分析.docx,表4 工序/岗位危险有害因素一览表,156,设备设施因素,结构与机械损坏,结构破损/断裂,设备壳体、轴类、支架、焊缝开裂、断裂、碎裂，结构完整性失效,"类别：设备设施因素 > 结构与机械损坏
失效模式：结构破损/断裂
导致危险源释放的因素：设备壳体、轴类、支架、焊缝开裂、断裂、碎裂，结构完整性失效"
EVHF_a04a630c3bb0098d538a,SRCHF_6b8ed0e6f913ca3ee70e,非密-第二类危险源分析.docx,表4 工序/岗位危险有害因素一览表,157,设备设施因素,结构与机械损坏,卡死/卡滞,运动部件卡涩、抱死，无法正常移动、转动、往复动作,"类别：设备设施因素 > 结构与机械损坏
失效模式：卡死/卡滞
导致危险源释放的因素：运动部件卡涩、抱死，无法正常移动、转动、往复动作"
EVHF_d2e2f8ec986c392fe124,SRCHF_aae90ef9ce51a103079a,非密-第二类危险源分析.docx,表4 工序/岗位危险有害因素一览表,158,设备设施因素,结构与机械损坏,异常振动,设备或部件振幅超标、共振、抖动，运行平稳性劣化,"类别：设备设施因素 > 结构与机械损坏
失效模式：异常振动
导致危险源释放的因素：设备或部件振幅超标、共振、抖动，运行平稳性劣化"
EVHF_a23b3c3bad2b4ee206ef,SRCHF_3edf59f21f842f098ffd,非密-第二类危险源分析.docx,表4 工序/岗位危险有害因素一览表,159,设备设施因素,结构与机械损坏,位置偏移,工位、行程、基准位置跑偏，无法保持设定安装/运行位置,"类别：设备设施因素 > 结构与机械损坏
失效模式：位置偏移
导致危险源释放的因素：工位、行程、基准位置跑偏，无法保持设定安装/运行位置"
EVHF_b6a636d0367634e88353,SRCHF_e5051f015ecd52b89b4e,非密-第二类危险源分析.docx,表4 工序/岗位危险有害因素一览表,160,设备设施因素,结构与机械损坏,异常变形,部件发生弯曲、扭曲、拉伸等塑性变形，尺寸超差,"类别：设备设施因素 > 结构与机械损坏
失效模式：异常变形
导致危险源释放的因素：部件发生弯曲、扭曲、拉伸等塑性变形，尺寸超差"
EVHF_9e8cb647a8063d5743c4,SRCHF_7a415d0a7285bb0a829f,非密-第二类危险源分析.docx,表4 工序/岗位危险有害因素一览表,161,设备设施因素,结构与机械损坏,磨损剥落,配合面磨耗、点蚀、表层起皮、剥落，配合间隙异常变大,"类别：设备设施因素 > 结构与机械损坏
失效模式：磨损剥落
导致危险源释放的因素：配合面磨耗、点蚀、表层起皮、剥落，配合间隙异常变大"
EVHF_3187d9c3886bc5622297,SRCHF_f96988a3635ed2b863f0,非密-第二类危险源分析.docx,表4 工序/岗位危险有害因素一览表,162,设备设施因素,结构与机械损坏,锈蚀腐蚀,介质腐蚀、电化学生锈、氧化起皮，部件材质劣化,"类别：设备设施因素 > 结构与机械损坏
失效模式：锈蚀腐蚀
导致危险源释放的因素：介质腐蚀、电化学生锈、氧化起皮，部件材质劣化"
EVHF_2d0108c8d9573e48e91d,SRCHF_e66a72d201715094af64,非密-第二类危险源分析.docx,表4 工序/岗位危险有害因素一览表,163,设备设施因素,开关启闭故障,无法开启,接收启动指令后设备、阀门、回路无法打开、无法启动,"类别：设备设施因素 > 开关启闭故障
失效模式：无法开启
导致危险源释放的因素：接收启动指令后设备、阀门、回路无法打开、无法启动"
EVHF_3beabfd7a8c65579dfef,SRCHF_eb51f82a11bcac77bfd5,非密-第二类危险源分析.docx,表4 工序/岗位危险有害因素一览表,164,设备设施因素,开关启闭故障,无法关闭,停机、关断指令无效，设备无法停止、阀门无法回位,"类别：设备设施因素 > 开关启闭故障
失效模式：无法关闭
导致危险源释放的因素：停机、关断指令无效，设备无法停止、阀门无法回位"
EVHF_24cf545d2a6d63c94a5c,SRCHF_8c8c14672ed4195ad13e,非密-第二类危险源分析.docx,表4 工序/岗位危险有害因素一览表,165,设备设施因素,开关启闭故障,误开启,无操作指令、无触发条件，设备自行启动、意外动作,"类别：设备设施因素 > 开关启闭故障
失效模式：误开启
导致危险源释放的因素：无操作指令、无触发条件，设备自行启动、意外动作"
EVHF_1a2fe48555266322c660,SRCHF_7bcbcd7646421eec8f57,非密-第二类危险源分析.docx,表4 工序/岗位危险有害因素一览表,166,设备设施因素,开关启闭故障,误关闭,正常运行工况下无故跳闸、停机、阀门意外关闭,"类别：设备设施因素 > 开关启闭故障
失效模式：误关闭
导致危险源释放的因素：正常运行工况下无故跳闸、停机、阀门意外关闭"
EVHF_7d634248fe2b11fb03f2,SRCHF_c1f7421e333f440109c5,非密-第二类危险源分析.docx,表4 工序/岗位危险有害因素一览表,167,设备设施因素,开关启闭故障,切换失灵,档位、回路、工况切换卡滞、不切换、切换不到位,"类别：设备设施因素 > 开关启闭故障
失效模式：切换失灵
导致危险源释放的因素：档位、回路、工况切换卡滞、不切换、切换不到位"
EVHF_e2befad44684e20b7b19,SRCHF_1ff5369d38f346bebb45,非密-第二类危险源分析.docx,表4 工序/岗位危险有害因素一览表,168,设备设施因素,开关启闭故障,提前动作,未达到设定温度、压力、时间条件，设备提前启停动作,"类别：设备设施因素 > 开关启闭故障
失效模式：提前动作
导致危险源释放的因素：未达到设定温度、压力、时间条件，设备提前启停动作"
EVHF_310b0cec2eda9b2142ca,SRCHF_3f027a8012f8b7353857,非密-第二类危险源分析.docx,表4 工序/岗位危险有害因素一览表,169,设备设施因素,开关启闭故障,滞后动作,接收指令后响应延迟，启停、切换动作迟缓,"类别：设备设施因素 > 开关启闭故障
失效模式：滞后动作
导致危险源释放的因素：接收指令后响应延迟，启停、切换动作迟缓"
EVHF_2382db9c174e1d1cc3bd,SRCHF_68e2596bfc02c10db6a0,非密-第二类危险源分析.docx,表4 工序/岗位危险有害因素一览表,170,设备设施因素,泄漏与堵塞故障,内部泄漏,阀腔、密封、腔体内部窜压、窜料，内漏超标,"类别：设备设施因素 > 泄漏与堵塞故障
失效模式：内部泄漏
导致危险源释放的因素：阀腔、密封、腔体内部窜压、窜料，内漏超标"
EVHF_e1488293a72dcc9b3b05,SRCHF_826b8e1b5babcfc53d2c,非密-第二类危险源分析.docx,表4 工序/岗位危险有害因素一览表,171,设备设施因素,泄漏与堵塞故障,外部泄漏,漏油、漏水、漏气、漏物料，介质向外渗漏,"类别：设备设施因素 > 泄漏与堵塞故障
失效模式：外部泄漏
导致危险源释放的因素：漏油、漏水、漏气、漏物料，介质向外渗漏"
EVHF_c65ae413070f6d7cc94c,SRCHF_87834be7dd92867422cd,非密-第二类危险源分析.docx,表4 工序/岗位危险有害因素一览表,172,设备设施因素,泄漏与堵塞故障,管路堵塞,管道、滤网、流道积垢、堵料，介质流通不畅,"类别：设备设施因素 > 泄漏与堵塞故障
失效模式：管路堵塞
导致危险源释放的因素：管道、滤网、流道积垢、堵料，介质流通不畅"
EVHF_891aa50a1d8b7d726207,SRCHF_d9d3790355b7a7a19a9e,非密-第二类危险源分析.docx,表4 工序/岗位危险有害因素一览表,173,设备设施因素,泄漏与堵塞故障,气堵/气阻,管路腔体积气，造成断流、压力不稳、输送中断,"类别：设备设施因素 > 泄漏与堵塞故障
失效模式：气堵/气阻
导致危险源释放的因素：管路腔体积气，造成断流、压力不稳、输送中断"
EVHF_43c79b6eeb316de7778b,SRCHF_54e2ba7c2bf53a95d4bb,非密-第二类危险源分析.docx,表4 工序/岗位危险有害因素一览表,174,设备设施因素,泄漏与堵塞故障,节流异常,通径变小、局部缩流，流量、输送能力无故下降,"类别：设备设施因素 > 泄漏与堵塞故障
失效模式：节流异常
导致危险源释放的因素：通径变小、局部缩流，流量、输送能力无故下降"
EVHF_e50eb2444493a88a52db,SRCHF_69e7566fb13bf7eaacd4,非密-第二类危险源分析.docx,表4 工序/岗位危险有害因素一览表,175,设备设施因素,参数超限故障,参数超上限,压力、温度、转速、电流、电压等运行参数高于额定上限,"类别：设备设施因素 > 参数超限故障
失效模式：参数超上限
导致危险源释放的因素：压力、温度、转速、电流、电压等运行参数高于额定上限"
EVHF_f55c50b52fa00c7938bf,SRCHF_770987b2bc4f4fe02354,非密-第二类危险源分析.docx,表4 工序/岗位危险有害因素一览表,176,设备设施因素,参数超限故障,参数超下限,压力、流量、出力、转速等关键参数低于额定下限,"类别：设备设施因素 > 参数超限故障
失效模式：参数超下限
导致危险源释放的因素：压力、流量、出力、转速等关键参数低于额定下限"
EVHF_a0e399a809734b9bf0a4,SRCHF_f4724f75524190eec70a,非密-第二类危险源分析.docx,表4 工序/岗位危险有害因素一览表,177,设备设施因素,参数超限故障,输入偏大,进料、供电、供气、供液输入量超出工艺允许范围,"类别：设备设施因素 > 参数超限故障
失效模式：输入偏大
导致危险源释放的因素：进料、供电、供气、供液输入量超出工艺允许范围"
EVHF_36d46d73fc28ece39f6b,SRCHF_66ffe36ea4982e2f5799,非密-第二类危险源分析.docx,表4 工序/岗位危险有害因素一览表,178,设备设施因素,参数超限故障,输入偏小,能源、物料、气源供给不足，低于工艺最低需求,"类别：设备设施因素 > 参数超限故障
失效模式：输入偏小
导致危险源释放的因素：能源、物料、气源供给不足，低于工艺最低需求"
EVHF_76dda8bb6bc21b884e79,SRCHF_a30ad2b68fa5510def53,非密-第二类危险源分析.docx,表4 工序/岗位危险有害因素一览表,179,设备设施因素,参数超限故障,过热超温,轴承、电机绕组、腔体、元器件异常升温、超温报警,"类别：设备设施因素 > 参数超限故障
失效模式：过热超温
导致危险源释放的因素：轴承、电机绕组、腔体、元器件异常升温、超温报警"
EVHF_3d7dfc3062f232570b76,SRCHF_21baa01d1f1620d36e6a,非密-第二类危险源分析.docx,表4 工序/岗位危险有害因素一览表,180,设备设施因素,参数超限故障,仪表错指示,传感器、压力表、数显仪表示数失真、虚高虚低、误报警,"类别：设备设施因素 > 参数超限故障
失效模式：仪表错指示
导致危险源释放的因素：传感器、压力表、数显仪表示数失真、虚高虚低、误报警"
EVHF_9a340b767ce325c872e1,SRCHF_1520a42c331194555efa,非密-第二类危险源分析.docx,表4 工序/岗位危险有害因素一览表,181,设备设施因素,运行工况异常,间歇故障,故障偶发、时好时坏，间断性停机、失效、动作异常,"类别：设备设施因素 > 运行工况异常
失效模式：间歇故障
导致危险源释放的因素：故障偶发、时好时坏，间断性停机、失效、动作异常"
EVHF_949377867e131a02a02b,SRCHF_13fd90510fbe15e64163,非密-第二类危险源分析.docx,表4 工序/岗位危险有害因素一览表,182,设备设施因素,运行工况异常,漂移失稳,运行参数缓慢偏移，工况持续劣化，精度逐步下降,"类别：设备设施因素 > 运行工况异常
失效模式：漂移失稳
导致危险源释放的因素：运行参数缓慢偏移，工况持续劣化，精度逐步下降"
EVHF_db5945c6259b9e5b2a6f,SRCHF_a287b9ab70422fe28aa9,非密-第二类危险源分析.docx,表4 工序/岗位危险有害因素一览表,183,设备设施因素,运行工况异常,意外自运行,停机待机状态下设备自行运转、自行加载,"类别：设备设施因素 > 运行工况异常
失效模式：意外自运行
导致危险源释放的因素：停机待机状态下设备自行运转、自行加载"
EVHF_c71240af4c361dd87c23,SRCHF_055ae9078317ae095253,非密-第二类危险源分析.docx,表4 工序/岗位危险有害因素一览表,184,设备设施因素,运行工况异常,输出紊乱,转速、流量、出力忽高忽低，运行波动剧烈,"类别：设备设施因素 > 运行工况异常
失效模式：输出紊乱
导致危险源释放的因素：转速、流量、出力忽高忽低，运行波动剧烈"
EVHF_f8dd3a3a995a0b9e36a1,SRCHF_2d2500f0cec7d433792e,非密-第二类危险源分析.docx,表4 工序/岗位危险有害因素一览表,185,设备设施因素,运行工况异常,异响噪音,出现摩擦、撞击、啸叫、异振等非正常运行声响,"类别：设备设施因素 > 运行工况异常
失效模式：异响噪音
导致危险源释放的因素：出现摩擦、撞击、啸叫、异振等非正常运行声响"
EVHF_4c4f2bf8ac954acb206c,SRCHF_20432bdc3336182063c8,非密-第二类危险源分析.docx,表4 工序/岗位危险有害因素一览表,186,设备设施因素,运行工况异常,电气绝缘故障（绝缘劣化）,电气部件绝缘层老化、破损，绝缘电阻下降、漏电隐患,"类别：设备设施因素 > 运行工况异常
失效模式：电气绝缘故障（绝缘劣化）
导致危险源释放的因素：电气部件绝缘层老化、破损，绝缘电阻下降、漏电隐患"
EVHF_bd7d27d242a7ac5e3751,SRCHF_3e30c576f9e4cfd69c0d,非密-第二类危险源分析.docx,表4 工序/岗位危险有害因素一览表,187,设备设施因素,运行工况异常,电气绝缘故障（短路/开路）,线路、元器件断路、短路、击穿，回路失效,"类别：设备设施因素 > 运行工况异常
失效模式：电气绝缘故障（短路/开路）
导致危险源释放的因素：线路、元器件断路、短路、击穿，回路失效"
EVHF_986dd79429ae455e6e46,SRCHF_5d1bda1f8fff7a4c0681,非密-第二类危险源分析.docx,表4 工序/岗位危险有害因素一览表,188,设备设施因素,运行工况异常,整机性能故障（性能衰退）,设备整体效率、出力、精度长期下降，达不到额定工况,"类别：设备设施因素 > 运行工况异常
失效模式：整机性能故障（性能衰退）
导致危险源释放的因素：设备整体效率、出力、精度长期下降，达不到额定工况"
EVHF_b648a9c4338647bb3740,SRCHF_8719eb8968ab14684ddb,非密-第二类危险源分析.docx,表4 工序/岗位危险有害因素一览表,189,设备设施因素,其他,设备选用不当,采用本质安全水平较低的设备设施，如阀门种类选用不当,"类别：设备设施因素 > 其他
失效模式：设备选用不当
导致危险源释放的因素：采用本质安全水平较低的设备设施，如阀门种类选用不当"
EVHF_c5b2e7766c913548e250,SRCHF_9201e2f90158728ff488,非密-第二类危险源分析.docx,表4 工序/岗位危险有害因素一览表,191,环境因素,防雷,防雷设施失效,"工房未设置防雷设施或防雷设施未经检验；
工房未做等电位连接或失效；
工房防雷设施损坏或设计缺陷；
工房防直击雷击电阻超标；
防感应雷接地电阻超标","类别：环境因素 > 防雷
失效模式：防雷设施失效
导致危险源释放的因素：工房未设置防雷设施或防雷设施未经检验；
工房未做等电位连接或失效；
工房防雷设施损坏或设计缺陷；
工房防直击雷击电阻超标；
防感应雷接地电阻超标"
EVHF_328a3f8d51407df3213c,SRCHF_39946aeeec1ae10cbb05,非密-第二类危险源分析.docx,表4 工序/岗位危险有害因素一览表,192,环境因素,防静电,防静电护具失效,防静电护具缺失；防静电护具损坏,"类别：环境因素 > 防静电
失效模式：防静电护具失效
导致危险源释放的因素：防静电护具缺失；防静电护具损坏"
EVHF_a0a3cb07d6e8d55466ab,SRCHF_293a8cee5110b8faecfc,非密-第二类危险源分析.docx,表4 工序/岗位危险有害因素一览表,193,环境因素,防静电,未正确穿戴防静电护具,未正确穿戴防静电鞋服等防静电护具,"类别：环境因素 > 防静电
失效模式：未正确穿戴防静电护具
导致危险源释放的因素：未正确穿戴防静电鞋服等防静电护具"
EVHF_111f6fe6c81bed9e4cab,SRCHF_363c4a62771c700b5a09,非密-第二类危险源分析.docx,表4 工序/岗位危险有害因素一览表,194,环境因素,防静电,人体静电释放装置失效/人体综合电阻检测装置失效,"人体静电释放装置缺失；
人体静电释放装置失效或人体综合电阻检测装置失效","类别：环境因素 > 防静电
失效模式：人体静电释放装置失效/人体综合电阻检测装置失效
导致危险源释放的因素：人体静电释放装置缺失；
人体静电释放装置失效或人体综合电阻检测装置失效"
EVHF_1a737c850bcf6ceee280,SRCHF_dc9949022805adb37f0d,非密-第二类危险源分析.docx,表4 工序/岗位危险有害因素一览表,195,环境因素,防静电,接地电阻不合格,接地不良；接地连接点松动、锈蚀，导致接触电阻增大,"类别：环境因素 > 防静电
失效模式：接地电阻不合格
导致危险源释放的因素：接地不良；接地连接点松动、锈蚀，导致接触电阻增大"
EVHF_87beb3ed85460cc6186c,SRCHF_ace88b7ea18d12c280b3,非密-第二类危险源分析.docx,表4 工序/岗位危险有害因素一览表,196,环境因素,防静电,接地线接地不规范、不牢固,"接地线线径过细或材质不符合要求；
接地连接点未采取防松、防锈措施","类别：环境因素 > 防静电
失效模式：接地线接地不规范、不牢固
导致危险源释放的因素：接地线线径过细或材质不符合要求；
接地连接点未采取防松、防锈措施"
EVHF_ee0c0c50d6a0c6e68a5d,SRCHF_cfd1f4d4db8b0d533806,非密-第二类危险源分析.docx,表4 工序/岗位危险有害因素一览表,197,环境因素,防静电,工作台防静电胶板污染,未定期维护或维护不当防静电胶板,"类别：环境因素 > 防静电
失效模式：工作台防静电胶板污染
导致危险源释放的因素：未定期维护或维护不当防静电胶板"
EVHF_dcc493e4040650c0f70c,SRCHF_c7155161d7e938550a61,非密-第二类危险源分析.docx,表4 工序/岗位危险有害因素一览表,198,环境因素,电气设备,设备、电气线路不符合防爆防尘要求,"设备、电气线路选型不符合防爆防尘要求；
电气线路保护、敷设不满足危险区域要求；
设备接地线缺失、断开或接地电阻超标，静电无法有效导出","类别：环境因素 > 电气设备
失效模式：设备、电气线路不符合防爆防尘要求
导致危险源释放的因素：设备、电气线路选型不符合防爆防尘要求；
电气线路保护、敷设不满足危险区域要求；
设备接地线缺失、断开或接地电阻超标，静电无法有效导出"
EVHF_9b73b9db0c0a142085b9,SRCHF_5f6f97be6a109293eedb,非密-第二类危险源分析.docx,表4 工序/岗位危险有害因素一览表,199,环境因素,电气设备,设备进出线管接口有缺陷,设备进出线管接口有破损、松动现象,"类别：环境因素 > 电气设备
失效模式：设备进出线管接口有缺陷
导致危险源释放的因素：设备进出线管接口有破损、松动现象"
EVHF_b901de676f9273e5f7cb,SRCHF_121600aef058616d1034,非密-第二类危险源分析.docx,表4 工序/岗位危险有害因素一览表,200,环境因素,作业环境,工艺平面布局不符合要求,工艺平面布局不符合GF/T-8要求,"类别：环境因素 > 作业环境
失效模式：工艺平面布局不符合要求
导致危险源释放的因素：工艺平面布局不符合GF/T-8要求"
EVHF_e2015fcd088bdf5c9491,SRCHF_46eb5594077cc33b2f76,非密-第二类危险源分析.docx,表4 工序/岗位危险有害因素一览表,201,环境因素,作业环境,定员定量不符合要求,超员超量,"类别：环境因素 > 作业环境
失效模式：定员定量不符合要求
导致危险源释放的因素：超员超量"
EVHF_0713d6b421b955b2576a,SRCHF_cc297cb887b8fde1f82f,非密-第二类危险源分析.docx,表4 工序/岗位危险有害因素一览表,202,环境因素,作业环境,采光照明不良,灯具数量不足或功率选型过低；自然采光窗口被物料、设备遮挡；人工照明灯具损坏未及时更换,"类别：环境因素 > 作业环境
失效模式：采光照明不良
导致危险源释放的因素：灯具数量不足或功率选型过低；自然采光窗口被物料、设备遮挡；人工照明灯具损坏未及时更换"
EVHF_1537d1f0e4725dcd0a95,SRCHF_0b69c295e95b18d73e82,非密-第二类危险源分析.docx,表4 工序/岗位危险有害因素一览表,203,环境因素,作业环境,阶梯和活动架缺陷,阶梯或活动架的扶手、护栏等防护设施缺失、高度不足或连接不牢固,"类别：环境因素 > 作业环境
失效模式：阶梯和活动架缺陷
导致危险源释放的因素：阶梯或活动架的扶手、护栏等防护设施缺失、高度不足或连接不牢固"
EVHF_b1b397f3a875c1f656b7,SRCHF_6017081828f5ae640ec2,非密-第二类危险源分析.docx,表4 工序/岗位危险有害因素一览表,204,环境因素,作业环境,工房温湿度不满足工艺要求,温湿度不在工艺要求范围内；温湿度监测仪表损坏或未校准,"类别：环境因素 > 作业环境
失效模式：工房温湿度不满足工艺要求
导致危险源释放的因素：温湿度不在工艺要求范围内；温湿度监测仪表损坏或未校准"
EVHF_613d757c426f4efafefe,SRCHF_1e2528578f49b79ed81c,非密-第二类危险源分析.docx,表4 工序/岗位危险有害因素一览表,205,环境因素,作业环境,现场实物与定制图不一致,新增或临时搬运来的设备、物料、工装器具未按定置图划定的区域摆放,"类别：环境因素 > 作业环境
失效模式：现场实物与定制图不一致
导致危险源释放的因素：新增或临时搬运来的设备、物料、工装器具未按定置图划定的区域摆放"
EVHF_3107752013f815e5cacc,SRCHF_6b07230449ace8301ff5,非密-第二类危险源分析.docx,表4 工序/岗位危险有害因素一览表,206,环境因素,作业环境,物流通道、安全通道不畅,"通道堵塞不畅；
安全出口门上锁、通道门开启方向错误或通道宽度被设备、管线占用","类别：环境因素 > 作业环境
失效模式：物流通道、安全通道不畅
导致危险源释放的因素：通道堵塞不畅；
安全出口门上锁、通道门开启方向错误或通道宽度被设备、管线占用"
EVHF_95f73df0fae0e2af42d3,SRCHF_1b87aeb3da16f6e93e96,非密-第二类危险源分析.docx,表4 工序/岗位危险有害因素一览表,207,环境因素,作业环境,通风除尘设施缺陷或未正常投入使用,通风除尘不良；通风除尘设施损坏、故障；未定期维护保养,"类别：环境因素 > 作业环境
失效模式：通风除尘设施缺陷或未正常投入使用
导致危险源释放的因素：通风除尘不良；通风除尘设施损坏、故障；未定期维护保养"
EVHF_47035f5e674447ff45e4,SRCHF_7b6b86d5580aa7c669ae,非密-第二类危险源分析.docx,表4 工序/岗位危险有害因素一览表,208,环境因素,作业环境,散药、浮药、余药、残药（“四药”）未清理,地面、台面、设备、工装、产品表面、辅助工具等处，四药清理不及时、不干净,"类别：环境因素 > 作业环境
失效模式：散药、浮药、余药、残药（“四药”）未清理
导致危险源释放的因素：地面、台面、设备、工装、产品表面、辅助工具等处，四药清理不及时、不干净"
EVHF_5e7b48b36cf708115953,SRCHF_70f1af9306650d23505e,非密-第二类危险源分析.docx,表4 工序/岗位危险有害因素一览表,209,环境因素,作业环境,检维修作业前存有危险物料,检维修作业前未彻底清理危险物料,"类别：环境因素 > 作业环境
失效模式：检维修作业前存有危险物料
导致危险源释放的因素：检维修作业前未彻底清理危险物料"
EVHF_cb75573a365d8ea9583c,SRCHF_cfd2a273c81ffb78b0bf,非密-第二类危险源分析.docx,表4 工序/岗位危险有害因素一览表,211,管理因素,动火作业,审批流程不符合规范,"审批层级未达规定要求；
审批表内容不完整","类别：管理因素 > 动火作业
失效模式：审批流程不符合规范
导致危险源释放的因素：审批层级未达规定要求；
审批表内容不完整"
EVHF_cec398b14a8d93aa6832,SRCHF_a80aaea83953a2727425,非密-第二类危险源分析.docx,表4 工序/岗位危险有害因素一览表,212,管理因素,动火作业,作业人员资质问题,"特种作业人员证件已过期未复审；
人证不符；
外部相关方人员未经过入厂安全培训考核","类别：管理因素 > 动火作业
失效模式：作业人员资质问题
导致危险源释放的因素：特种作业人员证件已过期未复审；
人证不符；
外部相关方人员未经过入厂安全培训考核"
EVHF_6d81d8973fc59294d70d,SRCHF_21e633cba88a60a70fcb,非密-第二类危险源分析.docx,表4 工序/岗位危险有害因素一览表,213,管理因素,动火作业,动火作业前，缺少清理危险物料方案,动火作业前，缺少针对物料特性、设备构造、生产现场实际制定的清理方案,"类别：管理因素 > 动火作业
失效模式：动火作业前，缺少清理危险物料方案
导致危险源释放的因素：动火作业前，缺少针对物料特性、设备构造、生产现场实际制定的清理方案"
EVHF_eebfb22308aa2636fb80,SRCHF_60bd3f17f86a38728bd6,非密-第二类危险源分析.docx,表4 工序/岗位危险有害因素一览表,214,管理因素,消防管理,消防设施不合格,消防设施压力不足、已过有效期或选型错误,"类别：管理因素 > 消防管理
失效模式：消防设施不合格
导致危险源释放的因素：消防设施压力不足、已过有效期或选型错误"
EVHF_f1cb68ee760bd0ac4214,SRCHF_1167ad3a665fd36380a3,非密-第二类危险源分析.docx,表4 工序/岗位危险有害因素一览表,215,管理因素,消防管理,消防设施缺失,"灭火器、消防栓及消防雨淋配置缺失；
功能标识缺失","类别：管理因素 > 消防管理
失效模式：消防设施缺失
导致危险源释放的因素：灭火器、消防栓及消防雨淋配置缺失；
功能标识缺失"
EVHF_aede8b56f95d33fc3958,SRCHF_dcb4e2cd6e3f02a9bc73,非密-第二类危险源分析.docx,表4 工序/岗位危险有害因素一览表,216,管理因素,特种设备管理,防爆叉车、起重设备等或配套设施不合格,"进入爆炸性危险区域作业，未更换防爆型车辆；
防爆设备上的防爆缺失；
特种设备的安全装置损坏或缺失","类别：管理因素 > 特种设备管理
失效模式：防爆叉车、起重设备等或配套设施不合格
导致危险源释放的因素：进入爆炸性危险区域作业，未更换防爆型车辆；
防爆设备上的防爆缺失；
特种设备的安全装置损坏或缺失"
EVHF_1764b4c32e0563007a62,SRCHF_b87ecd0f69b6800ad1fe,非密-第二类危险源分析.docx,表4 工序/岗位危险有害因素一览表,217,管理因素,特种设备管理,防爆叉车、起重机等操作人员资格证缺失,防爆叉车、起重机等操作人员无资格证、或资格证过有效期,"类别：管理因素 > 特种设备管理
失效模式：防爆叉车、起重机等操作人员资格证缺失
导致危险源释放的因素：防爆叉车、起重机等操作人员无资格证、或资格证过有效期"
EVHF_03f0f385ce2ff8629ea0,SRCHF_13e203d882847edbae45,非密-第二类危险源分析.docx,表4 工序/岗位危险有害因素一览表,218,管理因素,安全管理,应急管理缺陷,"事故应急预案缺陷；
应急预案培训不到位；
应急预案演练不规范；专项应急预案的审查、备案","类别：管理因素 > 安全管理
失效模式：应急管理缺陷
导致危险源释放的因素：事故应急预案缺陷；
应急预案培训不到位；
应急预案演练不规范；专项应急预案的审查、备案"
EVHF_b25bd602ccdd3d202f9a,SRCHF_8ef2923c500a594da821,非密-第二类危险源分析.docx,表4 工序/岗位危险有害因素一览表,219,管理因素,安全管理,隐患排查治理不到位,"隐患排查频次不足；
已发现的隐患整改不彻底","类别：管理因素 > 安全管理
失效模式：隐患排查治理不到位
导致危险源释放的因素：隐患排查频次不足；
已发现的隐患整改不彻底"
EVHF_b8ce8ff0521fe273c23c,SRCHF_bc0ad0c41aea0360fd61,非密-第二类危险源分析.docx,表4 工序/岗位危险有害因素一览表,220,管理因素,安全管理,操作规程不完整、文实不符,新设备、新工艺投入使用后，未及时同步编制或修订操作规程,"类别：管理因素 > 安全管理
失效模式：操作规程不完整、文实不符
导致危险源释放的因素：新设备、新工艺投入使用后，未及时同步编制或修订操作规程"
