hazard_id,product_id,hazard_class,hazard_class_raw,source_file,table_row
HAZCLPD_86ad1ef5474ba4e0deed,MATPD_61efba69f329d93785f6,第1.1类爆炸品,第1.1类爆炸品,非密-危险特性汇总表.docx,4
HAZCLPD_86ad1ef5474ba4e0deed,MATPD_6c981788b4c726f5314b,第1.1类爆炸品,第1.1类爆炸品,非密-危险特性汇总表.docx,5
HAZCLPD_86ad1ef5474ba4e0deed,MATPD_a74eb96375894ccff38f,第1.1类爆炸品,第1.1类爆炸品,非密-危险特性汇总表.docx,6
HAZCLPD_86ad1ef5474ba4e0deed,MATPD_9edceca819e802431f58,第1.1类爆炸品,第1.1类爆炸品,非密-危险特性汇总表.docx,7
HAZCLPD_86ad1ef5474ba4e0deed,MATPD_073c9f2d18ae3b5235e5,第1.1类爆炸品,第1.1类爆炸品,非密-危险特性汇总表.docx,8
HAZCLPD_86ad1ef5474ba4e0deed,MATPD_dcf5456795b9d44c598f,第1.1类爆炸品,第1.1类爆炸品,非密-危险特性汇总表.docx,9
HAZCLPD_86ad1ef5474ba4e0deed,MATPD_608469787201a8d96a55,第1.1类爆炸品,第1.1类爆炸品,非密-危险特性汇总表.docx,10
HAZCLPD_86ad1ef5474ba4e0deed,MATPD_3d5bffcece35a7c5118a,第1.1类爆炸品,第1.1类爆炸品,非密-危险特性汇总表.docx,11
HAZCLPD_86ad1ef5474ba4e0deed,MATPD_160c4846fde2b668269b,第1.1类爆炸品,第1.1类爆炸品,非密-危险特性汇总表.docx,12
HAZCLPD_86ad1ef5474ba4e0deed,MATPD_7bc1298fd5a601da0080,第1.1类爆炸品,第1.1类爆炸品,非密-危险特性汇总表.docx,13
HAZCLPD_86ad1ef5474ba4e0deed,MATPD_a03c169ba67b5cc41309,第1.1类爆炸品,第1.1类爆炸品,非密-危险特性汇总表.docx,14
HAZCLPD_86ad1ef5474ba4e0deed,MATPD_7a30c1e11224b700aa6b,第1.1类爆炸品,第1.1类爆炸品,非密-危险特性汇总表.docx,15
HAZCLPD_86ad1ef5474ba4e0deed,MATPD_2bdeba018769c977ec8f,第1.1类爆炸品,第1.1类爆炸品,非密-危险特性汇总表.docx,16
HAZCLPD_86ad1ef5474ba4e0deed,MATPD_f045192515f41dc980eb,第1.1类爆炸品,第1.1类爆炸品,非密-危险特性汇总表.docx,17
HAZCLPD_86ad1ef5474ba4e0deed,MATPD_24453e8e3b68c77f0dc8,第1.1类爆炸品,第1.1类爆炸品,非密-危险特性汇总表.docx,19
HAZCLPD_86ad1ef5474ba4e0deed,MATPD_4295850319cb4988c2e4,第1.1类爆炸品,第1.1类爆炸品,非密-危险特性汇总表.docx,20
HAZCLPD_86ad1ef5474ba4e0deed,MATPD_ef9539a991855883c91d,第1.1类爆炸品,第1.1类爆炸品,非密-危险特性汇总表.docx,21
HAZCLPD_86ad1ef5474ba4e0deed,MATPD_0a9d8536cdebc6912ec4,第1.1类爆炸品,第1．1类爆炸品,非密-危险特性汇总表.docx,4
HAZCLPD_86ad1ef5474ba4e0deed,MATPD_744529d6e2fba3eb1fb5,第1.1类爆炸品,第1．1类爆炸品,非密-危险特性汇总表.docx,5
HAZCLPD_86ad1ef5474ba4e0deed,MATPD_140085ebb23bb11375e0,第1.1类爆炸品,第1．1类爆炸品,非密-危险特性汇总表.docx,6
HAZCLPD_86ad1ef5474ba4e0deed,MATPD_6e0863b2c738b9dc74de,第1.1类爆炸品,第1．1类爆炸品,非密-危险特性汇总表.docx,7
HAZCLPD_86ad1ef5474ba4e0deed,MATPD_bc75d59fe17ed7dacbac,第1.1类爆炸品,第1．1类爆炸品,非密-危险特性汇总表.docx,8
HAZCLPD_86ad1ef5474ba4e0deed,MATPD_ee169a55602321bb01e2,第1.1类爆炸品,第1．1类爆炸品,非密-危险特性汇总表.docx,9
HAZCLPD_86ad1ef5474ba4e0deed,MATPD_6d3a2ae6db4ddd33532f,第1.1类爆炸品,第1．1类爆炸品,非密-危险特性汇总表.docx,10
HAZCLPD_86ad1ef5474ba4e0deed,MATPD_e0aacbfe28775ea6fafd,第1.1类爆炸品,第1．1类爆炸品,非密-危险特性汇总表.docx,11
HAZCLPD_86ad1ef5474ba4e0deed,MATPD_a70a0e92b7918549ab9f,第1.1类爆炸品,第1．1类爆炸品,非密-危险特性汇总表.docx,12
HAZCLPD_86ad1ef5474ba4e0deed,MATPD_c1de4378c1c92cc458cc,第1.1类爆炸品,第1．1类爆炸品,非密-危险特性汇总表.docx,13
HAZCLPD_86ad1ef5474ba4e0deed,MATPD_791bc9773b7eb60ff1ff,第1.1类爆炸品,第1．1类爆炸品,非密-危险特性汇总表.docx,14
HAZCLPD_86ad1ef5474ba4e0deed,MATPD_7273a5ff6d574cf70bbc,第1.1类爆炸品,第1．1类爆炸品,非密-危险特性汇总表.docx,15
