evidence_id,product_id,source_record_id,source_file,table_index,table_row,serial_no,major_category,subcategory,source_flags,evidence_text,raw_cells_json
EVPD_02facfd4df0f5a4f77e3,MATPD_61efba69f329d93785f6,SRCPD_02facfd4df0f5a4f77e3,非密-危险特性汇总表.docx,0,4,1,起爆药,单质起爆药,,"二硝基重氮酚,重氮二硝基苯酚。
工业品为球状聚晶，棕褐色；纯品为针状结晶，亮黄色
50℃安定；75℃，48h减量0.30%；100℃，48h减量1.57%。
爆速：7000m／s，摩擦感度（发火率）：25%，冲击感度（落高）：上限：大于40.0cm；下限：17.5cm","[""1"", ""二硝基重氮酚,重氮二硝基苯酚。"", """", ""第1.1类爆炸品"", ""工业品为球状聚晶，棕褐色；纯品为针状结晶，亮黄色"", ""50℃安定；75℃，48h减量0.30%；100℃，48h减量1.57%。"", ""爆速：7000m／s，摩擦感度（发火率）：25%，冲击感度（落高）：上限：大于40.0cm；下限：17.5cm""]"
EVPD_92295d5e8d28d404dd0c,MATPD_6c981788b4c726f5314b,SRCPD_92295d5e8d28d404dd0c,非密-危险特性汇总表.docx,0,5,2,起爆药,单质起爆药,,"三硝基间苯二酚铅
外观：黄色（结晶）；褐色（沥青钝化）。棱柱形结晶。
安定性：50℃安定；75℃，48h失去结晶水；115—120℃加热失去结晶水。
爆速：5200m／s（ρ=2.9），摩擦感度（发火率）：70%（结晶）；40%（沥青钝化），冲击感度（落高）：上限：36.0cm（结晶）、37cm（沥青钝化）；下限：11.5cm（结晶）、26.5cm（沥青钝化）","[""2"", ""三硝基间苯二酚铅"", ""LTNR"", ""第1.1类爆炸品"", ""外观：黄色（结晶）；褐色（沥青钝化）。棱柱形结晶。"", ""安定性：50℃安定；75℃，48h失去结晶水；115—120℃加热失去结晶水。"", ""爆速：5200m／s（ρ=2.9），摩擦感度（发火率）：70%（结晶）；40%（沥青钝化），冲击感度（落高）：上限：36.0cm（结晶）、37cm（沥青钝化）；下限：11.5cm（结晶）、26.5cm（沥青钝化）""]"
EVPD_9b60a4c36e50593ceb5f,MATPD_a74eb96375894ccff38f,SRCPD_9b60a4c36e50593ceb5f,非密-危险特性汇总表.docx,0,6,3,起爆药,单质起爆药,,"叠氮化铅
晶形：α型为短柱状晶体；β型为针状晶体。颜色：白到浅黄色。
热安定性：50℃3—5年质量变化不大；75℃，48h减量0.17%；100℃48h减量0.50%。
爆速：5123m／s（ρ=3.96），摩擦感度（发火率）：70%（大结晶）；90%（小结晶）。100%（糊精），冲击感度（落高）：上限：33.0cm（结晶）、24cm（糊精）。下限：10.0cm（结晶）、10.5cm（糊精）","[""3"", ""叠氮化铅"", ""LA"", ""第1.1类爆炸品"", ""晶形：α型为短柱状晶体；β型为针状晶体。颜色：白到浅黄色。"", ""热安定性：50℃3—5年质量变化不大；75℃，48h减量0.17%；100℃48h减量0.50%。"", ""爆速：5123m／s（ρ=3.96），摩擦感度（发火率）：70%（大结晶）；90%（小结晶）。100%（糊精），冲击感度（落高）：上限：33.0cm（结晶）、24cm（糊精）。下限：10.0cm（结晶）、10.5cm（糊精）""]"
EVPD_0020ca6863846aea2bf6,MATPD_9edceca819e802431f58,SRCPD_0020ca6863846aea2bf6,非密-危险特性汇总表.docx,0,7,4,起爆药,单质起爆药,,"粉末叠氮化铅
白色至微灰色
真空安定性：100℃，48h，2.10 ml／g
相对密度4.46g／cm3，5s爆发点344℃，极限起爆药量：PETN6mg，RDX7mg，撞击感度H50／cm，400g落锤，32.5（S：4.6），摩擦感度90°角，0.49MPa，40 %发火，火焰感度H50／cm，10.7（S：1.9），静电感度50%发火电压（kv）546μF,间隙0.12mm，1.56（S：0.184）","[""4"", ""粉末叠氮化铅"", ""C—LA"", ""第1.1类爆炸品"", ""白色至微灰色"", ""真空安定性：100℃，48h，2.10 ml／g"", ""相对密度4.46g／cm3，5s爆发点344℃，极限起爆药量：PETN6mg，RDX7mg，撞击感度H50／cm，400g落锤，32.5（S：4.6），摩擦感度90°角，0.49MPa，40 %发火，火焰感度H50／cm，10.7（S：1.9），静电感度50%发火电压（kv）546μF,间隙0.12mm，1.56（S：0.184）""]"
EVPD_185a8d3d83e8d4e9f481,MATPD_073c9f2d18ae3b5235e5,SRCPD_185a8d3d83e8d4e9f481,非密-危险特性汇总表.docx,0,8,5,起爆药,单质起爆药,,"糊精叠氮化铅
白色至浅黄色的易流散性颗粒
真空安定性：100℃，48h，2.16 ml／g
相对密度4.71g／cm3，5s爆发点326—340℃，极限起爆药量：PETN12mg，RDX13mg，撞击感度H50／cm，400g落锤，27.8（S：1.9），摩擦感度90°角，0.49MPa，65%发火，火焰感度H50／cm，14.2（S：2.1），静电感度50%发火电压（kv）546μF,间隙0.12mm,18.72（S：1.590）","[""5"", ""糊精叠氮化铅"", ""D—LA"", ""第1.1类爆炸品"", ""白色至浅黄色的易流散性颗粒"", ""真空安定性：100℃，48h，2.16 ml／g"", ""相对密度4.71g／cm3，5s爆发点326—340℃，极限起爆药量：PETN12mg，RDX13mg，撞击感度H50／cm，400g落锤，27.8（S：1.9），摩擦感度90°角，0.49MPa，65%发火，火焰感度H50／cm，14.2（S：2.1），静电感度50%发火电压（kv）546μF,间隙0.12mm,18.72（S：1.590）""]"
EVPD_b695e667c14405e1b901,MATPD_dcf5456795b9d44c598f,SRCPD_b695e667c14405e1b901,非密-危险特性汇总表.docx,0,9,6,起爆药,单质起爆药,,"羧甲基纤维素叠氮化铅
白色至浅黄色的易流散性颗粒
真空安定性：100℃，48h，1.29 ml／g
相对密度4.86g／cm3，5s爆发点348—350℃，极限起爆药量：PETN4mg，RDX6mg，撞击感度H50／cm，400g落锤，27.4（S：5.2），摩擦感度90°角，0.49MPa，85 %发火，火焰感度H50／cm，18.0（S：2.6），静电感度50%发火电压（kv）546μF,间隙0.12mm，3.56（S：0.530）","[""6"", ""羧甲基纤维素叠氮化铅"", ""CMC—LA"", ""第1.1类爆炸品"", ""白色至浅黄色的易流散性颗粒"", ""真空安定性：100℃，48h，1.29 ml／g"", ""相对密度4.86g／cm3，5s爆发点348—350℃，极限起爆药量：PETN4mg，RDX6mg，撞击感度H50／cm，400g落锤，27.4（S：5.2），摩擦感度90°角，0.49MPa，85 %发火，火焰感度H50／cm，18.0（S：2.6），静电感度50%发火电压（kv）546μF,间隙0.12mm，3.56（S：0.530）""]"
EVPD_7e7d6ef541b2bce6272d,MATPD_608469787201a8d96a55,SRCPD_7e7d6ef541b2bce6272d,非密-危险特性汇总表.docx,0,10,7,起爆药,单质起爆药,,"雷汞
白色或灰色晶体粉末，晶形为菱形。
50℃，2h分解；75℃，48h减量0.15%；100℃，48h，爆炸。
爆速：5400m／s，ρ=4.0—4.3，冲击感度（落高）：上限9.5cm；下限3.5cm，摩擦感度（发火率）：100%","[""7"", ""雷汞"", """", ""第1.1类爆炸品"", ""白色或灰色晶体粉末，晶形为菱形。"", ""50℃，2h分解；75℃，48h减量0.15%；100℃，48h，爆炸。"", ""爆速：5400m／s，ρ=4.0—4.3，冲击感度（落高）：上限9.5cm；下限3.5cm，摩擦感度（发火率）：100%""]"
EVPD_0a3dc0466128aede02da,MATPD_3d5bffcece35a7c5118a,SRCPD_0a3dc0466128aede02da,非密-危险特性汇总表.docx,0,11,8,起爆药,单质起爆药,,"四氮烯
楔形玻璃状细小结晶；微黄色
50℃时安定；75℃，10昼夜减量8%；100℃，48h，明显分解。
爆速：5700m／s，ρ=0.9，冲击感度（落高）：上限6cm；下限3cm，摩擦感度（发火率）：70%","[""8"", ""四氮烯"", ""特屈拉辛"", ""第1.1类爆炸品"", ""楔形玻璃状细小结晶；微黄色"", ""50℃时安定；75℃，10昼夜减量8%；100℃，48h，明显分解。"", ""爆速：5700m／s，ρ=0.9，冲击感度（落高）：上限6cm；下限3cm，摩擦感度（发火率）：70%""]"
EVPD_9eaad84b312303c5a09d,MATPD_160c4846fde2b668269b,SRCPD_9eaad84b312303c5a09d,非密-危险特性汇总表.docx,0,12,9,起爆药,单质起爆药,,"羧甲基纤维素三硝基间苯二酚钡（斯蒂芬酸钡）
黄色结晶
分解峰值温度为346℃（10℃／min）
相对密度2.59。5s爆发点为392.5℃／5s，活化能169KJ／mol。撞击感度爆炸率为4—8%，摩擦感度16—24%，火焰感度42cm—44cm（50%发火,标准条件），静电火花感度50%，静电起爆能量为0.347J—0.358J。不能单独起爆PETN等猛炸药。","[""9"", ""羧甲基纤维素三硝基间苯二酚钡（斯蒂芬酸钡）"", ""BaTNR"", ""第1.1类爆炸品"", ""黄色结晶"", ""分解峰值温度为346℃（10℃／min）"", ""相对密度2.59。5s爆发点为392.5℃／5s，活化能169KJ／mol。撞击感度爆炸率为4—8%，摩擦感度16—24%，火焰感度42cm—44cm（50%发火,标准条件），静电火花感度50%，静电起爆能量为0.347J—0.358J。不能单独起爆PETN等猛炸药。""]"
EVPD_54d0e273da4d143fe681,MATPD_7bc1298fd5a601da0080,SRCPD_54d0e273da4d143fe681,非密-危险特性汇总表.docx,0,13,10,起爆药,单质起爆药,,"2，4—二硝基间苯二酚铅
黄色或橙色结晶，属于单斜晶系
分解峰值温度为290℃（10℃／min）。常温下安定；100℃加热试验，第一48h，失重0.20%；第二48h，失重0.02%
相对密度3.2。5s爆发点为265℃，爆热1025J／g。爆炸比容305ml／g，撞击感度13.6cm（50%爆炸，800g落锤，20mg样品）；30cm（10%爆炸，1kg落锤，20mg样品），摩擦感度28%（0.51MPa，45°摆角，20mg样品），火焰感度40.7cm（50%发火，标准条件），67.3 cm （发火感度上限，标准条件），14.3cm（发火感度下限，标准条件）。对静电敏感。不能单独起爆军用炸药。","[""10"", ""2，4—二硝基间苯二酚铅"", ""2，4—LDNR"", ""第1.1类爆炸品"", ""黄色或橙色结晶，属于单斜晶系"", ""分解峰值温度为290℃（10℃／min）。常温下安定；100℃加热试验，第一48h，失重0.20%；第二48h，失重0.02%"", ""相对密度3.2。5s爆发点为265℃，爆热1025J／g。爆炸比容305ml／g，撞击感度13.6cm（50%爆炸，800g落锤，20mg样品）；30cm（10%爆炸，1kg落锤，20mg样品），摩擦感度28%（0.51MPa，45°摆角，20mg样品），火焰感度40.7cm（50%发火，标准条件），67.3 cm （发火感度上限，标准条件），14.3cm（发火感度下限，标准条件）。对静电敏感。不能单独起爆军用炸药。""]"
EVPD_1433835a3900dcf63e68,MATPD_a03c169ba67b5cc41309,SRCPD_1433835a3900dcf63e68,非密-危险特性汇总表.docx,0,14,11,起爆药,单质起爆药,,"4，6—二硝基—7—羟基—7氢苯并氧化呋咱钾
橙色至棕色结晶粉末
分解峰值温度为217℃（10℃／min）。常温下安定；100℃加热试验，第一48h，失重0.03%；第二48h，失重0.05%
相对密度2.069，5s爆发点为250℃，燃烧热9234J／g，爆热3031J／g。爆炸比容604ml／g，撞击感度9cm（50%爆炸，400g落锤，20mg样品）；摩擦感度40—60%（1.23MPa，70°摆角），火焰感度44.6cm（50%发火，标准条件），静电起爆能量：50%发火能量为2.4×10—4 J—3.5×10—4J。不能单独起爆军用炸药","[""11"", ""4，6—二硝基—7—羟基—7氢苯并氧化呋咱钾"", ""KDNBF"", ""第1.1类爆炸品"", ""橙色至棕色结晶粉末"", ""分解峰值温度为217℃（10℃／min）。常温下安定；100℃加热试验，第一48h，失重0.03%；第二48h，失重0.05%"", ""相对密度2.069，5s爆发点为250℃，燃烧热9234J／g，爆热3031J／g。爆炸比容604ml／g，撞击感度9cm（50%爆炸，400g落锤，20mg样品）；摩擦感度40—60%（1.23MPa，70°摆角），火焰感度44.6cm（50%发火，标准条件），静电起爆能量：50%发火能量为2.4×10—4 J—3.5×10—4J。不能单独起爆军用炸药""]"
EVPD_3843aae1b6ffc6bfb52c,MATPD_7a30c1e11224b700aa6b,SRCPD_3843aae1b6ffc6bfb52c,非密-危险特性汇总表.docx,0,15,12,起爆药,单质起爆药,,"苦味酸钾
黄色棒状结晶，加晶形控制剂合成为颗粒状结晶
分解峰值温度为344℃（10℃／min）。常温下安定；100℃加热试验，第一48h，失重0.13%
5s爆发点为391℃，燃烧热9232J／g，爆炸比容573ml／g，撞击感度27.3cm（800g落锤，20mg样品）；摩擦感度2%（3.92MPa，90°摆角，10mg样品），火焰感度38cm（50%发火，标准条件），静电起爆能量（50%发火），正极为1.75J，负极1.68J。不能单独起爆军用炸药","[""12"", ""苦味酸钾"", ""KP"", ""第1.1类爆炸品"", ""黄色棒状结晶，加晶形控制剂合成为颗粒状结晶"", ""分解峰值温度为344℃（10℃／min）。常温下安定；100℃加热试验，第一48h，失重0.13%"", ""5s爆发点为391℃，燃烧热9232J／g，爆炸比容573ml／g，撞击感度27.3cm（800g落锤，20mg样品）；摩擦感度2%（3.92MPa，90°摆角，10mg样品），火焰感度38cm（50%发火，标准条件），静电起爆能量（50%发火），正极为1.75J，负极1.68J。不能单独起爆军用炸药""]"
EVPD_8852ceb8c73c26c4eb7e,MATPD_2bdeba018769c977ec8f,SRCPD_8852ceb8c73c26c4eb7e,非密-危险特性汇总表.docx,0,16,13,起爆药,单质起爆药,,"GTG单质起爆药
白色多面体结晶，具有良好的流散性
75℃，加热48h，失质量为—0.12%
相对密度2.07g／cm3。撞击感度：5kg落锤，50mg药量，50%发火高度为24.5cm。摩擦感度：:爆炸百分数8%（70°摆角，1.23MPa压力）；爆炸百分数6%（90°摆角，1.96MPa压力）。火焰感度：在常压条件下，标准黑药柱不能点燃GTG起爆药。静电火花感度：正极50%发火能量为1.73J，负极50%发火能量为2.50J。爆速4400m／s（装药密度1.1g／m3）。爆热3900KJ／kg。爆容730L／kg。威力：GTG装药量为150mg时，8号铁壳雷管为21.0ml，8号铝壳雷管为26.0ml","[""13"", ""GTG单质起爆药"", ""GTG"", ""第1.1类爆炸品"", ""白色多面体结晶，具有良好的流散性"", ""75℃，加热48h，失质量为—0.12%"", ""相对密度2.07g／cm3。撞击感度：5kg落锤，50mg药量，50%发火高度为24.5cm。摩擦感度：:爆炸百分数8%（70°摆角，1.23MPa压力）；爆炸百分数6%（90°摆角，1.96MPa压力）。火焰感度：在常压条件下，标准黑药柱不能点燃GTG起爆药。静电火花感度：正极50%发火能量为1.73J，负极50%发火能量为2.50J。爆速4400m／s（装药密度1.1g／m3）。爆热3900KJ／kg。爆容730L／kg。威力：GTG装药量为150mg时，8号铁壳雷管为21.0ml，8号铝壳雷管为26.0ml""]"
EVPD_c4b78b3c4fbaec58a653,MATPD_f045192515f41dc980eb,SRCPD_c4b78b3c4fbaec58a653,非密-危险特性汇总表.docx,0,17,14,起爆药,单质起爆药,,"硝酸肼镍起爆药
玫瑰色聚晶，密实均匀，流散性佳
假密度大于0.8g／cm3。火焰感度优良，达到三硝基间苯二酚铅的同等水品。机械感度低于DDNP，静电积累值小，静电火花感度低。","[""14"", ""硝酸肼镍起爆药"", ""NHN"", ""第1.1类爆炸品"", ""玫瑰色聚晶，密实均匀，流散性佳"", """", ""假密度大于0.8g／cm3。火焰感度优良，达到三硝基间苯二酚铅的同等水品。机械感度低于DDNP，静电积累值小，静电火花感度低。""]"
EVPD_8fbeb7160ef376523c6a,MATPD_24453e8e3b68c77f0dc8,SRCPD_8fbeb7160ef376523c6a,非密-危险特性汇总表.docx,0,19,15,起爆药,复盐（合）起爆药,,"叠氮化铅和斯蒂芬酸铅共沉淀
橘红色，颗粒状聚晶。
稳定性、热安定性：良好。
爆热：913.85kJ／mol，摩擦感度45°角，2.5MPa，26%发火；冲击感度：400g落锤，上限30cm，下限4cm","[""15"", ""叠氮化铅和斯蒂芬酸铅共沉淀"", ""D.S共沉淀"", ""第1.1类爆炸品"", ""橘红色，颗粒状聚晶。"", ""稳定性、热安定性：良好。"", ""爆热：913.85kJ／mol，摩擦感度45°角，2.5MPa，26%发火；冲击感度：400g落锤，上限30cm，下限4cm""]"
EVPD_f4cf89cef339d9595476,MATPD_4295850319cb4988c2e4,SRCPD_f4cf89cef339d9595476,非密-危险特性汇总表.docx,0,20,16,起爆药,复盐（合）起爆药,,"斯蒂芬酸铅和斯蒂芬酸钡共沉淀
桔黄色到棕黄色均匀颗粒。斯蒂芬酸铅含量18—20%，斯蒂芬酸钡含量82—80%
撞击感度：52%爆炸（400g落锤，落高41cm）；摩擦感度35发火%（90°角，3MPa），火焰感度：上限30cm，下限57.8cm","[""16"", ""斯蒂芬酸铅和斯蒂芬酸钡共沉淀"", ""铅.钡共晶"", ""第1.1类爆炸品"", ""桔黄色到棕黄色均匀颗粒。斯蒂芬酸铅含量18—20%，斯蒂芬酸钡含量82—80%"", """", ""撞击感度：52%爆炸（400g落锤，落高41cm）；摩擦感度35发火%（90°角，3MPa），火焰感度：上限30cm，下限57.8cm""]"
EVPD_65c6bbfa07e41152c270,MATPD_ef9539a991855883c91d,SRCPD_65c6bbfa07e41152c270,非密-危险特性汇总表.docx,0,21,17,起爆药,复盐（合）起爆药,,"四氮烯和羧甲基纤维素氮化铅共沉淀
白色到浅黄色易散性颗粒/
撞击感度，400g落锤，锥形击针，落高7.4.cm ，50%发火；火焰感度：27.8cm，50%发火","[""17"", ""四氮烯和羧甲基纤维素氮化铅共沉淀"", ""S.SD共沉淀"", ""第1.1类爆炸品"", ""白色到浅黄色易散性颗粒/"", """", ""撞击感度，400g落锤，锥形击针，落高7.4.cm ，50%发火；火焰感度：27.8cm，50%发火""]"
EVPD_1135ba42013edbce2e1b,MATPD_0a9d8536cdebc6912ec4,SRCPD_1135ba42013edbce2e1b,非密-危险特性汇总表.docx,1,4,1,炸药,单质炸药,,"梯恩梯
α—三硝基甲苯为无色针状结晶，工业品梯恩梯为浅黄色鳞片状物。
良好。150℃不分解，200℃分解0.8%，需385分钟。在常温下储存20年无变化。
爆速：6856m／s，ρ=1.595 mg／m3，摩擦感度4—6%，冲击感度8%","[""1"", ""梯恩梯"", ""TNT"", ""第1．1类爆炸品"", ""α—三硝基甲苯为无色针状结晶，工业品梯恩梯为浅黄色鳞片状物。"", ""良好。150℃不分解，200℃分解0.8%，需385分钟。在常温下储存20年无变化。"", ""爆速：6856m／s，ρ=1.595 mg／m3，摩擦感度4—6%，冲击感度8%""]"
EVPD_6a37733f54dcb42cb5d1,MATPD_744529d6e2fba3eb1fb5,SRCPD_6a37733f54dcb42cb5d1,非密-危险特性汇总表.docx,1,5,2,炸药,单质炸药,,"黑索今
白色斜方结晶
良好。190℃半分解期270分钟；热失重：100℃第一个48小时0.04%；第二个48小时0.00%（文献值）。在常温下储存20年无变化。
爆速：8741m／s，ρ=1.796 mg／m3，摩擦感度76±8%，冲击感度80±8%","[""2"", ""黑索今"", ""RDX"", ""第1．1类爆炸品"", ""白色斜方结晶"", ""良好。190℃半分解期270分钟；热失重：100℃第一个48小时0.04%；第二个48小时0.00%（文献值）。在常温下储存20年无变化。"", ""爆速：8741m／s，ρ=1.796 mg／m3，摩擦感度76±8%，冲击感度80±8%""]"
EVPD_0cddf7f0b62d639d2300,MATPD_140085ebb23bb11375e0,SRCPD_0cddf7f0b62d639d2300,非密-危险特性汇总表.docx,1,6,3,炸药,单质炸药,,"奥克托今
白色结晶粉末。有一定毒性。
220℃半分解期311分钟；240℃半分解期84.5分钟；230℃热分解延滞期100分钟。热失重100℃第一个48小时为0.05%，第二个48小时为0.03%。在常温下储存20年无变化。
爆速：9010m／s，摩擦感度100%，冲击感度100%","[""3"", ""奥克托今"", ""HMX"", ""第1．1类爆炸品"", ""白色结晶粉末。有一定毒性。"", ""220℃半分解期311分钟；240℃半分解期84.5分钟；230℃热分解延滞期100分钟。热失重100℃第一个48小时为0.05%，第二个48小时为0.03%。在常温下储存20年无变化。"", ""爆速：9010m／s，摩擦感度100%，冲击感度100%""]"
EVPD_9bfb378cfa3f2feeaa75,MATPD_6e0863b2c738b9dc74de,SRCPD_9bfb378cfa3f2feeaa75,非密-危险特性汇总表.docx,1,7,4,炸药,单质炸药,,"特屈儿
浅黄色结晶。有一定毒性。
安定性：良好。150℃半分解期211分钟。
爆速：7319m／s，摩擦感度16%，冲击感度48%","[""4"", ""特屈儿"", """", ""第1．1类爆炸品"", ""浅黄色结晶。有一定毒性。"", ""安定性：良好。150℃半分解期211分钟。"", ""爆速：7319m／s，摩擦感度16%，冲击感度48%""]"
EVPD_9c1576d3d948295ef083,MATPD_bc75d59fe17ed7dacbac,SRCPD_9c1576d3d948295ef083,非密-危险特性汇总表.docx,1,8,5,炸药,单质炸药,,"太安
白色结晶。
安定性良好。150℃半分解期需157分钟。
爆速：8600m／s，摩擦感度92%，冲击感度66%","[""5"", ""太安"", ""PETN"", ""第1．1类爆炸品"", ""白色结晶。"", ""安定性良好。150℃半分解期需157分钟。"", ""爆速：8600m／s，摩擦感度92%，冲击感度66%""]"
EVPD_74f3688106d996719df1,MATPD_ee169a55602321bb01e2,SRCPD_74f3688106d996719df1,非密-危险特性汇总表.docx,1,9,6,炸药,单质炸药,,"硝化甘油
无色或淡黄色液体。
72℃＞30分钟（碘化钾试验）；82℃＞10分钟（文献值）。
爆速：ρ=1.6，7700m／s，冲击感度：2kg落锤在10次试验中至少有一次爆炸的最低高度为15mm。摩擦感度100%","[""6"", ""硝化甘油"", ""NG"", ""第1．1类爆炸品"", ""无色或淡黄色液体。"", ""72℃＞30分钟（碘化钾试验）；82℃＞10分钟（文献值）。"", ""爆速：ρ=1.6，7700m／s，冲击感度：2kg落锤在10次试验中至少有一次爆炸的最低高度为15mm。摩擦感度100%""]"
EVPD_a8d669643c2fda98a908,MATPD_6d3a2ae6db4ddd33532f,SRCPD_a8d669643c2fda98a908,非密-危险特性汇总表.docx,1,10,7,炸药,单质炸药,,"硝基胍
白色针状结晶
100℃加热24小时失重0.08%，48小时失重0.11%；150℃分解1%需要150分钟。
爆速：ρ=1.70，8170m／s，冲击感度：0%（样品颗粒度为60—80目，样品重40—50mg，锤重10kg，落高25cm），摩擦感度：0%（样品重20± 2mg，表压39kg／ cm2,摆角90°，滑距1.5mm）","[""7"", ""硝基胍"", ""NQ"", ""第1．1类爆炸品"", ""白色针状结晶"", ""100℃加热24小时失重0.08%，48小时失重0.11%；150℃分解1%需要150分钟。"", ""爆速：ρ=1.70，8170m／s，冲击感度：0%（样品颗粒度为60—80目，样品重40—50mg，锤重10kg，落高25cm），摩擦感度：0%（样品重20± 2mg，表压39kg／ cm2,摆角90°，滑距1.5mm）""]"
EVPD_68fe4e97fac920a2ae08,MATPD_e0aacbfe28775ea6fafd,SRCPD_68fe4e97fac920a2ae08,非密-危险特性汇总表.docx,1,11,8,炸药,单质炸药,,"苦味酸
淡黄色结晶固体，无臭，味苦。
化学安定性：良好。
爆速：7100m／s，ρ==1.595 mg／m3，摩擦感度：至352.8N无反应，撞击感度7.35N.M","[""8"", ""苦味酸"", """", ""第1．1类爆炸品"", ""淡黄色结晶固体，无臭，味苦。"", ""化学安定性：良好。"", ""爆速：7100m／s，ρ==1.595 mg／m3，摩擦感度：至352.8N无反应，撞击感度7.35N.M""]"
EVPD_113b722d30a5a88f4856,MATPD_a70a0e92b7918549ab9f,SRCPD_113b722d30a5a88f4856,非密-危险特性汇总表.docx,1,12,9,炸药,单质炸药,,"六硝基芪
外观：该品有两种晶型。Ⅰ型（HNS—Ⅰ）为微黄色细小结晶，Ⅱ型（HNS—Ⅱ）为苍黄色针状结晶。
安定性：1、真空安定性：HNS—Ⅱ型在300℃装填密度10×10-4g／cm3半分解期为172分钟。2、差热分析：310℃以前无变化，311℃开始分解，313℃达最大放热峰。3、210℃环境保持48h无变化。
爆速：7019m／sρ=1.656，冲击感度：40%（锤重10kg，落高25cm），摩擦感度：36%","[""9"", ""六硝基芪"", ""HNS"", ""第1．1类爆炸品"", ""外观：该品有两种晶型。Ⅰ型（HNS—Ⅰ）为微黄色细小结晶，Ⅱ型（HNS—Ⅱ）为苍黄色针状结晶。"", ""安定性：1、真空安定性：HNS—Ⅱ型在300℃装填密度10×10-4g／cm3半分解期为172分钟。2、差热分析：310℃以前无变化，311℃开始分解，313℃达最大放热峰。3、210℃环境保持48h无变化。"", ""爆速：7019m／sρ=1.656，冲击感度：40%（锤重10kg，落高25cm），摩擦感度：36%""]"
EVPD_3a20e8dcc5bdf11cc0d9,MATPD_c1de4378c1c92cc458cc,SRCPD_3a20e8dcc5bdf11cc0d9,非密-危险特性汇总表.docx,1,13,10,炸药,单质炸药,,"三氨基三硝基苯
浅黄色固体粉末，在250℃条件下，经1小时后变为褐色。
1、差热分析：开始分解温度336℃，最大放热峰温度365℃。2、热失重：250℃2小时失重0.80%，4小时失重1.17%。260℃2小时失重0.93%，4小时失重1.54%。
爆速：ρ=1.882，D=7651m／s，冲击感度：0%，摩擦感度：4%","[""10"", ""三氨基三硝基苯"", ""TATB"", ""第1．1类爆炸品"", ""浅黄色固体粉末，在250℃条件下，经1小时后变为褐色。"", ""1、差热分析：开始分解温度336℃，最大放热峰温度365℃。2、热失重：250℃2小时失重0.80%，4小时失重1.17%。260℃2小时失重0.93%，4小时失重1.54%。"", ""爆速：ρ=1.882，D=7651m／s，冲击感度：0%，摩擦感度：4%""]"
EVPD_ef2172ee5ed4b489c50c,MATPD_791bc9773b7eb60ff1ff,SRCPD_ef2172ee5ed4b489c50c,非密-危险特性汇总表.docx,1,14,11,炸药,单质炸药,,"二氨基二硝基吡啶（皮威克斯）
爆速7247m／s，密度1.69g／m3，TNT当量116%","[""11"", ""二氨基二硝基吡啶（皮威克斯）"", ""PYX"", ""第1．1类爆炸品"", """", """", ""爆速7247m／s，密度1.69g／m3，TNT当量116%""]"
EVPD_cde29ea820d0f44f7a17,MATPD_7273a5ff6d574cf70bbc,SRCPD_cde29ea820d0f44f7a17,非密-危险特性汇总表.docx,1,15,12,炸药,单质炸药,,"3—硝基—1，2，4—三唑—5—酮
不敏感炸药，爆速795m／s，冲击感度16%，摩擦感度8%","[""12"", ""3—硝基—1，2，4—三唑—5—酮"", ""NTO"", ""第1．1类爆炸品"", """", """", ""不敏感炸药，爆速795m／s，冲击感度16%，摩擦感度8%""]"
EVPD_20654b1388b01f1512e8,MATPD_c4763b48d43772aaf37f,SRCPD_20654b1388b01f1512e8,非密-危险特性汇总表.docx,2,3,1,炸药,混合炸药,,"10#159炸药
奥克托今95，氟橡胶1.5，2#硝化棉0.9，石墨0.2，TNT1.9
爆速≥8700m／s","[""1"", ""10#159炸药"", ""10#159"", ""奥克托今95，氟橡胶1.5，2#硝化棉0.9，石墨0.2，TNT1.9"", ""爆速≥8700m／s""]"
EVPD_773e68fb66537f3a2c15,MATPD_85674aaee6e56b6c429c,SRCPD_773e68fb66537f3a2c15,非密-危险特性汇总表.docx,2,4,2,炸药,混合炸药,,"聚奥8—炸药
奥克托今95—97，613塑料0.4—0.5，石墨0.6—0.7
爆速8878m／s，153%TNT当量","[""2"", ""聚奥8—炸药"", ""JO—8"", ""奥克托今95—97，613塑料0.4—0.5，石墨0.6—0.7"", ""爆速8878m／s，153%TNT当量""]"
EVPD_256d1435c0e184e2624b,MATPD_6a3b530504aacf01d0cf,SRCPD_256d1435c0e184e2624b,非密-危险特性汇总表.docx,2,5,3,炸药,混合炸药,,"聚奥3—炸药
奥克托今87—89，聚四氟乙烯9—11，共聚尼龙1—2，其他1—2
爆速8360m／s，148%TNT当量","[""3"", ""聚奥3—炸药"", ""JO—3"", ""奥克托今87—89，聚四氟乙烯9—11，共聚尼龙1—2，其他1—2"", ""爆速8360m／s，148%TNT当量""]"
EVPD_18da72dd86450ea87440,MATPD_936be7bb81975ec42b42,SRCPD_18da72dd86450ea87440,非密-危险特性汇总表.docx,2,6,4,炸药,混合炸药,,"聚奥7—炸药
奥克托今93—95，氟橡胶1.5—1.6，2#硝化棉2.3—2.6，613塑料0.5—0.7，石墨0.7—0.9
爆速8810m／s，126%TNT当量","[""4"", ""聚奥7—炸药"", ""JO—7"", ""奥克托今93—95，氟橡胶1.5—1.6，2#硝化棉2.3—2.6，613塑料0.5—0.7，石墨0.7—0.9"", ""爆速8810m／s，126%TNT当量""]"
EVPD_697db25cf3feb121d55e,MATPD_4230d924a9ae9a5c8fef,SRCPD_697db25cf3feb121d55e,非密-危险特性汇总表.docx,2,7,5,炸药,混合炸药,,"熔奥梯铝—1炸药
奥克托今65—66，铝粉5—6，钝感剂26—28，其他1.1—1.5
爆速8070m／s，147%TNT当量","[""5"", ""熔奥梯铝—1炸药"", ""ROTL—1"", ""奥克托今65—66，铝粉5—6，钝感剂26—28，其他1.1—1.5"", ""爆速8070m／s，147%TNT当量""]"
EVPD_9f42fefa1528cf7f9915,MATPD_8f84dc6cfdf9268b2080,SRCPD_9f42fefa1528cf7f9915,非密-危险特性汇总表.docx,2,8,6,炸药,混合炸药,,"熔奥黑梯铝炸药
奥克托今57—59，黑索今5—6.5，TNT30—33
爆速8039m／s，143%TNT当量","[""6"", ""熔奥黑梯铝炸药"", ""HRTAL"", ""奥克托今57—59，黑索今5—6.5，TNT30—33"", ""爆速8039m／s，143%TNT当量""]"
EVPD_cc81452c4aff222b8b54,MATPD_7e6ffe7c5cd595f94f9b,SRCPD_cc81452c4aff222b8b54,非密-危险特性汇总表.docx,2,9,7,炸药,混合炸药,,"聚奥—9炸药
奥克托今95，氟橡胶5.0
爆速8082m／s，密度1.897g／m3","[""7"", ""聚奥—9炸药"", ""JO—9C"", ""奥克托今95，氟橡胶5.0"", ""爆速8082m／s，密度1.897g／m3""]"
EVPD_4bea6b06de3c4411ac7c,MATPD_275af0133edd034daf49,SRCPD_4bea6b06de3c4411ac7c,非密-危险特性汇总表.docx,2,10,8,炸药,混合炸药,,"奥克氟儿炸药
爆速8672m／s，143%TNT当量","[""8"", ""奥克氟儿炸药"", """", """", ""爆速8672m／s，143%TNT当量""]"
EVPD_1f433f5d503091824e52,MATPD_3bb0ef9eba9d5f73b568,SRCPD_1f433f5d503091824e52,非密-危险特性汇总表.docx,2,11,9,炸药,混合炸药,,"10号粘结炸药
奥克托今95.0，TNT1.7
爆速8835m／s，密度1.856g／m3","[""9"", ""10号粘结炸药"", ""10#185"", ""奥克托今95.0，TNT1.7"", ""爆速8835m／s，密度1.856g／m3""]"
EVPD_9b06503338100bd8fcb6,MATPD_73772e1c37defa2db38f,SRCPD_9b06503338100bd8fcb6,非密-危险特性汇总表.docx,2,12,10,炸药,混合炸药,,"317混合炸药
奥克托今85.5—87.5，共聚尼龙12.5—14.5
爆速8395m／s，（密度1.724g／m3）","[""10"", ""317混合炸药"", ""无"", ""奥克托今85.5—87.5，共聚尼龙12.5—14.5"", ""爆速8395m／s，（密度1.724g／m3）""]"
EVPD_48f432d3d1c9dbbf0d40,MATPD_5bffa7a46b0f38109bac,SRCPD_48f432d3d1c9dbbf0d40,非密-危险特性汇总表.docx,2,13,11,炸药,混合炸药,,"LX—14炸药
奥克托今95.5，弹性体4.5
爆速5950m／s，密度1.849g／m3","[""11"", ""LX—14炸药"", ""无"", ""奥克托今95.5，弹性体4.5"", ""爆速5950m／s，密度1.849g／m3""]"
EVPD_1d5fc858bb7b477b95f2,MATPD_451f9b8096d72f9dc845,SRCPD_1d5fc858bb7b477b95f2,非密-危险特性汇总表.docx,2,14,12,炸药,混合炸药,A,"奥克托尔炸药Ⅰ型，
A
奥克托今73.0—77.0，TNT23.0—27.0，丙酮不溶物≤0.10，水分≤0.25。片状。
爆速8480m／s，密度1.81g／m3。威力（TNT当量）130—142%，猛度（TNT当量）122—127%，撞击感度54—60%，摩擦感度10—32%","[""12"", ""奥克托尔炸药Ⅰ型，\nA"", """", ""奥克托今73.0—77.0，TNT23.0—27.0，丙酮不溶物≤0.10，水分≤0.25。片状。"", ""爆速8480m／s，密度1.81g／m3。威力（TNT当量）130—142%，猛度（TNT当量）122—127%，撞击感度54—60%，摩擦感度10—32%""]"
EVPD_015a75cd56f71475fcd2,MATPD_a5f2fab1407048bf68f5,SRCPD_015a75cd56f71475fcd2,非密-危险特性汇总表.docx,2,15,13,炸药,混合炸药,A,"奥克托尔炸药Ⅱ型
A
奥克托今68.0—72.0，TNT28.0—32.0，丙酮不溶物≤0.10，水分≤0.25。片状。
爆速8480m／s，密度1.81g／m3。威力（TNT当量）130—133%，猛度（TNT当量）122—129%，撞击感度44—46%，摩擦感度12—20%","[""13"", ""奥克托尔炸药Ⅱ型\nA"", """", ""奥克托今68.0—72.0，TNT28.0—32.0，丙酮不溶物≤0.10，水分≤0.25。片状。"", ""爆速8480m／s，密度1.81g／m3。威力（TNT当量）130—133%，猛度（TNT当量）122—129%，撞击感度44—46%，摩擦感度12—20%""]"
EVPD_4225c571fd15405e027e,MATPD_50bfd897f6dd7391fb3d,SRCPD_4225c571fd15405e027e,非密-危险特性汇总表.docx,2,16,14,炸药,混合炸药,,"聚黑—14传爆药
黑索今96—98，氟橡胶3—3.2，石墨0.5—0.7
爆速≥8463m／s，125%TNT当量（密度1.575g／m3）","[""14"", ""聚黑—14传爆药"", ""JH—14"", ""黑索今96—98，氟橡胶3—3.2，石墨0.5—0.7"", ""爆速≥8463m／s，125%TNT当量（密度1.575g／m3）""]"
EVPD_73215afa859da91cb4e6,MATPD_89cc320faa025ee00309,SRCPD_73215afa859da91cb4e6,非密-危险特性汇总表.docx,2,17,15,炸药,混合炸药,,"聚黑—16炸药
黑索今97—98，BA：2.0—2.2，石墨0.6—7
爆速8390m／s，122%TNT当量","[""15"", ""聚黑—16炸药"", ""JH—16"", ""黑索今97—98，BA：2.0—2.2，石墨0.6—7"", ""爆速8390m／s，122%TNT当量""]"
EVPD_8937621361c832793127,MATPD_322ab4f6e7535733a71f,SRCPD_8937621361c832793127,非密-危险特性汇总表.docx,2,18,16,炸药,混合炸药,,"聚黑—15炸药
黑索今94—96，F4：0.3—0.5，石墨2—2.5，58#石蜡1—2
爆速8466m／s，＞131%TNT当量","[""16"", ""聚黑—15炸药"", ""JH—15"", ""黑索今94—96，F4：0.3—0.5，石墨2—2.5，58#石蜡1—2"", ""爆速8466m／s，＞131%TNT当量""]"
EVPD_267c9ea471e7351d5901,MATPD_24a8ced1878958148ae8,SRCPD_267c9ea471e7351d5901,非密-危险特性汇总表.docx,2,19,17,炸药,混合炸药,,"低易损混合炸药
黑索今18—20，二硝基甘脲32—35，TNT38—40，聚酯5—7
爆速7400m／s，130%TNT当量","[""17"", ""低易损混合炸药"", ""TEHJ—1"", ""黑索今18—20，二硝基甘脲32—35，TNT38—40，聚酯5—7"", ""爆速7400m／s，130%TNT当量""]"
EVPD_79a01114da3cc223bdfc,MATPD_a6e5f3e8dc4dc09588b1,SRCPD_79a01114da3cc223bdfc,非密-危险特性汇总表.docx,2,20,18,炸药,混合炸药,,"分子间炸药
黑索今29—31，EDD32—34，AN31—32，KPX7—9，钝感剂4—5，其他1.5—1.7
爆速8012m／s，143%TNT当量","[""18"", ""分子间炸药"", ""HR—185"", ""黑索今29—31，EDD32—34，AN31—32，KPX7—9，钝感剂4—5，其他1.5—1.7"", ""爆速8012m／s，143%TNT当量""]"
EVPD_118a9008362312efa3c5,MATPD_ef47915dc56c6158e333,SRCPD_118a9008362312efa3c5,非密-危险特性汇总表.docx,2,21,19,炸药,混合炸药,,"钝黑铝炸药
黑索今80，铝粉20
爆速8089m／s，密度1.77g／m3；148%TNT当量","[""19"", ""钝黑铝炸药"", """", ""黑索今80，铝粉20"", ""爆速8089m／s，密度1.77g／m3；148%TNT当量""]"
EVPD_6dcdd173e3cc2ecf877f,MATPD_7b26483e3dba3d991276,SRCPD_6dcdd173e3cc2ecf877f,非密-危险特性汇总表.docx,2,22,20,炸药,混合炸药,,"聚黑铝—2高炸药
黑索今65.5，铝粉30，复合蜡3.5
爆速8000m／s，150%TNT当量","[""20"", ""聚黑铝—2高炸药"", ""JHL—2"", ""黑索今65.5，铝粉30，复合蜡3.5"", ""爆速8000m／s，150%TNT当量""]"
EVPD_d66025cc50abb1393763,MATPD_b0e5cfdedbbf66086ea7,SRCPD_d66025cc50abb1393763,非密-危险特性汇总表.docx,2,23,21,炸药,混合炸药,"A,B","聚黑铝—3炸药A、B
黑索今75.5，石墨1，铝粉20，复合蜡3.5
理论爆速8293m／s。理论密度1.881g／m3，理论爆压27.2GPa，爆热7015.3KJ／kg，爆容716.9L／kg，相对猛度（TNT当量）117%，撞击感度（10kg落锤，25cm落高）18%，摩擦感度16%，威力（TNT当量）194%，吸湿性0.03%","[""21"", ""聚黑铝—3炸药A、B"", ""JHL—3"", ""黑索今75.5，石墨1，铝粉20，复合蜡3.5"", ""理论爆速8293m／s。理论密度1.881g／m3，理论爆压27.2GPa，爆热7015.3KJ／kg，爆容716.9L／kg，相对猛度（TNT当量）117%，撞击感度（10kg落锤，25cm落高）18%，摩擦感度16%，威力（TNT当量）194%，吸湿性0.03%""]"
EVPD_b2a8435f5a6305aa2b03,MATPD_5a538f3f11aaee02f1af,SRCPD_b2a8435f5a6305aa2b03,非密-危险特性汇总表.docx,2,24,22,炸药,混合炸药,,"钝黑梯—1炸药
黑索今60，石墨1，钝感剂40
爆速7900m／s，密度1.74g／m3","[""22"", ""钝黑梯—1炸药"", ""B炸药"", ""黑索今60，石墨1，钝感剂40"", ""爆速7900m／s，密度1.74g／m3""]"
EVPD_cfeddb84363326f98ff6,MATPD_d7efbd7900ec922c8079,SRCPD_cfeddb84363326f98ff6,非密-危险特性汇总表.docx,2,25,23,炸药,混合炸药,,"钝化黑索今
黑索今95，钝感剂5
爆速8498m／s，密度1.67g／m3.。爆压269.6kPa，威力127%TNT当量，猛度143%TNT当量，爆热1076kcal／kg，摩擦感度28%，撞击感度32%，枪击感度不燃不爆，爆发点273℃／5s","[""23"", ""钝化黑索今"", ""A—Ⅳ—I"", ""黑索今95，钝感剂5"", ""爆速8498m／s，密度1.67g／m3.。爆压269.6kPa，威力127%TNT当量，猛度143%TNT当量，爆热1076kcal／kg，摩擦感度28%，撞击感度32%，枪击感度不燃不爆，爆发点273℃／5s""]"
EVPD_2088b3a497632f633469,MATPD_8d0b6dd659f0c89fe050,SRCPD_2088b3a497632f633469,非密-危险特性汇总表.docx,2,26,24,炸药,混合炸药,,"钝黑—2炸药
黑索今93.2—94.7，胶体石墨0.8—1.3，钝感剂（微晶蜡）4.5—5.5。外观黑色或灰色。
爆速8250m／s（密度1.63g／m3），威力（TNT当量）128%，猛度（TNT当量）138%，撞击感度28%，摩擦感度18%，爆发点280℃／5s。安定性（132℃，48h失重）≤0.7%","[""24"", ""钝黑—2炸药"", ""A—2"", ""黑索今93.2—94.7，胶体石墨0.8—1.3，钝感剂（微晶蜡）4.5—5.5。外观黑色或灰色。"", ""爆速8250m／s（密度1.63g／m3），威力（TNT当量）128%，猛度（TNT当量）138%，撞击感度28%，摩擦感度18%，爆发点280℃／5s。安定性（132℃，48h失重）≤0.7%""]"
EVPD_d35481c8711b0db0e6e8,MATPD_3798dffb9041f5540758,SRCPD_d35481c8711b0db0e6e8,非密-危险特性汇总表.docx,2,27,25,炸药,混合炸药,,"钝黑—3炸药
黑索今91，钝感剂9.0
爆速8132m／s，（密度1.59g／m3）","[""25"", ""钝黑—3炸药"", ""A—3"", ""黑索今91，钝感剂9.0"", ""爆速8132m／s，（密度1.59g／m3）""]"
EVPD_ecf69575aa4704edfaa4,MATPD_9bb2171f3be6bb4d5eb6,SRCPD_ecf69575aa4704edfaa4,非密-危险特性汇总表.docx,2,28,26,炸药,混合炸药,,"钝黑—4炸药
黑索今97，钝感剂3.0
爆速8328m／s，（密度1.677g／m3）","[""26"", ""钝黑—4炸药"", ""A—4"", ""黑索今97，钝感剂3.0"", ""爆速8328m／s，（密度1.677g／m3）""]"
EVPD_31b5eae23e1e306fa1c2,MATPD_4fe4e94dc50faed251b7,SRCPD_31b5eae23e1e306fa1c2,非密-危险特性汇总表.docx,2,29,27,炸药,混合炸药,,"钝黑—5炸药
黑索今98.5，硬脂酸1.0—1.5
爆速8328m／s，（密度1.652g／m3）","[""27"", ""钝黑—5炸药"", ""A—5"", ""黑索今98.5，硬脂酸1.0—1.5"", ""爆速8328m／s，（密度1.652g／m3）""]"
EVPD_904f454604e759fc299a,MATPD_2f72e6b471e0f8d5d305,SRCPD_904f454604e759fc299a,非密-危险特性汇总表.docx,2,30,28,炸药,混合炸药,,"钝黑—6炸药
黑索今98.5，钝感剂1.5
爆速8306m／s，（密度1.702g／m3）","[""28"", ""钝黑—6炸药"", ""A—6"", ""黑索今98.5，钝感剂1.5"", ""爆速8306m／s，（密度1.702g／m3）""]"
EVPD_be24a5684b088fa74728,MATPD_ca8cf9b7053d2bf08c8d,SRCPD_be24a5684b088fa74728,非密-危险特性汇总表.docx,2,31,29,炸药,混合炸药,,"钝黑—7炸药
黑索今98.5，石墨0.5，钝感剂1.0，硬脂酸钙1.50
爆速8385m／s，密度1.74g／m3","[""29"", ""钝黑—7炸药"", ""A—7"", ""黑索今98.5，石墨0.5，钝感剂1.0，硬脂酸钙1.50"", ""爆速8385m／s，密度1.74g／m3""]"
EVPD_c698c231dd77e8f8edc3,MATPD_81126affe57664b4d77a,SRCPD_c698c231dd77e8f8edc3,非密-危险特性汇总表.docx,2,32,30,炸药,混合炸药,,"聚黑—2炸药
黑索今94.5，其他3.0
爆速8245m／s，密度1.7764g／m3","[""30"", ""聚黑—2炸药"", ""8701"", ""黑索今94.5，其他3.0"", ""爆速8245m／s，密度1.7764g／m3""]"
EVPD_679d81e404e72d702d78,MATPD_ad8a083c833ce89bc2ca,SRCPD_679d81e404e72d702d78,非密-危险特性汇总表.docx,2,33,31,炸药,混合炸药,A,"聚黑—6炸药A
黑索今97.5，石墨0.50，聚异丁烯0.50，硬脂酸钙1.50。灰黑色颗粒。
爆速8296m／s，（密度1.68g／m3）。威力（TNT当量）145%，猛度（TNT当量）134%，摩擦感度25%，爆发点270℃／5s。","[""31"", ""聚黑—6炸药A"", ""CH—6"", ""黑索今97.5，石墨0.50，聚异丁烯0.50，硬脂酸钙1.50。灰黑色颗粒。"", ""爆速8296m／s，（密度1.68g／m3）。威力（TNT当量）145%，猛度（TNT当量）134%，摩擦感度25%，爆发点270℃／5s。""]"
EVPD_da972e220cf0a226e7e8,MATPD_5ecaa7d70bee04a7d6d7,SRCPD_da972e220cf0a226e7e8,非密-危险特性汇总表.docx,2,34,32,炸药,混合炸药,,"聚黑—14炸药
黑索今97，石墨0.1，氟橡胶3.0
爆速8410m／s，（密度1.739g／m3）","[""32"", ""聚黑—14炸药"", ""R—791"", ""黑索今97，石墨0.1，氟橡胶3.0"", ""爆速8410m／s，（密度1.739g／m3）""]"
EVPD_b0d46bb91d6a3ce982ed,MATPD_044ed101deadbfde17fa,SRCPD_b0d46bb91d6a3ce982ed,非密-危险特性汇总表.docx,2,35,33,炸药,混合炸药,A,"塑黑—1炸药A
黑索今92，聚醋酸乙烯酯1.6，环氧树脂2.7，磷酸二苯异辛酯3.7。白色或淡黄色颗粒
爆速8280m／s，（密度1.642g／m3）,威力（TNT当量）112—123%，猛度（TNT当量）106%，撞击感度20%，摩擦感度18%，枪击感度：不爆不燃","[""33"", ""塑黑—1炸药A"", ""SH—1"", ""黑索今92，聚醋酸乙烯酯1.6，环氧树脂2.7，磷酸二苯异辛酯3.7。白色或淡黄色颗粒"", ""爆速8280m／s，（密度1.642g／m3）,威力（TNT当量）112—123%，猛度（TNT当量）106%，撞击感度20%，摩擦感度18%，枪击感度：不爆不燃""]"
EVPD_337058e8aa5ae0be7f41,MATPD_1a8513ad5342941174a2,SRCPD_337058e8aa5ae0be7f41,非密-危险特性汇总表.docx,2,36,34,炸药,混合炸药,A,"塑黑—4炸药A
黑索今91.5，聚异丁烯2.1，葵二酸二辛酯4.8，45号变压器油1.6
爆速8204m／s，（密度1.66g／m3）, 威力（TNT当量）123.2%，猛度（TNT当量）119.3%，撞击感度40%，摩擦感度40%，枪击感度：不爆不燃","[""34"", ""塑黑—4炸药A"", ""SH—4，"", ""黑索今91.5，聚异丁烯2.1，葵二酸二辛酯4.8，45号变压器油1.6"", ""爆速8204m／s，（密度1.66g／m3）, 威力（TNT当量）123.2%，猛度（TNT当量）119.3%，撞击感度40%，摩擦感度40%，枪击感度：不爆不燃""]"
EVPD_f02c0634650096f807d7,MATPD_228fc1358e19224d67f0,SRCPD_f02c0634650096f807d7,非密-危险特性汇总表.docx,2,37,35,炸药,混合炸药,A,"塑黑—5炸药A
黑索今91，聚异丁烯1.4，葵二酸二辛酯4.6，特5号仪表油2，特221号润滑脂1。外观：白色或黄色具有可塑性的颗粒。
爆速8069m／s（密度1.638g／m3）；爆速8144m／s（密度1.662g／m3）；威力（TNT当量）135%，猛度（TNT当量）113%，撞击感度36%，摩擦感度2%，爆热1001Kcal／kg，爆发点284℃／5s。","[""35"", ""塑黑—5炸药A"", ""SH—5"", ""黑索今91，聚异丁烯1.4，葵二酸二辛酯4.6，特5号仪表油2，特221号润滑脂1。外观：白色或黄色具有可塑性的颗粒。"", ""爆速8069m／s（密度1.638g／m3）；爆速8144m／s（密度1.662g／m3）；威力（TNT当量）135%，猛度（TNT当量）113%，撞击感度36%，摩擦感度2%，爆热1001Kcal／kg，爆发点284℃／5s。""]"
EVPD_88c05f87682f1dcd7546,MATPD_a2e1c0e04a51a3b3e6f0,SRCPD_88c05f87682f1dcd7546,非密-危险特性汇总表.docx,2,38,36,炸药,混合炸药,,"C—4炸药
黑索今89.8—91.2，氟橡胶2.2—2.6，聚醋酸乙烯酯6.6—7.6
爆速8259m／s，密度1.59g／m3","[""36"", ""C—4炸药"", ""C—4"", ""黑索今89.8—91.2，氟橡胶2.2—2.6，聚醋酸乙烯酯6.6—7.6"", ""爆速8259m／s，密度1.59g／m3""]"
EVPD_5c8645f1ddb41ce3db75,MATPD_4f5a388070e46667f112,SRCPD_5c8645f1ddb41ce3db75,非密-危险特性汇总表.docx,2,39,37,炸药,混合炸药,,"8321
黑索今94，4号炸药3，聚醋酸乙烯酯2，硬脂酸1。白色颗粒
爆速8192m／s，密度1.655g／m3。威力（TNT当量）134%，猛度（TNT当量）148%，撞击感度29%，摩擦感度32%，爆热1029Kcal／kg，爆发点281℃／5s。","[""37"", ""8321"", ""无"", ""黑索今94，4号炸药3，聚醋酸乙烯酯2，硬脂酸1。白色颗粒"", ""爆速8192m／s，密度1.655g／m3。威力（TNT当量）134%，猛度（TNT当量）148%，撞击感度29%，摩擦感度32%，爆热1029Kcal／kg，爆发点281℃／5s。""]"
EVPD_d87bbd844506478617a9,MATPD_f6f97a753ab53341c03f,SRCPD_d87bbd844506478617a9,非密-危险特性汇总表.docx,2,40,38,炸药,混合炸药,,"熔梯铝炸药
TNT80，铝粉20.0，
爆速6756m／s，（密度1.745g／m3）","[""38"", ""熔梯铝炸药"", ""无"", ""TNT80，铝粉20.0，"", ""爆速6756m／s，（密度1.745g／m3）""]"
EVPD_59061ec9a1dd94c6d54d,MATPD_80f8dabe19753c01b245,SRCPD_59061ec9a1dd94c6d54d,非密-危险特性汇总表.docx,2,41,39,炸药,混合炸药,,DH—1炸药,"[""39"", ""DH—1炸药"", ""无"", """", """"]"
EVPD_60c228f094b81dcfb48b,MATPD_24692923495c3f83482e,SRCPD_60c228f094b81dcfb48b,非密-危险特性汇总表.docx,3,3,1,发射药,枪用单基发射药,A,"单钾—4／7石A
外挥1.0—1.8，内挥≥0.6，总挥≤3.5，二本胺1.0—2.0，硫酸钾0.5——1.0，硝化纤维素硝化度208.0ml／g
106.5℃维也里试验，普通法≥7h，重复法≥60h
平均燃烧层厚度0.45—0.56mm；平均孔径0.15—0.25mm；平均长度2.5—3.5mm
具有增面燃烧的特点。
Q／HE2—108—1991","[""1"", ""单钾—4／7石A"", """", ""外挥1.0—1.8，内挥≥0.6，总挥≤3.5，二本胺1.0—2.0，硫酸钾0.5——1.0，硝化纤维素硝化度208.0ml／g"", ""平均燃烧层厚度0.45—0.56mm；平均孔径0.15—0.25mm；平均长度2.5—3.5mm"", ""106.5℃维也里试验，普通法≥7h，重复法≥60h"", ""具有增面燃烧的特点。"", ""Q／HE2—108—1991""]"
EVPD_3290eb3f2dc9298f7da4,MATPD_aa280586a21b62631377,SRCPD_3290eb3f2dc9298f7da4,非密-危险特性汇总表.docx,3,4,2,发射药,枪用单基发射药,A,"单钾—5／7石A
二苯胺1.0—2.0，内挥≥0.8，外挥1.2—1.8，总挥2.1—3.3,硝化纤维素硝化度208.0ml／g
106.5℃维也里试验，普通法≥7h，重复法≥60h
平均燃烧层厚度0.52—0.58mm；平均孔径0.19—0.29mm；平均长度2.9—3.8mm
具有增面燃烧的特点。
GJB1246A—2000","[""2"", ""单钾—5／7石A"", """", ""二苯胺1.0—2.0，内挥≥0.8，外挥1.2—1.8，总挥2.1—3.3,硝化纤维素硝化度208.0ml／g"", ""平均燃烧层厚度0.52—0.58mm；平均孔径0.19—0.29mm；平均长度2.9—3.8mm"", ""106.5℃维也里试验，普通法≥7h，重复法≥60h"", ""具有增面燃烧的特点。"", ""GJB1246A—2000""]"
EVPD_b14b5ad1f22dd0970b35,MATPD_b84d5852c54b6dafeeee,SRCPD_b14b5ad1f22dd0970b35,非密-危险特性汇总表.docx,3,5,3,发射药,枪用单基发射药,B,"单钾—11，B
二苯胺1.0—1.4；硫酸钾约1.0；灰分≤1.0；余量：硝化棉。
爆热=3423KJ／kg；火药力=1029KJ／kg","[""3"", ""单钾—11，B"", ""DJa—11"", ""二苯胺1.0—1.4；硫酸钾约1.0；灰分≤1.0；余量：硝化棉。"", """", """", ""爆热=3423KJ／kg；火药力=1029KJ／kg"", """"]"
EVPD_380af1333ec179104012,MATPD_d7b25d8529ad8267def2,SRCPD_380af1333ec179104012,非密-危险特性汇总表.docx,3,6,4,发射药,枪用单基发射药,A,"单樟—2／1
A
外挥1.0—1.8，内挥≥0.4，总挥≤2.9，二本胺1.0—2.0，樟脑≤1.8，石墨≤0.4,硝化纤维素硝化度209ml／g
106.5℃维也里试验，普通法≥7h，重复法≥60h
平均燃烧层厚度0.19—0.24mm；平均孔径0.07—0.15mm；平均长度0.85—1.25mm
具有渐猛性燃烧的特点
GJB1246A—2000","[""4"", ""单樟—2／1\nA"", """", ""外挥1.0—1.8，内挥≥0.4，总挥≤2.9，二本胺1.0—2.0，樟脑≤1.8，石墨≤0.4,硝化纤维素硝化度209ml／g"", ""平均燃烧层厚度0.19—0.24mm；平均孔径0.07—0.15mm；平均长度0.85—1.25mm"", ""106.5℃维也里试验，普通法≥7h，重复法≥60h"", ""具有渐猛性燃烧的特点"", ""GJB1246A—2000""]"
EVPD_ea74e724d805c080a346,MATPD_50c3212f7f70df127436,SRCPD_ea74e724d805c080a346,非密-危险特性汇总表.docx,3,7,5,发射药,枪用单基发射药,A,"单樟—3／1
A
外挥1.0—1.8，内挥≥0.7，总挥≤3.2，二苯胺1.0—2.0，樟脑≤1.8，石墨≤0.28, 硝化纤维素硝化度208ml／g
106.5℃维也里试验，普通法≥7h，重复法≥60h
平均燃烧层厚度0.29—0.34mm；平均孔径0.10—0.20mm；药粒平均长度1.6—2.0mm
具有渐猛性燃烧的特点
GJB1246A—2000","[""5"", ""单樟—3／1\nA"", """", ""外挥1.0—1.8，内挥≥0.7，总挥≤3.2，二苯胺1.0—2.0，樟脑≤1.8，石墨≤0.28, 硝化纤维素硝化度208ml／g"", ""平均燃烧层厚度0.29—0.34mm；平均孔径0.10—0.20mm；药粒平均长度1.6—2.0mm"", ""106.5℃维也里试验，普通法≥7h，重复法≥60h"", ""具有渐猛性燃烧的特点"", ""GJB1246A—2000""]"
EVPD_f349c5bbde86e00a4e6a,MATPD_8a8a57da3044f82974c0,SRCPD_f349c5bbde86e00a4e6a,非密-危险特性汇总表.docx,3,8,6,发射药,枪用单基发射药,B,"单碳—11，
B
C2≤2.0；石墨≤0.2；碳黑≤2.0；硝酸钾≤0.05；灰分≤0.4；余量：硝化棉。
爆热=3709KJ／kg；火药力=1003KJ／kg","[""6"", ""单碳—11，\nB"", ""DT—11"", ""C2≤2.0；石墨≤0.2；碳黑≤2.0；硝酸钾≤0.05；灰分≤0.4；余量：硝化棉。"", """", """", ""爆热=3709KJ／kg；火药力=1003KJ／kg"", """"]"
EVPD_f2d09166bc0dfa19ae81,MATPD_64530f3ca17fe6e7af6f,SRCPD_f2d09166bc0dfa19ae81,非密-危险特性汇总表.docx,3,9,7,发射药,枪用单基发射药,A,"单苯芳—3／1
A
硝化棉（N=13.15±0.05%）余数，二硝基甲苯1.0—5.0，邻苯二甲酸二丁酯≤2.0，二苯胺0.5—1.5，石墨≤0.4，硫酸钾≤1.0，残溶≤2.0，水分≤1.5，总挥（水分+残溶）≤3.5
106.5℃维也里试验，普通法≥7h，重复法≥60h
平均燃烧层厚度0.30—0.36mm；平均孔径0.10—0.20mm；药粒平均长度0.91—1.3mm
具有渐猛性燃烧的特点
Q／HE2—178—1998","[""7"", ""单苯芳—3／1\nA"", """", ""硝化棉（N=13.15±0.05%）余数，二硝基甲苯1.0—5.0，邻苯二甲酸二丁酯≤2.0，二苯胺0.5—1.5，石墨≤0.4，硫酸钾≤1.0，残溶≤2.0，水分≤1.5，总挥（水分+残溶）≤3.5"", ""平均燃烧层厚度0.30—0.36mm；平均孔径0.10—0.20mm；药粒平均长度0.91—1.3mm"", ""106.5℃维也里试验，普通法≥7h，重复法≥60h"", ""具有渐猛性燃烧的特点"", ""Q／HE2—178—1998""]"
EVPD_d154740e12f98c9cc55d,MATPD_1710b99bca1bc0b22528,SRCPD_d154740e12f98c9cc55d,非密-危险特性汇总表.docx,3,10,8,发射药,枪用单基发射药,A,"单芳—5／1
A
硝化棉余数，二硝基甲苯1.0—12.0，二苯胺0.8—1.5，硫酸钾0.5—1.0，残溶≤1.1，水分0.7—1.2，总挥≤2.25
134.5℃甲基紫试验，至变色时间≥45min，不爆炸时间≥5h
平均燃烧层厚度0.55±0.03mm；平均孔径0.17—0.23mm；平均长度1.8—2.4mm
具有渐猛性燃烧的特点
Q／HE2—106—1991","[""8"", ""单芳—5／1\nA"", """", ""硝化棉余数，二硝基甲苯1.0—12.0，二苯胺0.8—1.5，硫酸钾0.5—1.0，残溶≤1.1，水分0.7—1.2，总挥≤2.25"", ""平均燃烧层厚度0.55±0.03mm；平均孔径0.17—0.23mm；平均长度1.8—2.4mm"", ""134.5℃甲基紫试验，至变色时间≥45min，不爆炸时间≥5h"", ""具有渐猛性燃烧的特点"", ""Q／HE2—106—1991""]"
EVPD_5800151720d0c081608c,MATPD_48fe044f492ee9e4d2d3,SRCPD_5800151720d0c081608c,非密-危险特性汇总表.docx,3,11,9,发射药,枪用单基发射药,B,"单芳—11，B
二苯胺≤0.8—1.4；DNT1.0—2.0；硫酸钾0.5—1.0；余量：硝化棉。
爆热=3225KJ／kg；火药力=1011KJ／kg","[""9"", ""单芳—11，B"", ""DF—11"", ""二苯胺≤0.8—1.4；DNT1.0—2.0；硫酸钾0.5—1.0；余量：硝化棉。"", """", """", ""爆热=3225KJ／kg；火药力=1011KJ／kg"", """"]"
EVPD_47f18c12386abc18fd28,MATPD_4c3fe758c00ebab30cf6,SRCPD_47f18c12386abc18fd28,非密-危险特性汇总表.docx,3,12,10,发射药,枪用单基发射药,B,"单丙—11，
B
二苯胺1.1—1.8；EDMA≤15；硝酸钾≤0.8；灰分≤0.4；余量：硝化棉。
爆热3397=KJ／kg；火药力=1023KJ／kg","[""10"", ""单丙—11，\nB"", ""DB—11"", ""二苯胺1.1—1.8；EDMA≤15；硝酸钾≤0.8；灰分≤0.4；余量：硝化棉。"", """", """", ""爆热3397=KJ／kg；火药力=1023KJ／kg"", """"]"
EVPD_262ce6ef27a6fbed3918,MATPD_782269f0a148b773d464,SRCPD_262ce6ef27a6fbed3918,非密-危险特性汇总表.docx,3,13,11,发射药,枪用单基发射药,B,"多—125
B
总挥≤2.0，外挥1.0—1.8，内挥≥0.2，二苯胺1.0—2.0；石墨≤0.9,硝酸钾≤0.2，硝化纤维素硝化度203ml／g
平均燃烧层厚度0.30—0.40mm；平均孔径0.10—0.20mm；平均长度≤1.1mm
爆热=3721KJ／kg；火药力=1005KJ／kg","[""11"", ""多—125\nB"", ""D—125"", ""总挥≤2.0，外挥1.0—1.8，内挥≥0.2，二苯胺1.0—2.0；石墨≤0.9,硝酸钾≤0.2，硝化纤维素硝化度203ml／g"", ""平均燃烧层厚度0.30—0.40mm；平均孔径0.10—0.20mm；平均长度≤1.1mm"", """", ""爆热=3721KJ／kg；火药力=1005KJ／kg"", """"]"
EVPD_741dc383ca517b88c387,MATPD_fac9ea6471bf99f30ffc,SRCPD_741dc383ca517b88c387,非密-危险特性汇总表.docx,3,15,1,发射药,炮用单基发射药,A,"单—4／1
A
硝化棉85±2.0，二硝基甲苯10.0±2.0，邻苯二甲酸二丁酯5.0±1.0，二苯胺0.9—1.2，硫酸钾1.0±0.3，残溶≤0.9，水分0.6±0.2，L／D=3—6，D／d约3
134.5℃甲基紫试验，至变色时间≥40min，不爆炸时间≥5h
平均燃烧层厚度0.30—0.55mm；平均孔径0.25—0.35mm；平均长度5.5—7.5mm
Q／HE2—12—1994","[""1"", ""单—4／1\nA"", """", ""硝化棉85±2.0，二硝基甲苯10.0±2.0，邻苯二甲酸二丁酯5.0±1.0，二苯胺0.9—1.2，硫酸钾1.0±0.3，残溶≤0.9，水分0.6±0.2，L／D=3—6，D／d约3"", ""平均燃烧层厚度0.30—0.55mm；平均孔径0.25—0.35mm；平均长度5.5—7.5mm"", ""134.5℃甲基紫试验，至变色时间≥40min，不爆炸时间≥5h"", """", ""Q／HE2—12—1994""]"
EVPD_fe6f480ed753e093efb5,MATPD_79df94715c189aa565b8,SRCPD_fe6f480ed753e093efb5,非密-危险特性汇总表.docx,3,16,2,发射药,炮用单基发射药,A,"单—4／1高A
二苯胺1.0—2.0，总挥≤3.8，外挥0.8—1.4，内挥≥0.6，硝化纤维素硝化度208ml／g
106.5℃维也里试验，普通法≥7h，重复法≥60h
平均燃烧层厚度0.40—0.55mm；平均孔径0.25—0.35mm；平均长度5.5—7.5mm
具有高能、增面燃烧、低烧蚀特性
GJB558A—97","[""2"", ""单—4／1高A"", """", ""二苯胺1.0—2.0，总挥≤3.8，外挥0.8—1.4，内挥≥0.6，硝化纤维素硝化度208ml／g"", ""平均燃烧层厚度0.40—0.55mm；平均孔径0.25—0.35mm；平均长度5.5—7.5mm"", ""106.5℃维也里试验，普通法≥7h，重复法≥60h"", ""具有高能、增面燃烧、低烧蚀特性"", ""GJB558A—97""]"
EVPD_fb8869b145d956eed2a5,MATPD_cb58df8dca499770bdf1,SRCPD_fb8869b145d956eed2a5,非密-危险特性汇总表.docx,3,17,3,发射药,炮用单基发射药,A,"单—8／1—42、
A
二苯胺1.0—2.0，内挥≥1.2，外挥1.0—1.8，总挥≤4.4，硝化纤维素硝化度204—207.5ml／g
106.5℃维也里试验，普通法≥7h，重复法≥60h。134.5℃甲基紫试验，至变色时间≥40min，不爆炸时间≥5h
平均燃烧层厚度0.8—0.9mm；平均孔径2.5—2.9mm；平均长度420—20mm
GJB558A—1997","[""3"", ""单—8／1—42、\nA"", """", ""二苯胺1.0—2.0，内挥≥1.2，外挥1.0—1.8，总挥≤4.4，硝化纤维素硝化度204—207.5ml／g"", ""平均燃烧层厚度0.8—0.9mm；平均孔径2.5—2.9mm；平均长度420—20mm"", ""106.5℃维也里试验，普通法≥7h，重复法≥60h。134.5℃甲基紫试验，至变色时间≥40min，不爆炸时间≥5h"", """", ""GJB558A—1997""]"
EVPD_0aac91bea5d5adcead4b,MATPD_68fe331aab773030cbd5,SRCPD_0aac91bea5d5adcead4b,非密-危险特性汇总表.docx,3,18,4,发射药,炮用单基发射药,A,"单—12／1—27A
硝化棉余数，二苯胺1.0—2.0，总挥≤4.5，外挥1.0—1.8，内挥≥1.2
106.5℃维也里试验，普通法≥7h，重复法≥60h。
平均燃烧层厚度1.10—1.25mm；平均孔径2.4—2.8mm；平均长度270—12mm
Q／HE2—96—1990","[""4"", ""单—12／1—27A"", """", ""硝化棉余数，二苯胺1.0—2.0，总挥≤4.5，外挥1.0—1.8，内挥≥1.2"", ""平均燃烧层厚度1.10—1.25mm；平均孔径2.4—2.8mm；平均长度270—12mm"", ""106.5℃维也里试验，普通法≥7h，重复法≥60h。"", """", ""Q／HE2—96—1990""]"
EVPD_5270d69f32b2d9a85a75,MATPD_f06ca5994e31b673208f,SRCPD_5270d69f32b2d9a85a75,非密-危险特性汇总表.docx,3,19,5,发射药,炮用单基发射药,A,"单—12／1—72、A
硝化棉余数，二苯胺1.0—2.0，内挥≥1.2，外挥1.0—1.8，总挥≤4.5，
106.5℃维也里试验，普通法≥7h，重复法≥60h。134.5℃甲基紫试验，至变色时间≥40min，不爆炸时间≥5h
平均燃烧层厚度1.10—1.25mm；平均孔径2.4—2.8mm；平均长度720—30mm
GJB558A—1997","[""5"", ""单—12／1—72、A"", """", ""硝化棉余数，二苯胺1.0—2.0，内挥≥1.2，外挥1.0—1.8，总挥≤4.5，"", ""平均燃烧层厚度1.10—1.25mm；平均孔径2.4—2.8mm；平均长度720—30mm"", ""106.5℃维也里试验，普通法≥7h，重复法≥60h。134.5℃甲基紫试验，至变色时间≥40min，不爆炸时间≥5h"", """", ""GJB558A—1997""]"
EVPD_ee965e2a75e2404e7a0d,MATPD_2322f1115bc714fef1cd,SRCPD_ee965e2a75e2404e7a0d,非密-危险特性汇总表.docx,3,20,6,发射药,炮用单基发射药,A,"单—12／1—57、
A
二苯胺1—2，总挥≤4.5，外挥1.0—1.8，内挥≥1.2
平均燃烧层厚度1.10—1.25mm；平均孔径2.4—2.8mm；平均长度570—10mm
具有增面燃烧特性
GJB558A—1997","[""6"", ""单—12／1—57、\nA"", """", ""二苯胺1—2，总挥≤4.5，外挥1.0—1.8，内挥≥1.2"", ""平均燃烧层厚度1.10—1.25mm；平均孔径2.4—2.8mm；平均长度570—10mm"", """", ""具有增面燃烧特性"", ""GJB558A—1997""]"
EVPD_dd96761b9e21007b913b,MATPD_f87cd19d59e5a15fd67b,SRCPD_dd96761b9e21007b913b,非密-危险特性汇总表.docx,3,21,7,发射药,炮用单基发射药,A,"单—16／1—35、
A
总挥≤4.0，外挥1.0—1.8，内挥≥0.9，二苯胺1.0—2.0，硝化棉硝化度210ml／g
106.5℃维也里试验，普通法≥7h，重复法≥60h。
平均燃烧层厚度1.60—1.70mm；平均孔径1.6—1.7mm；平均长度350—12mm
具有高能、增面燃烧、低烧蚀特性
WD677,WD675","[""7"", ""单—16／1—35、\nA"", """", ""总挥≤4.0，外挥1.0—1.8，内挥≥0.9，二苯胺1.0—2.0，硝化棉硝化度210ml／g"", ""平均燃烧层厚度1.60—1.70mm；平均孔径1.6—1.7mm；平均长度350—12mm"", ""106.5℃维也里试验，普通法≥7h，重复法≥60h。"", ""具有高能、增面燃烧、低烧蚀特性"", ""WD677,WD675""]"
EVPD_ac04a527db335da04b53,MATPD_5cc9c988052670a1ddc4,SRCPD_ac04a527db335da04b53,非密-危险特性汇总表.docx,3,22,8,发射药,炮用单基发射药,A,"单—16／1—27，A
硝化棉余数，二苯胺1.0—2.0，内挥≥1.5，外挥1.0—2.0，总挥≤5.2
106.5℃维也里试验，普通法≥7h，重复法≥60h。
平均燃烧层厚度1.55—1.75mm；平均孔径1.4—1.9mm；平均长度270mm
Q／HE2—83—1998","[""8"", ""单—16／1—27，A"", """", ""硝化棉余数，二苯胺1.0—2.0，内挥≥1.5，外挥1.0—2.0，总挥≤5.2"", ""平均燃烧层厚度1.55—1.75mm；平均孔径1.4—1.9mm；平均长度270mm"", ""106.5℃维也里试验，普通法≥7h，重复法≥60h。"", """", ""Q／HE2—83—1998""]"
EVPD_514e77a48a6069972499,MATPD_8f4e35ed923237ec16e3,SRCPD_514e77a48a6069972499,非密-危险特性汇总表.docx,3,23,9,发射药,炮用单基发射药,A,"单—18／1—32高A
二苯胺1.0—2.0，总挥≤5.2，外挥1.0—1.8，内挥≥1.5
平均燃烧层厚度1.82—1.97mm；平均孔径1.75—2.20mm；平均长度305—320mm
具有高能增面燃烧、低烧蚀特性
GJB558A—97","[""9"", ""单—18／1—32高A"", """", ""二苯胺1.0—2.0，总挥≤5.2，外挥1.0—1.8，内挥≥1.5"", ""平均燃烧层厚度1.82—1.97mm；平均孔径1.75—2.20mm；平均长度305—320mm"", """", ""具有高能增面燃烧、低烧蚀特性"", ""GJB558A—97""]"
EVPD_69fc6b0174cbc112b6cf,MATPD_845a9cdf66ed4a5f67e3,SRCPD_69fc6b0174cbc112b6cf,非密-危险特性汇总表.docx,3,24,10,发射药,炮用单基发射药,A,"单—18／1—39
A
二苯胺1.0—2.0，总挥≤5.2，外挥1.0—1.8，内挥≥1.5
平均燃烧层厚度1.80—1.95mm；平均孔径1.50—2.00mm；平均长度395—15mm
具有高增面燃烧特性
GJB558A—97","[""10"", ""单—18／1—39\nA"", """", ""二苯胺1.0—2.0，总挥≤5.2，外挥1.0—1.8，内挥≥1.5"", ""平均燃烧层厚度1.80—1.95mm；平均孔径1.50—2.00mm；平均长度395—15mm"", """", ""具有高增面燃烧特性"", ""GJB558A—97""]"
EVPD_e87c92745e8456cb13ad,MATPD_ab04110ebc9c04727202,SRCPD_e87c92745e8456cb13ad,非密-危险特性汇总表.docx,3,25,11,发射药,炮用单基发射药,A,"单—4／7高、A
二苯胺1.0—2.0，总挥≤3.5，外挥1.0—1.8，内挥≥0.6，硝化纤维素硝化度≥208.0ml／g
106.5℃维也里试验，普通法≥7h，重复法≥60h
平均燃烧层厚度0.46—0.56mm；平均孔径0.15—0.25mm；平均长度2.5—3.5mm
具有高能增面燃烧、低烧蚀的特点
GJB558A—97","[""11"", ""单—4／7高、A"", """", ""二苯胺1.0—2.0，总挥≤3.5，外挥1.0—1.8，内挥≥0.6，硝化纤维素硝化度≥208.0ml／g"", ""平均燃烧层厚度0.46—0.56mm；平均孔径0.15—0.25mm；平均长度2.5—3.5mm"", ""106.5℃维也里试验，普通法≥7h，重复法≥60h"", ""具有高能增面燃烧、低烧蚀的特点"", ""GJB558A—97""]"
EVPD_43ab11677673022cc697,MATPD_8db04ced96b6d4ca659b,SRCPD_43ab11677673022cc697,非密-危险特性汇总表.docx,3,26,12,发射药,炮用单基发射药,A,"单—7／7、
A
二苯胺1.0—2.0，总挥≤3.8，外挥1.0—1.8，内挥≥0.8，硝化纤维素硝化度204—207.5ml／g
134.5℃甲基紫试验，至变色时间≥40min，不爆炸时间≥5h
平均燃烧层厚度0.70—0.85mm；平均孔径0.30—0.45mm；平均长度8.0—10.0mm
加有碳酸铅，具有增面燃烧的特性
Q／HE2—12—1994","[""12"", ""单—7／7、\nA"", """", ""二苯胺1.0—2.0，总挥≤3.8，外挥1.0—1.8，内挥≥0.8，硝化纤维素硝化度204—207.5ml／g"", ""平均燃烧层厚度0.70—0.85mm；平均孔径0.30—0.45mm；平均长度8.0—10.0mm"", ""134.5℃甲基紫试验，至变色时间≥40min，不爆炸时间≥5h"", ""加有碳酸铅，具有增面燃烧的特性"", ""Q／HE2—12—1994""]"
EVPD_a2bfa47b8a3e79e0fb93,MATPD_c9d768467d87b046d906,SRCPD_a2bfa47b8a3e79e0fb93,非密-危险特性汇总表.docx,3,27,13,发射药,炮用单基发射药,A,"单—9／7
A
硝化棉余数，二苯胺1.0—2.0，内挥≥0.9，外挥1.0—1.8，总挥≤4.5，硝化纤维素硝化度204—207.5ml／g
106.5℃维也里试验，普通法≥7h，重复法≥60h。
平均燃烧层厚度0.95—1.10mm；平均孔径0.40—0.60mm；平均长度11.5—12.6mm
具有增面燃烧的特点
Q／HE2—96—1990","[""13"", ""单—9／7\nA"", """", ""硝化棉余数，二苯胺1.0—2.0，内挥≥0.9，外挥1.0—1.8，总挥≤4.5，硝化纤维素硝化度204—207.5ml／g"", ""平均燃烧层厚度0.95—1.10mm；平均孔径0.40—0.60mm；平均长度11.5—12.6mm"", ""106.5℃维也里试验，普通法≥7h，重复法≥60h。"", ""具有增面燃烧的特点"", ""Q／HE2—96—1990""]"
EVPD_9601bb61839c09723098,MATPD_53bc89b7c44194f793f0,SRCPD_9601bb61839c09723098,非密-危险特性汇总表.docx,3,28,14,发射药,炮用单基发射药,A,"单11／7发射药A
总挥≤4.5，外挥1.0—1.8，内挥≥0.9，二苯胺1.0—2.0，硝化纤维素硝化度204—207.5ml／g
106.5℃维也里试验，普通法≥7h，重复法≥60h
平均燃烧层厚度1.00—1.15mm；平均孔径0.45—0.65mm；平均长度11.5—15.5mm
具有高能、增面燃烧、低烧蚀的特性
GJB558A—1997","[""14"", ""单11／7发射药A"", """", ""总挥≤4.5，外挥1.0—1.8，内挥≥0.9，二苯胺1.0—2.0，硝化纤维素硝化度204—207.5ml／g"", ""平均燃烧层厚度1.00—1.15mm；平均孔径0.45—0.65mm；平均长度11.5—15.5mm"", ""106.5℃维也里试验，普通法≥7h，重复法≥60h"", ""具有高能、增面燃烧、低烧蚀的特性"", ""GJB558A—1997""]"
EVPD_6e6d941006bc4bc96785,MATPD_d517554914efdc500c5b,SRCPD_6e6d941006bc4bc96785,非密-危险特性汇总表.docx,3,29,15,发射药,炮用单基发射药,A,"单—12／7A
总挥≤4.8，外挥1.0—1.8，内挥≥1.0，二苯胺1.0—2.0，硝化纤维素硝化度204—207.5ml／g
106.5℃维也里试验，普通法≥7h，重复法≥60h
平均燃烧层厚度1.10—1.30mm；平均孔径0.50—0.70mm；平均长度13.5—15.6mm
具有增面燃烧的特性
Q／HE2—96—1990","[""15"", ""单—12／7A"", """", ""总挥≤4.8，外挥1.0—1.8，内挥≥1.0，二苯胺1.0—2.0，硝化纤维素硝化度204—207.5ml／g"", ""平均燃烧层厚度1.10—1.30mm；平均孔径0.50—0.70mm；平均长度13.5—15.6mm"", ""106.5℃维也里试验，普通法≥7h，重复法≥60h"", ""具有增面燃烧的特性"", ""Q／HE2—96—1990""]"
EVPD_382a539f7f6766f611ba,MATPD_a2d528e640540710b9e8,SRCPD_382a539f7f6766f611ba,非密-危险特性汇总表.docx,3,30,16,发射药,炮用单基发射药,A,"单—12／7高，A
总挥4.8，外挥1.0—2.1，内挥≥1.0，二苯胺1.0—2.0，硝化纤维素硝化度207.5ml／g
106.5℃维也里试验，普通法≥7h，重复法≥60h
平均燃烧层厚度1.15—1.30mm；平均孔径0.50—0.70mm；平均长度13.5—15.6mm
具有高能、增面燃烧、低烧蚀的特性
GJB558A—1997","[""16"", ""单—12／7高，A"", """", ""总挥4.8，外挥1.0—2.1，内挥≥1.0，二苯胺1.0—2.0，硝化纤维素硝化度207.5ml／g"", ""平均燃烧层厚度1.15—1.30mm；平均孔径0.50—0.70mm；平均长度13.5—15.6mm"", ""106.5℃维也里试验，普通法≥7h，重复法≥60h"", ""具有高能、增面燃烧、低烧蚀的特性"", ""GJB558A—1997""]"
EVPD_7af86e19492fe1560c06,MATPD_d6ccac62a6045d52e68b,SRCPD_7af86e19492fe1560c06,非密-危险特性汇总表.docx,3,31,17,发射药,炮用单基发射药,A,"单—13／7高、A
二苯胺1.0—2.0，总挥≤4.8，外挥1.0—1.8，内挥≥1.0
平均燃烧层厚度1.25—1.40mm；平均孔径0.50—0.70mm；平均长度13.0—15.0mm
具有高能、增面燃烧、低烧蚀的特性
GJB558A—1997","[""17"", ""单—13／7高、A"", """", ""二苯胺1.0—2.0，总挥≤4.8，外挥1.0—1.8，内挥≥1.0"", ""平均燃烧层厚度1.25—1.40mm；平均孔径0.50—0.70mm；平均长度13.0—15.0mm"", """", ""具有高能、增面燃烧、低烧蚀的特性"", ""GJB558A—1997""]"
EVPD_2c121c0db1ac8ae84a10,MATPD_0f34ffc608fb5e413f01,SRCPD_2c121c0db1ac8ae84a10,非密-危险特性汇总表.docx,3,32,18,发射药,炮用单基发射药,A,"单—7／14
A
总挥≤3.8，外挥1.0—1.6，内挥≥0.7，二苯胺1.0—2.0，硝化纤维素硝化度≥208ml／g
106.5℃维也里试验，普通法≥7h，重复法≥60h
平均燃烧层厚度0.70—0.85mm；平均孔径0.30—0.45mm；平均长度8.0—11.0mm
具有增面燃烧的特性
GJB558A—97","[""18"", ""单—7／14\nA"", """", ""总挥≤3.8，外挥1.0—1.6，内挥≥0.7，二苯胺1.0—2.0，硝化纤维素硝化度≥208ml／g"", ""平均燃烧层厚度0.70—0.85mm；平均孔径0.30—0.45mm；平均长度8.0—11.0mm"", ""106.5℃维也里试验，普通法≥7h，重复法≥60h"", ""具有增面燃烧的特性"", ""GJB558A—97""]"
EVPD_3ec9d2e1c23a5978fbe2,MATPD_b067c5eb3b4003130dcb,SRCPD_3ec9d2e1c23a5978fbe2,非密-危险特性汇总表.docx,3,33,19,发射药,炮用单基发射药,A,"单—15／7高A
二苯胺1.0—2.0，总挥≤5.2，外挥1.0—1.8，内挥≥1.3
平均燃烧层厚度1.40—1.65mm；平均孔径0.70—0.80mm；平均长度16—18mm
具有增面燃烧、低烧蚀的特性
GJB558A—97","[""19"", ""单—15／7高A"", """", ""二苯胺1.0—2.0，总挥≤5.2，外挥1.0—1.8，内挥≥1.3"", ""平均燃烧层厚度1.40—1.65mm；平均孔径0.70—0.80mm；平均长度16—18mm"", """", ""具有增面燃烧、低烧蚀的特性"", ""GJB558A—97""]"
EVPD_d594c663334e5a780626,MATPD_95e88304640cb7e1fe46,SRCPD_d594c663334e5a780626,非密-危险特性汇总表.docx,3,34,20,发射药,炮用单基发射药,A,"单—8／1松钾
A
总挥3.5，外挥1.0—1.8，内挥≥0.5，二苯胺0.5—1.0，松香2.2—3.0，硫酸钾44—48，硝化纤维素硝化度204—207.5ml／g
106.5℃维也里试验，普通法≥7h，重复法≥50h
平均燃烧层厚度0.6—0.8mm；平均孔径0.45—0.65mm；平均长度7.0—11.0mm
具有高能量、低烧蚀、高增面燃烧的特性
GJB558A—97","[""20"", ""单—8／1松钾\nA"", """", ""总挥3.5，外挥1.0—1.8，内挥≥0.5，二苯胺0.5—1.0，松香2.2—3.0，硫酸钾44—48，硝化纤维素硝化度204—207.5ml／g"", ""平均燃烧层厚度0.6—0.8mm；平均孔径0.45—0.65mm；平均长度7.0—11.0mm"", ""106.5℃维也里试验，普通法≥7h，重复法≥50h"", ""具有高能量、低烧蚀、高增面燃烧的特性"", ""GJB558A—97""]"
EVPD_a05573d558dfa940233f,MATPD_47c19569c337304240b7,SRCPD_a05573d558dfa940233f,非密-危险特性汇总表.docx,3,35,21,发射药,炮用单基发射药,B,"单松钾—11，B
二苯胺0.5—2.0；硫酸钾44—48；松香2.0—3.0；余量：硝化棉。
爆热=3270KJ／kg；火药力=1020KJ／kg
爆热=3270KJ／kg；火药力=1020KJ／kg","[""21"", ""单松钾—11，B"", ""DSoJa"", ""二苯胺0.5—2.0；硫酸钾44—48；松香2.0—3.0；余量：硝化棉。"", ""爆热=3270KJ／kg；火药力=1020KJ／kg"", """", ""爆热=3270KJ／kg；火药力=1020KJ／kg"", """"]"
EVPD_8784016d27cf7cae2488,MATPD_e32c7151be51ffe33ec1,SRCPD_8784016d27cf7cae2488,非密-危险特性汇总表.docx,3,36,22,发射药,炮用单基发射药,A,"单—10／1—39松钾A
二苯胺1.0—2.0；总挥≤3.5，外挥1.0—1.8，内挥≥0.5
106.5℃维也里试验，普通法≥7h，重复法≥50h
平均燃烧层厚度0.90—1.10mm；平均孔径2.5—3.5mm；平均长度395—15mm
具有高增面燃烧的特性
GJB558A—97","[""22"", ""单—10／1—39松钾A"", """", ""二苯胺1.0—2.0；总挥≤3.5，外挥1.0—1.8，内挥≥0.5"", ""平均燃烧层厚度0.90—1.10mm；平均孔径2.5—3.5mm；平均长度395—15mm"", ""106.5℃维也里试验，普通法≥7h，重复法≥50h"", ""具有高增面燃烧的特性"", ""GJB558A—97""]"
EVPD_9b10e59ee9f630d21eb1,MATPD_91787531fb3a49ea5e27,SRCPD_9b10e59ee9f630d21eb1,非密-危险特性汇总表.docx,3,37,23,发射药,炮用单基发射药,B,"单钾石—11，B
二苯胺1.0—2.0；DBP≤3；DNT≤10；余量：硝化棉
爆热=3770KJ／kg；火药力=1022KJ／kg","[""23"", ""单钾石—11，B"", ""DJaS—11"", ""二苯胺1.0—2.0；DBP≤3；DNT≤10；余量：硝化棉"", """", """", ""爆热=3770KJ／kg；火药力=1022KJ／kg"", """"]"
EVPD_86873c7b250678b341af,MATPD_9efd4a2e3bd93cbcb9dd,SRCPD_86873c7b250678b341af,非密-危险特性汇总表.docx,3,38,24,发射药,炮用单基发射药,A,"单—9／14高钾发射药A
总挥≤4.2，外挥1.2—1.8，内挥≥1.0，二苯胺1.0—2.0，硫酸钾0.6—1.2，硝化纤维素硝化度≥208ml／g
106.5℃维也里试验，普通法≥7h，重复法≥60h
平均燃烧层厚度0.80—1.00mm；平均孔径0.35—0.55mm；平均长度10.0—13.0mm
发射时少烟，与国外M2性能相当
Q／HCG803—88","[""24"", ""单—9／14高钾发射药A"", """", ""总挥≤4.2，外挥1.2—1.8，内挥≥1.0，二苯胺1.0—2.0，硫酸钾0.6—1.2，硝化纤维素硝化度≥208ml／g"", ""平均燃烧层厚度0.80—1.00mm；平均孔径0.35—0.55mm；平均长度10.0—13.0mm"", ""106.5℃维也里试验，普通法≥7h，重复法≥60h"", ""发射时少烟，与国外M2性能相当"", ""Q／HCG803—88""]"
EVPD_f8ed9659d02cc7d096c4,MATPD_2defddb7d4a299100df6,SRCPD_f8ed9659d02cc7d096c4,非密-危险特性汇总表.docx,3,39,25,发射药,炮用单基发射药,A,"单—14／19花、A
总挥≤4.0，外挥1.0—1.8，内挥≥0.9，二苯胺1.0—2.0，游离石墨≤0.05，硝化纤维素硝化度≥210ml／g
106.5℃维也里试验，普通法≥7h，重复法≥60h
平均燃烧层厚度1.40—1.50mm；平均孔径0.30—0.60mm；平均长度10.0—15.0mm
具有高能量、低烧蚀、高增面性燃烧的特性
WD677；WD675","[""25"", ""单—14／19花、A"", """", ""总挥≤4.0，外挥1.0—1.8，内挥≥0.9，二苯胺1.0—2.0，游离石墨≤0.05，硝化纤维素硝化度≥210ml／g"", ""平均燃烧层厚度1.40—1.50mm；平均孔径0.30—0.60mm；平均长度10.0—15.0mm"", ""106.5℃维也里试验，普通法≥7h，重复法≥60h"", ""具有高能量、低烧蚀、高增面性燃烧的特性"", ""WD677；WD675""]"
EVPD_7c39d83618d30f001f93,MATPD_2defddb7d4a299100df6,SRCPD_7c39d83618d30f001f93,非密-危险特性汇总表.docx,3,40,26,发射药,炮用单基发射药,A,"单—14／19花，A
成分（%）：余数硝化棉，二苯胺1.0—2.0，内挥≥1.2，外挥≥1.0，总挥≤5.2
106.5℃维也里试验，普通法≥7h，重复法≥60h
平均燃烧层厚度1.30—1.55mm；平均孔径0.20—0.40mm；平均长度10.0—16.0mm
具有高增面性燃烧的特性，经石墨光泽，假密度较大。
Q／HE2—83—1988","[""26"", ""单—14／19花，A"", """", ""成分（%）：余数硝化棉，二苯胺1.0—2.0，内挥≥1.2，外挥≥1.0，总挥≤5.2"", ""平均燃烧层厚度1.30—1.55mm；平均孔径0.20—0.40mm；平均长度10.0—16.0mm"", ""106.5℃维也里试验，普通法≥7h，重复法≥60h"", ""具有高增面性燃烧的特性，经石墨光泽，假密度较大。"", ""Q／HE2—83—1988""]"
EVPD_d7d698ccddef2e8a3935,MATPD_701427c6b5e290971931,SRCPD_d7d698ccddef2e8a3935,非密-危险特性汇总表.docx,3,41,27,发射药,炮用单基发射药,A,"单—15／19花、
A
总挥≤4.0，外挥≤1.0—1.8，内挥≥0.9，二苯胺1.0—2.0，游离石墨≤0.05，硝化纤维素硝化度≥210ml／g
平均燃烧层厚度1.45—1.55mm；平均孔径0.30—0.60mm；平均长度10.0—15.0mm
具有高能量、低烧蚀、高增面性燃烧的特性
GJB558A—97","[""27"", ""单—15／19花、\nA"", """", ""总挥≤4.0，外挥≤1.0—1.8，内挥≥0.9，二苯胺1.0—2.0，游离石墨≤0.05，硝化纤维素硝化度≥210ml／g"", ""平均燃烧层厚度1.45—1.55mm；平均孔径0.30—0.60mm；平均长度10.0—15.0mm"", """", ""具有高能量、低烧蚀、高增面性燃烧的特性"", ""GJB558A—97""]"
EVPD_1775d808d1b1d66284c4,MATPD_4eb85b1bc29801988e8f,SRCPD_1775d808d1b1d66284c4,非密-危险特性汇总表.docx,3,42,28,发射药,炮用单基发射药,A,"单—15／7花A
二苯胺1.0—2.0，总挥≤5.2，外挥1.0—1.8，内挥≥1.3
平均燃烧层厚度1.45—1.65mm；平均孔径0.60—0.80mm；平均长度16.0—18.0mm
具有高增面性燃烧的特性
GJB558A—97","[""28"", ""单—15／7花A"", """", ""二苯胺1.0—2.0，总挥≤5.2，外挥1.0—1.8，内挥≥1.3"", ""平均燃烧层厚度1.45—1.65mm；平均孔径0.60—0.80mm；平均长度16.0—18.0mm"", """", ""具有高增面性燃烧的特性"", ""GJB558A—97""]"
EVPD_d213d8a3670527e05a53,MATPD_467e6bed71f41007bc58,SRCPD_d213d8a3670527e05a53,非密-危险特性汇总表.docx,3,43,29,发射药,炮用单基发射药,B,"多—45，
B
总挥1.8，外挥1.0—1.6，内挥≥0.2，二苯胺1.0—2.0，石墨≤0.9，硝酸钾≤0.2；硝化纤维素硝化度≥204—207.5ml／g
106.5℃维也里试验，普通法≥7h，重复法≥50h
平均燃烧层厚度0.27—0.37mm；平均孔径0.10—0.20mm；平均长度≤1.3mm
爆热=3213KJ／kg；火药力=582KJ／kg","[""29"", ""多—45，\nB"", ""D—45"", ""总挥1.8，外挥1.0—1.6，内挥≥0.2，二苯胺1.0—2.0，石墨≤0.9，硝酸钾≤0.2；硝化纤维素硝化度≥204—207.5ml／g"", ""平均燃烧层厚度0.27—0.37mm；平均孔径0.10—0.20mm；平均长度≤1.3mm"", ""106.5℃维也里试验，普通法≥7h，重复法≥50h"", ""爆热=3213KJ／kg；火药力=582KJ／kg"", """"]"
EVPD_c1ec7956c70bd6c6d14d,MATPD_821b02356346067fcc54,SRCPD_c1ec7956c70bd6c6d14d,非密-危险特性汇总表.docx,3,44,30,发射药,炮用单基发射药,B,"单—6多100
B
二苯胺1.0—1.2；硝酸钾≤0.10；余量：硝化棉。
爆热=3655KJ／kg；火药力=1061KJ／kg","[""30"", ""单—6多100\nB"", ""D—6D100"", ""二苯胺1.0—1.2；硝酸钾≤0.10；余量：硝化棉。"", """", """", ""爆热=3655KJ／kg；火药力=1061KJ／kg"", """"]"
EVPD_9c842fcad4fab68d115d,MATPD_5358d6529850ea0ed837,SRCPD_9c842fcad4fab68d115d,非密-危险特性汇总表.docx,3,45,31,发射药,炮用单基发射药,"A,B","单硝碳—11 A； B
硝化棉40，二苯胺1.0—2.0；黑药粉60，硝化纤维素硝化度≥206—207.5ml／g
106.5℃维也里试验，普通法≥7h，重复法≥60h
平均燃烧层厚度1.1±0.1mm；平均孔径1.7±0.1mm；平均长度305.5—8mm
具有高能量、低烧蚀、高增面性燃烧的特性
爆热=3019KJ／kg；火药力=925KJ／kg
GJB558A—97","[""31"", ""单硝碳—11 A； B"", ""DXT—11"", ""硝化棉40，二苯胺1.0—2.0；黑药粉60，硝化纤维素硝化度≥206—207.5ml／g"", ""平均燃烧层厚度1.1±0.1mm；平均孔径1.7±0.1mm；平均长度305.5—8mm"", ""106.5℃维也里试验，普通法≥7h，重复法≥60h"", ""具有高能量、低烧蚀、高增面性燃烧的特性\n爆热=3019KJ／kg；火药力=925KJ／kg"", ""GJB558A—97""]"
EVPD_ad4246756c5f644204c5,MATPD_d7a3d43fbc59e1a1f9ae,SRCPD_ad4246756c5f644204c5,非密-危险特性汇总表.docx,3,46,32,发射药,炮用单基发射药,"A,B","单樟—11A—8／1 A 、B
Ⅱ号中定剂1.0—1.5，二苯胺0.5—1.2；石墨≤0.4；樟脑4.5—6.5；硫酸钾0.3—1.0；余量：硝化棉
106.5℃维也里试验，普通法≥7h，重复法≥60h
平均燃烧层厚度0.75—0.95mm；平均孔径0.20—0.40mm；平均长度2.5—3.5mm
爆热=2856KJ／kg；火药力=879KJ／kg
Q／HE2—128—1999","[""32"", ""单樟—11A—8／1 A 、B"", ""DZ—11A"", ""Ⅱ号中定剂1.0—1.5，二苯胺0.5—1.2；石墨≤0.4；樟脑4.5—6.5；硫酸钾0.3—1.0；余量：硝化棉"", ""平均燃烧层厚度0.75—0.95mm；平均孔径0.20—0.40mm；平均长度2.5—3.5mm"", ""106.5℃维也里试验，普通法≥7h，重复法≥60h"", ""爆热=2856KJ／kg；火药力=879KJ／kg"", ""Q／HE2—128—1999""]"
EVPD_c1248c106a8c1a53ee9c,MATPD_942fcbdcaa2e977c7010,SRCPD_c1248c106a8c1a53ee9c,非密-危险特性汇总表.docx,3,47,33,发射药,炮用单基发射药,B,"单樟—11
B
二苯胺1.0—2.0；石墨≤0.28；樟脑≤1.8；余量：硝化棉
爆热=3194—3782KJ／kg；火药力=1000—1026KJ／kg","[""33"", ""单樟—11\nB"", ""DZ—11"", ""二苯胺1.0—2.0；石墨≤0.28；樟脑≤1.8；余量：硝化棉"", """", """", ""爆热=3194—3782KJ／kg；火药力=1000—1026KJ／kg"", """"]"
EVPD_09e567f64afc3022d4d0,MATPD_48a01250595973ebf3a8,SRCPD_09e567f64afc3022d4d0,非密-危险特性汇总表.docx,3,48,34,发射药,炮用单基发射药,B,"单樟—13
B
二苯胺1.0—2.0；石墨≤0.25；樟脑≤8；余量：硝化棉
爆热=3640KJ／kg；火药力1013=KJ／kg","[""34"", ""单樟—13\nB"", ""DZ—13"", ""二苯胺1.0—2.0；石墨≤0.25；樟脑≤8；余量：硝化棉"", """", """", ""爆热=3640KJ／kg；火药力1013=KJ／kg"", """"]"
EVPD_88b2e71fed4c28fc37f4,MATPD_0e9f1a5e3e0613c85413,SRCPD_88b2e71fed4c28fc37f4,非密-危险特性汇总表.docx,3,49,35,发射药,炮用单基发射药,B,"单樟—14
B
二苯胺1.0—2.0；石墨0.05—0.30；樟脑≤8；灰分≤0.4；余量：硝化棉
爆热=3840KJ／kg；火药力=1025KJ／kg","[""35"", ""单樟—14\nB"", ""DZ—14"", ""二苯胺1.0—2.0；石墨0.05—0.30；樟脑≤8；灰分≤0.4；余量：硝化棉"", """", """", ""爆热=3840KJ／kg；火药力=1025KJ／kg"", """"]"
EVPD_cfd286d19b162b98f5f5,MATPD_ab893dfa85d11364207f,SRCPD_cfd286d19b162b98f5f5,非密-危险特性汇总表.docx,3,50,36,发射药,炮用单基发射药,B,"单樟—15 B
二苯胺1.0—2.0；石墨0.05—0.30；樟脑≤8；灰分≤0.4；余量：硝化棉。
爆热=3840KJ／kg；火药力=1025KJ／kg","[""36"", ""单樟—15 B"", ""代号DZ—15"", ""二苯胺1.0—2.0；石墨0.05—0.30；樟脑≤8；灰分≤0.4；余量：硝化棉。"", """", """", ""爆热=3840KJ／kg；火药力=1025KJ／kg"", """"]"
EVPD_4508750f54ab5d116059,MATPD_599fefcfa0d412fad19c,SRCPD_4508750f54ab5d116059,非密-危险特性汇总表.docx,3,51,37,发射药,炮用单基发射药,A,"单蜡樟—5／7 A
二苯胺1.0—2.0；樟脑≤2.5，地蜡1.0—3.5，石墨≤0.4；内挥≥0.7，外挥1.0—2.0，总挥≤3.8
106.5℃维也里试验，普通法≥7h，重复法≥60h
平均燃烧层厚度0.45—0.60mm；平均孔径0.13—0.23mm；平均长度2.8—3.9mm
具有增面性燃烧的特性
Q／HE2—41—1987","[""37"", ""单蜡樟—5／7 A"", """", ""二苯胺1.0—2.0；樟脑≤2.5，地蜡1.0—3.5，石墨≤0.4；内挥≥0.7，外挥1.0—2.0，总挥≤3.8"", ""平均燃烧层厚度0.45—0.60mm；平均孔径0.13—0.23mm；平均长度2.8—3.9mm"", ""106.5℃维也里试验，普通法≥7h，重复法≥60h"", ""具有增面性燃烧的特性"", ""Q／HE2—41—1987""]"
EVPD_47416fa610b7f4afbef9,MATPD_ebd370d1bba08751bdcd,SRCPD_47416fa610b7f4afbef9,非密-危险特性汇总表.docx,3,52,38,发射药,炮用单基发射药,B,"单蜡樟—11B
二苯胺1.0—2.0；石墨≤0.4；地蜡2.6—3.0；樟脑≤2.5；余量：硝化棉。
爆热=3760KJ／kg；火药力=1030KJ／kg","[""38"", ""单蜡樟—11B"", ""DLaZ—11"", ""二苯胺1.0—2.0；石墨≤0.4；地蜡2.6—3.0；樟脑≤2.5；余量：硝化棉。"", """", """", ""爆热=3760KJ／kg；火药力=1030KJ／kg"", """"]"
EVPD_8e27d133a7b54e4c9bfa,MATPD_e0cd2d66ca0360cc6a2b,SRCPD_8e27d133a7b54e4c9bfa,非密-危险特性汇总表.docx,3,53,39,发射药,炮用单基发射药,A,"单烯—11—3／1 A
硝化棉86±4，二苯胺1.0—2.0；过氯乙烯10±2，内挥≥0.5，外挥1.0—1.8，总挥≤3.7
106.5℃维也里试验，普通法≥7h，重复法≥60h
平均燃烧层厚度0.28—0.36mm；平均孔径0.10—0.25mm；平均长度1.6—2.1mm
含有树脂成分的消焰剂；具有增面燃烧特性
Q／HE2—83—1988","[""39"", ""单烯—11—3／1 A"", """", ""硝化棉86±4，二苯胺1.0—2.0；过氯乙烯10±2，内挥≥0.5，外挥1.0—1.8，总挥≤3.7"", ""平均燃烧层厚度0.28—0.36mm；平均孔径0.10—0.25mm；平均长度1.6—2.1mm"", ""106.5℃维也里试验，普通法≥7h，重复法≥60h"", ""含有树脂成分的消焰剂；具有增面燃烧特性"", ""Q／HE2—83—1988""]"
EVPD_c427701ff2469cb3e8ba,MATPD_5c00794505b5069d6305,SRCPD_c427701ff2469cb3e8ba,非密-危险特性汇总表.docx,3,54,40,发射药,炮用单基发射药,B,"单烯—11
B
二苯胺1.0—2.0；石墨≤0.02；过氯乙烯8—12；余量：硝化棉。
爆热=3019KJ／kg；火药力=925KJ／kg","[""40"", ""单烯—11\nB"", ""DX—11"", ""二苯胺1.0—2.0；石墨≤0.02；过氯乙烯8—12；余量：硝化棉。"", """", """", ""爆热=3019KJ／kg；火药力=925KJ／kg"", """"]"
EVPD_7771eb29b608372c26f7,MATPD_905f2367b5e34eeb3ac0,SRCPD_7771eb29b608372c26f7,非密-危险特性汇总表.docx,3,55,41,发射药,炮用单基发射药,"A,B","单芳—14—12／7发射药， A，B
硝化棉余量，苯二甲酸二丁酯6.0±1.0，硫酸钾≥1.05，石墨≤0.05，二硝基甲苯10.0±2.0，二苯胺1.05±0.15，水分0.60±0.20；残溶1.54
平均燃烧层厚度≈0.85mm；平均直径≈7.2mm；平均长度≈18mm，外径／孔径8—10
具有增面性燃烧、低烧蚀的特性。
爆热=3388KJ／kg；火药力=1026KJ／kg
GJB558A—97","[""41"", ""单芳—14—12／7发射药， A，B"", ""DF—14"", ""硝化棉余量，苯二甲酸二丁酯6.0±1.0，硫酸钾≥1.05，石墨≤0.05，二硝基甲苯10.0±2.0，二苯胺1.05±0.15，水分0.60±0.20；残溶1.54"", ""平均燃烧层厚度≈0.85mm；平均直径≈7.2mm；平均长度≈18mm，外径／孔径8—10"", """", ""具有增面性燃烧、低烧蚀的特性。\n爆热=3388KJ／kg；火药力=1026KJ／kg"", ""GJB558A—97""]"
EVPD_764a21696e479de5dca4,MATPD_5057e373e6fa563091f0,SRCPD_764a21696e479de5dca4,非密-危险特性汇总表.docx,3,56,42,发射药,炮用单基发射药,B,"单芳—15 B
二苯胺1.0—2.0；DBP≤3；DNT≤10；余量：硝化棉
爆热=3656KJ／kg；火药力=995KJ／kg","[""42"", ""单芳—15 B"", ""DF—15"", ""二苯胺1.0—2.0；DBP≤3；DNT≤10；余量：硝化棉"", """", """", ""爆热=3656KJ／kg；火药力=995KJ／kg"", """"]"
EVPD_e9b3f183f46799f481d0,MATPD_a4600262163720a81ec4,SRCPD_e9b3f183f46799f481d0,非密-危险特性汇总表.docx,3,57,43,发射药,炮用单基发射药,A,"单芳—12—4／1
A
硝化棉84.0±2.0，苯二甲酸二丁酯4.9±1.0，硫酸钾1.0±0.3，2,4地恩梯9.8±2.0，二苯胺1.1±0.3，水分0.8±0.2，总挥：≤1.9，残溶≤0.9。
平均燃烧层厚度0.45±0.06mm；平均孔径0.40±0.05mm；平均长度6.2±0.4mm
具有增面性燃烧、低烧蚀的特性
WMD616JT；WMD615JT","[""43"", ""单芳—12—4／1\nA"", """", ""硝化棉84.0±2.0，苯二甲酸二丁酯4.9±1.0，硫酸钾1.0±0.3，2,4地恩梯9.8±2.0，二苯胺1.1±0.3，水分0.8±0.2，总挥：≤1.9，残溶≤0.9。"", ""平均燃烧层厚度0.45±0.06mm；平均孔径0.40±0.05mm；平均长度6.2±0.4mm"", """", ""具有增面性燃烧、低烧蚀的特性"", ""WMD616JT；WMD615JT""]"
EVPD_d58fb6dabb8c766e3d68,MATPD_bc1ddb5d6882d3ef917f,SRCPD_d58fb6dabb8c766e3d68,非密-危险特性汇总表.docx,3,58,44,发射药,炮用单基发射药,A,"单芳—12—9／7发射药A
硝化棉84.0±2.0，苯二甲酸二丁酯4.9±1.0，硫酸钾1.0±0.3，2,4地恩梯9.8±2.0，二苯胺1.1±0.3，水分0.8±0.2，总挥：≤2.4，残溶≤1.4。
平均燃烧层厚度0.96±0.06mm；平均孔径0.50±0.05mm；平均长度11.0±1.0mm
具有增面性燃烧、低烧蚀的特性
WMD616JT；WMD615JT","[""44"", ""单芳—12—9／7发射药A"", """", ""硝化棉84.0±2.0，苯二甲酸二丁酯4.9±1.0，硫酸钾1.0±0.3，2,4地恩梯9.8±2.0，二苯胺1.1±0.3，水分0.8±0.2，总挥：≤2.4，残溶≤1.4。"", ""平均燃烧层厚度0.96±0.06mm；平均孔径0.50±0.05mm；平均长度11.0±1.0mm"", """", ""具有增面性燃烧、低烧蚀的特性"", ""WMD616JT；WMD615JT""]"
EVPD_94f511aa0103015a243e,MATPD_f92b23b03c0b66717694,SRCPD_94f511aa0103015a243e,非密-危险特性汇总表.docx,3,59,45,发射药,炮用单基发射药,A,"单芳—13—20／19发射药A
硝化棉88.0±2.0，苯二甲酸二丁酯1.8±0.5，硫酸钾2.2±0.5，石墨1.0±0.1，2,4地恩梯7.7±1.0，二苯胺1.3±0.2
平均燃烧层厚度1.93±0.06mm；平均孔径0.35±0.05mm；平均长度13.5±0.5mm
具有增面性燃烧、低烧蚀的特性
WME101JT","[""45"", ""单芳—13—20／19发射药A"", """", ""硝化棉88.0±2.0，苯二甲酸二丁酯1.8±0.5，硫酸钾2.2±0.5，石墨1.0±0.1，2,4地恩梯7.7±1.0，二苯胺1.3±0.2"", ""平均燃烧层厚度1.93±0.06mm；平均孔径0.35±0.05mm；平均长度13.5±0.5mm"", """", ""具有增面性燃烧、低烧蚀的特性"", ""WME101JT""]"
EVPD_020c21ecc1126fca37af,MATPD_ca42662d07ec5532b258,SRCPD_020c21ecc1126fca37af,非密-危险特性汇总表.docx,3,60,46,发射药,炮用单基发射药,B,"单苯芳—11B
二苯胺0.5—1.5；石墨≤0.4；DBP≤2.0；DNT1.0—5.0；硫酸钾≤1.0；余量：硝化棉。
爆热=3600KJ／kg；火药力=965KJ／kg","[""46"", ""单苯芳—11B"", ""DBeF—11"", ""二苯胺0.5—1.5；石墨≤0.4；DBP≤2.0；DNT1.0—5.0；硫酸钾≤1.0；余量：硝化棉。"", """", """", ""爆热=3600KJ／kg；火药力=965KJ／kg"", """"]"
EVPD_ad92031dd10d66b945f3,MATPD_ce7262bcef8e0e98c2a6,SRCPD_ad92031dd10d66b945f3,非密-危险特性汇总表.docx,3,61,47,发射药,炮用单基发射药,B,"单苯—12B
二苯胺0.90；DBP1.4；Ⅱ号中定剂1.4；硝化棉93.6。
爆热=3789—3998KJ／kg","[""47"", ""单苯—12B"", ""DBe—12"", ""二苯胺0.90；DBP1.4；Ⅱ号中定剂1.4；硝化棉93.6。"", """", """", ""爆热=3789—3998KJ／kg"", """"]"
EVPD_0ba1b93427dd0b82217c,MATPD_cc5e6cad9ddc86605c50,SRCPD_0ba1b93427dd0b82217c,非密-危险特性汇总表.docx,3,62,48,发射药,炮用单基发射药,B,"单苯—11B
二苯胺≥1.0；石墨≤0.4；DBP≤1.0；硝酸钾≤0.1；灰分≤0.4；余量：硝化棉。
爆热=3960KJ／kg","[""48"", ""单苯—11B"", ""DBe—11"", ""二苯胺≥1.0；石墨≤0.4；DBP≤1.0；硝酸钾≤0.1；灰分≤0.4；余量：硝化棉。"", """", """", ""爆热=3960KJ／kg"", """"]"
EVPD_a5e533d7227550b3ecdd,MATPD_8f48eaaf0000a7059630,SRCPD_a5e533d7227550b3ecdd,非密-危险特性汇总表.docx,3,63,49,发射药,炮用单基发射药,B,"单胺—11
B
二苯胺1.0—2.0；余量：硝化棉
爆热=3462—4156KJ／kg；火药力=973—1046KJ／kg","[""49"", ""单胺—11\nB"", ""DA—11"", ""二苯胺1.0—2.0；余量：硝化棉"", """", """", ""爆热=3462—4156KJ／kg；火药力=973—1046KJ／kg"", """"]"
EVPD_2b92e12ce4d251de0477,MATPD_90bc67f1591f78014cf8,SRCPD_2b92e12ce4d251de0477,非密-危险特性汇总表.docx,3,64,50,发射药,炮用单基发射药,B,"单胺—12，B
二苯胺1.0—2.0；石墨≤1.0；余量：硝化棉。
爆热=3427KJ／kg；火药力=1035KJ／kg","[""50"", ""单胺—12，B"", ""DA—12"", ""二苯胺1.0—2.0；石墨≤1.0；余量：硝化棉。"", """", """", ""爆热=3427KJ／kg；火药力=1035KJ／kg"", """"]"
EVPD_0b76f84a08a8a698c341,MATPD_a719eccf7d47b91b4a45,SRCPD_0b76f84a08a8a698c341,非密-危险特性汇总表.docx,3,65,51,发射药,炮用单基发射药,B,"单石—11，B
二苯胺1.0—2.0；石墨≤0.05；余量：硝化棉
爆热=3861—3907KJ／kg；火药力=1012—1029 K J／kg","[""51"", ""单石—11，B"", ""DS—11"", ""二苯胺1.0—2.0；石墨≤0.05；余量：硝化棉"", """", """", ""爆热=3861—3907KJ／kg；火药力=1012—1029 K J／kg"", """"]"
EVPD_60683ae5042a4a51ba20,MATPD_61c1bc3c1925d033fa10,SRCPD_60683ae5042a4a51ba20,非密-危险特性汇总表.docx,3,66,52,发射药,炮用单基发射药,B,"单蜡石—11
B
二苯胺1.0—2.0；石墨≤0.05；地蜡2.6—3.0；余量：硝化棉
爆热=3659KJ／kg","[""52"", ""单蜡石—11\nB"", ""DLaS—11"", ""二苯胺1.0—2.0；石墨≤0.05；地蜡2.6—3.0；余量：硝化棉"", """", """", ""爆热=3659KJ／kg"", """"]"
EVPD_6c3b20f669f81b9ec4f6,MATPD_efd499806f7f99eb2d58,SRCPD_6c3b20f669f81b9ec4f6,非密-危险特性汇总表.docx,3,67,53,发射药,炮用单基发射药,B,"单胍—11B
硝化棉88.8；Ⅱ号中定剂1.0；DBP3.0；NQ6.0；
爆热=3450KJ／kg","[""53"", ""单胍—11B"", ""DGu—11"", ""硝化棉88.8；Ⅱ号中定剂1.0；DBP3.0；NQ6.0；"", """", """", ""爆热=3450KJ／kg"", """"]"
EVPD_df2b6eda7f556ba275b8,MATPD_b0afd7e2050648a9f637,SRCPD_df2b6eda7f556ba275b8,非密-危险特性汇总表.docx,3,68,54,发射药,炮用单基发射药,,"M1单
硝化棉85；碳酸铅1.0；DBP5；DNT10；硫酸钾1.0
爆热=2968—3140KJ／kg；火药力=912—939K J／kg","[""54"", ""M1单"", ""M1D"", ""硝化棉85；碳酸铅1.0；DBP5；DNT10；硫酸钾1.0"", """", """", ""爆热=2968—3140KJ／kg；火药力=912—939K J／kg"", """"]"
EVPD_f9b5b85bb5798fc67ad9,MATPD_2068f13db0456201850c,SRCPD_f9b5b85bb5798fc67ad9,非密-危险特性汇总表.docx,3,70,1,发射药,枪用双基发射药,A,"双中硝—11—球30×80A
硝化棉余数，硝化甘油8—11，二苯胺0.2—1.0，Ⅱ号中定剂2—8，邻苯二甲酸二丁酯≤3.0，硝酸钾0.2—1.0，乙酸乙酯≤1.0，水分0.2—0.8，石墨≤0.4
134.5℃甲基紫试验，至变色时间≥60min，不爆炸时间≥5h
平均燃烧层厚度0.24—0.38mm；药粒平均直径0.6—0.9mm；比表面65—95cm2／g
具有装填密度高、流散性好的特点。密度≥1.5g／cm3，爆发点≥165℃
Q／HE2—157—1996","[""1"", ""双中硝—11—球30×80A"", """", ""硝化棉余数，硝化甘油8—11，二苯胺0.2—1.0，Ⅱ号中定剂2—8，邻苯二甲酸二丁酯≤3.0，硝酸钾0.2—1.0，乙酸乙酯≤1.0，水分0.2—0.8，石墨≤0.4"", ""平均燃烧层厚度0.24—0.38mm；药粒平均直径0.6—0.9mm；比表面65—95cm2／g"", ""134.5℃甲基紫试验，至变色时间≥60min，不爆炸时间≥5h"", ""具有装填密度高、流散性好的特点。密度≥1.5g／cm3，爆发点≥165℃"", ""Q／HE2—157—1996""]"
EVPD_0bd87e985b6074a8a1f0,MATPD_d31917f4945ef472094c,SRCPD_0bd87e985b6074a8a1f0,非密-危险特性汇总表.docx,3,71,2,发射药,枪用双基发射药,A,"双中硝—11—球35×80 A
硝化棉余数，硝化甘油8—11，二苯胺0.2—1.0，Ⅱ号中定剂2—8，邻苯二甲酸二丁酯≤3.0，硝酸钾0.2—1.0，乙酸乙酯≤1.0，水分0.2—0.8，石墨≤0.4
134.5℃甲基紫试验，至变色时间≥60min，不爆炸时间≥5h
平均燃烧层厚度0.28—0.40mm；药粒平均直径0.6—0.9mm；比表面65—95cm2／g
具有装填密度高、流散性好的特点。密度≥1.5g／cm3，爆发点≥165℃","[""2"", ""双中硝—11—球35×80 A"", """", ""硝化棉余数，硝化甘油8—11，二苯胺0.2—1.0，Ⅱ号中定剂2—8，邻苯二甲酸二丁酯≤3.0，硝酸钾0.2—1.0，乙酸乙酯≤1.0，水分0.2—0.8，石墨≤0.4"", ""平均燃烧层厚度0.28—0.40mm；药粒平均直径0.6—0.9mm；比表面65—95cm2／g"", ""134.5℃甲基紫试验，至变色时间≥60min，不爆炸时间≥5h"", ""具有装填密度高、流散性好的特点。密度≥1.5g／cm3，爆发点≥165℃"", """"]"
EVPD_1d18cf6fe5bd9e2e6c81,MATPD_bd90eadbdb7194fafe0f,SRCPD_1d18cf6fe5bd9e2e6c81,非密-危险特性汇总表.docx,3,72,3,发射药,枪用双基发射药,A,"双醋—12A—球23×90
A
硝化棉余数，硝化甘油24—32，Ⅱ号中定剂1.0，乙酸乙酯≤1.0，水分0.2—0.9，石墨≤0.4
134.5℃甲基紫试验，至变色时间≥40min，不爆炸时间≥5h
平均燃烧层厚度0.18—0.28mm；药粒平均直径0.6—0.12mm；比表面80—150cm2／g
具有装填密度高、流散性好、燃烧性能好的特点。密度≥1.5g／cm3
Q／HE2—171—1998","[""3"", ""双醋—12A—球23×90\nA"", """", ""硝化棉余数，硝化甘油24—32，Ⅱ号中定剂1.0，乙酸乙酯≤1.0，水分0.2—0.9，石墨≤0.4"", ""平均燃烧层厚度0.18—0.28mm；药粒平均直径0.6—0.12mm；比表面80—150cm2／g"", ""134.5℃甲基紫试验，至变色时间≥40min，不爆炸时间≥5h"", ""具有装填密度高、流散性好、燃烧性能好的特点。密度≥1.5g／cm3"", ""Q／HE2—171—1998""]"
EVPD_86bc8e34ff794acc0b01,MATPD_d04d740949397a75ea47,SRCPD_86bc8e34ff794acc0b01,非密-危险特性汇总表.docx,3,73,4,发射药,枪用双基发射药,B,"双醋—14
B
硝化甘油17；硝化棉81；中定剂≥1.2；水分0.3—1.0，其他1.9
爆热4710KJ／kg；火药力=1140K J／kg","[""4"", ""双醋—14\nB"", ""SC—14"", ""硝化甘油17；硝化棉81；中定剂≥1.2；水分0.3—1.0，其他1.9"", """", """", ""爆热4710KJ／kg；火药力=1140K J／kg"", """"]"
EVPD_2be372dfbf23153a6b28,MATPD_f259b47f1d6a76b9b808,SRCPD_2be372dfbf23153a6b28,非密-危险特性汇总表.docx,3,74,5,发射药,枪用双基发射药,A,"双醋—14—球23
A
硝化棉81.0±1.5，硝化甘油17.0±1.5，Ⅱ号中定剂≥1.2，石墨≤0.3,骨胶≤0.1，硫酸钠≤0.2，水分0.3—1.0，乙酸乙酯≤1.2
平均球径≈0.23
采用内溶法加工成型，流散性好，装填方便。热量4564±84J／g，密度≥1.40
Q／HD15—81","[""5"", ""双醋—14—球23\nA"", """", ""硝化棉81.0±1.5，硝化甘油17.0±1.5，Ⅱ号中定剂≥1.2，石墨≤0.3,骨胶≤0.1，硫酸钠≤0.2，水分0.3—1.0，乙酸乙酯≤1.2"", ""平均球径≈0.23"", """", ""采用内溶法加工成型，流散性好，装填方便。热量4564±84J／g，密度≥1.40"", ""Q／HD15—81""]"
EVPD_ef23be55579200805105,MATPD_a65c180aa257be0dd855,SRCPD_ef23be55579200805105,非密-危险特性汇总表.docx,3,75,6,发射药,枪用双基发射药,B,"双醋—16 B
硝化甘油36.5；硝化棉62.5；中定剂≥1.0；水分0.7；EA≤1.2；其他0.5
爆热4730KJ／kg；火药力=1180K J／kg","[""6"", ""双醋—16 B"", ""SC—16"", ""硝化甘油36.5；硝化棉62.5；中定剂≥1.0；水分0.7；EA≤1.2；其他0.5"", """", """", ""爆热4730KJ／kg；火药力=1180K J／kg"", """"]"
EVPD_d2cbf7a880d2f1906f11,MATPD_824166ccd3a1f53516fc,SRCPD_d2cbf7a880d2f1906f11,非密-危险特性汇总表.docx,3,76,7,发射药,枪用双基发射药,A,"双醋—16—球40
A
硝化棉62.0±2.5，硝化甘油36.5±2.5，Ⅱ号中定剂≥1.0，石墨≤0.5，水分≤0.7，乙酸乙酯≤1.5
采用内溶法加工成型，流散性好，装填方便。热量4730±85J／g
Q／HD042.17—97","[""7"", ""双醋—16—球40\nA"", """", ""硝化棉62.0±2.5，硝化甘油36.5±2.5，Ⅱ号中定剂≥1.0，石墨≤0.5，水分≤0.7，乙酸乙酯≤1.5"", """", """", ""采用内溶法加工成型，流散性好，装填方便。热量4730±85J／g"", ""Q／HD042.17—97""]"
EVPD_d641dac3835765580116,MATPD_be2119cc32abca306adf,SRCPD_d641dac3835765580116,非密-危险特性汇总表.docx,3,78,1,发射药,炮用双基发射药,B,"双—11
B
硝化甘油40；硝化棉58.5；中定剂≥0.8；水分≤0.7；凡士林≤0.5
爆热4940KJ／kg；火药力=1172KJ／kg","[""1"", ""双—11\nB"", ""S—11"", ""硝化甘油40；硝化棉58.5；中定剂≥0.8；水分≤0.7；凡士林≤0.5"", """", """", ""爆热4940KJ／kg；火药力=1172KJ／kg"", """"]"
EVPD_3799567325db4e5458fa,MATPD_6e99b81dbf6a38e7fa63,SRCPD_3799567325db4e5458fa,非密-危险特性汇总表.docx,3,79,2,发射药,炮用双基发射药,B,"双—12
B
硝化甘油43.4；硝化棉55；中定剂1.5；水分0.4；氧化镁约0.05。其他0.45。
爆热5100KJ／kg","[""2"", ""双—12\nB"", ""S—12"", ""硝化甘油43.4；硝化棉55；中定剂1.5；水分0.4；氧化镁约0.05。其他0.45。"", """", """", ""爆热5100KJ／kg"", """"]"
EVPD_627efe02727060a7224e,MATPD_be2119cc32abca306adf,SRCPD_627efe02727060a7224e,非密-危险特性汇总表.docx,3,80,3,发射药,炮用双基发射药,A,"双—11
A
硝化棉58.5±0.9，硝化甘油40.0±0.9，中定剂≥0.8，凡士林≤0.5
药形多样，特征为环状、带状、小方片
具有能量高的特点。热量4940±84KJ／kg
GJB1733—93","[""3"", ""双—11\nA"", """", ""硝化棉58.5±0.9，硝化甘油40.0±0.9，中定剂≥0.8，凡士林≤0.5"", ""药形多样，特征为环状、带状、小方片"", """", ""具有能量高的特点。热量4940±84KJ／kg"", ""GJB1733—93""]"
EVPD_875afca782628cf05412,MATPD_6e99b81dbf6a38e7fa63,SRCPD_875afca782628cf05412,非密-危险特性汇总表.docx,3,81,4,发射药,炮用双基发射药,A,"双—12A
硝化棉55.0±1.5，硝化甘油43.4±1.5，中定剂1.5±0.3，氧化镁≈0.05，石墨≈0.05
药形多样，特征为环状、带状、小方片。
环状发射药,为防止粘片采用单面压花，具有高能量燃烧的特点。热量5100±100
Q／HD022.12—95","[""4"", ""双—12A"", """", ""硝化棉55.0±1.5，硝化甘油43.4±1.5，中定剂1.5±0.3，氧化镁≈0.05，石墨≈0.05"", ""药形多样，特征为环状、带状、小方片。"", """", ""环状发射药,为防止粘片采用单面压花，具有高能量燃烧的特点。热量5100±100"", ""Q／HD022.12—95""]"
EVPD_c9c7d4a5118a1aa9904e,MATPD_46c5ff82ebba09e1baf0,SRCPD_c9c7d4a5118a1aa9904e,非密-危险特性汇总表.docx,3,82,5,发射药,炮用双基发射药,A,"双芳—2—19／1—32
A
硝化棉56.0±1.0，硝化甘油25.0±0.7，二硝基甲苯9.0±1.0，苯二甲酸二丁酯6.0±0.7，Ⅰ或Ⅱ号中定剂3.0±0.5，凡士林1.0±0.4，水分≤0.7，硝化纤维素硝化度188—193.5ml／g
106.5℃维也里试验重复法≥65h
平均燃烧层厚度1.88—1.98mm；平均孔径2.05—2.35mm；平均长度320—8mm
具有低爆温、低烧蚀特点
GJB1733—93","[""5"", ""双芳—2—19／1—32\nA"", """", ""硝化棉56.0±1.0，硝化甘油25.0±0.7，二硝基甲苯9.0±1.0，苯二甲酸二丁酯6.0±0.7，Ⅰ或Ⅱ号中定剂3.0±0.5，凡士林1.0±0.4，水分≤0.7，硝化纤维素硝化度188—193.5ml／g"", ""平均燃烧层厚度1.88—1.98mm；平均孔径2.05—2.35mm；平均长度320—8mm"", ""106.5℃维也里试验重复法≥65h"", ""具有低爆温、低烧蚀特点"", ""GJB1733—93""]"
EVPD_43b66051ffea137d1bfe,MATPD_747b1ce55a7e8ccf5890,SRCPD_43b66051ffea137d1bfe,非密-危险特性汇总表.docx,3,83,6,发射药,炮用双基发射药,B,"双芳—3 B
硝化棉56.0±1.0，硝化甘油25.0±0.7，二硝基甲苯9.0±1.0，苯二甲酸二丁酯4.5±0.7，Ⅰ或Ⅱ号中定剂3.0±0.5，凡士林1.0±0.4，水分≤0.7，硝化纤维素硝化度188—193.5ml／g
106.5℃维也里试验重复法≥65h。
120℃压力法安定性试验至拐点时间大于220min，斜率小于0.50mm汞柱／min
双芳—3—16／1：平均燃烧层厚度1.50—1.63mm；平均孔径1.80—2.10mm；平均长度235—8mm
爆热3203KJ／kg；火药力=982KJ／kg","[""6"", ""双芳—3 B"", ""SF—3"", ""硝化棉56.0±1.0，硝化甘油25.0±0.7，二硝基甲苯9.0±1.0，苯二甲酸二丁酯4.5±0.7，Ⅰ或Ⅱ号中定剂3.0±0.5，凡士林1.0±0.4，水分≤0.7，硝化纤维素硝化度188—193.5ml／g"", ""双芳—3—16／1：平均燃烧层厚度1.50—1.63mm；平均孔径1.80—2.10mm；平均长度235—8mm"", ""106.5℃维也里试验重复法≥65h。\n120℃压力法安定性试验至拐点时间大于220min，斜率小于0.50mm汞柱／min"", ""爆热3203KJ／kg；火药力=982KJ／kg"", """"]"
EVPD_4b2c6334ec52ac8e076a,MATPD_9f0d17dcf28136054715,SRCPD_4b2c6334ec52ac8e076a,非密-危险特性汇总表.docx,3,84,7,发射药,炮用双基发射药,A,"双芳—3—18／1—26（双球—35）A
3号硝化棉56.0，硝化甘油26.5，二硝基甲苯9.0，苯二甲酸二丁酯4.5，Ⅱ号中定剂3.0，凡士林1.0，水分≤0.7
平均长度252—260mm，平均孔径1.90—2.30mm；平均燃烧层厚度1.67—1.77mm；弧厚差≤0.10，偏心度≤0.20
具有低烧蚀性特点。
密度：154g／cm3，爆热3203±42KJ／kg
GJB1733—93","[""7"", ""双芳—3—18／1—26（双球—35）A"", """", ""3号硝化棉56.0，硝化甘油26.5，二硝基甲苯9.0，苯二甲酸二丁酯4.5，Ⅱ号中定剂3.0，凡士林1.0，水分≤0.7"", ""平均长度252—260mm，平均孔径1.90—2.30mm；平均燃烧层厚度1.67—1.77mm；弧厚差≤0.10，偏心度≤0.20"", """", ""具有低烧蚀性特点。\n密度：154g／cm3，爆热3203±42KJ／kg"", ""GJB1733—93""]"
EVPD_7ee4e11fcb93166e51f7,MATPD_f461e48cce2526122752,SRCPD_7ee4e11fcb93166e51f7,非密-危险特性汇总表.docx,3,85,8,发射药,炮用双基发射药,A,"双芳—3—16／1—23（双球—35）A
3号硝化棉56.0，硝化甘油26.5，二硝基甲苯9.0，苯二甲酸二丁酯4.5，Ⅱ号中定剂3.0，凡士林1.0，水分≤0.7
平均长度227—235mm，平均孔径1.80—2.10mm；平均燃烧层厚度1.59士0.05mm；厚度差≤0.10，偏心度≤0.20
具有低烧蚀性特点。
密度：154g／cm3，爆热3203±42KJ／kg
GJB1733—93","[""8"", ""双芳—3—16／1—23（双球—35）A"", """", ""3号硝化棉56.0，硝化甘油26.5，二硝基甲苯9.0，苯二甲酸二丁酯4.5，Ⅱ号中定剂3.0，凡士林1.0，水分≤0.7"", ""平均长度227—235mm，平均孔径1.80—2.10mm；平均燃烧层厚度1.59士0.05mm；厚度差≤0.10，偏心度≤0.20"", """", ""具有低烧蚀性特点。\n密度：154g／cm3，爆热3203±42KJ／kg"", ""GJB1733—93""]"
EVPD_f2cfd4420241293f3ce0,MATPD_a745390fe990ad65fb2a,SRCPD_f2cfd4420241293f3ce0,非密-危险特性汇总表.docx,3,86,9,发射药,炮用双基发射药,,"双芳—3—23／1—37（双球—35）
3号硝化棉56.0，硝化甘油256.5，二硝基甲苯9.0，苯二甲酸二丁酯4.5，Ⅱ号中定剂3.0，凡士林1.0，水分≤0.7
平均长度362—370mm，平均孔径2.30—2.60mm；平均燃烧层厚度2.20—2.35mm；厚度差≤0.15，偏心度≤0.25
具有低烧蚀性特点。
密度：154g／cm3，爆热3203±42KJ／kg
GJB1733—93","[""9"", ""双芳—3—23／1—37（双球—35）"", """", ""3号硝化棉56.0，硝化甘油256.5，二硝基甲苯9.0，苯二甲酸二丁酯4.5，Ⅱ号中定剂3.0，凡士林1.0，水分≤0.7"", ""平均长度362—370mm，平均孔径2.30—2.60mm；平均燃烧层厚度2.20—2.35mm；厚度差≤0.15，偏心度≤0.25"", """", ""具有低烧蚀性特点。\n密度：154g／cm3，爆热3203±42KJ／kg"", ""GJB1733—93""]"
EVPD_0c1766bb3bee0e29098d,MATPD_5ebcb4f2dc71a11f3396,SRCPD_0c1766bb3bee0e29098d,非密-危险特性汇总表.docx,3,87,10,发射药,炮用双基发射药,A,"乙芳—3—19／1—32
A
硝化棉62.5±1.0，硝化二乙二醇29.5±1.0，二硝基甲苯4.0±1.0，Ⅰ或Ⅱ号中定剂3.0±0.5，凡士林1.0±0.4，水分≤0.7，硝化纤维素硝化度188—193.5ml／g
106.5℃维也里试验重复法≥65h
平均燃烧层厚度1.90—1.98mm；平均孔径2.50—2.70mm；平均长度320—8mm
具有低爆温、低烧蚀特点。Q=3197
GJB1733—93","[""10"", ""乙芳—3—19／1—32\nA"", ""无"", ""硝化棉62.5±1.0，硝化二乙二醇29.5±1.0，二硝基甲苯4.0±1.0，Ⅰ或Ⅱ号中定剂3.0±0.5，凡士林1.0±0.4，水分≤0.7，硝化纤维素硝化度188—193.5ml／g"", ""平均燃烧层厚度1.90—1.98mm；平均孔径2.50—2.70mm；平均长度320—8mm"", ""106.5℃维也里试验重复法≥65h"", ""具有低爆温、低烧蚀特点。Q=3197"", ""GJB1733—93""]"
EVPD_d6afdaaab15f77406937,MATPD_38f25ae6a85da9759a33,SRCPD_d6afdaaab15f77406937,非密-危险特性汇总表.docx,3,88,11,发射药,炮用双基发射药,B,"双乙芳—3 B
硝化二乙二醇29.5；硝化棉62.5；中定剂3；水分≤0.7；凡士林1。其他1.4
爆热3203KJ／kg；火药力=796KJ／kg","[""11"", ""双乙芳—3 B"", ""SYF—3"", ""硝化二乙二醇29.5；硝化棉62.5；中定剂3；水分≤0.7；凡士林1。其他1.4"", """", """", ""爆热3203KJ／kg；火药力=796KJ／kg"", """"]"
EVPD_70732f6c0a7eace0ff1e,MATPD_8541712c7dec8547ac91,SRCPD_70732f6c0a7eace0ff1e,非密-危险特性汇总表.docx,3,89,12,发射药,炮用双基发射药,"A,B","双乙—2—19／1—32
A B
硝化棉62.0±1.0，硝化二乙二醇31.3±1.0，苯二甲酸二丁酯2.7±0.7，Ⅰ或Ⅱ号中定剂3.0±0.5，凡士林1.0±0.4，水分≤0.7，硝化纤维素硝化度188—193.5ml／g
106.5℃维也里试验重复法≥65h
平均燃烧层厚度1.90±0.05mm；平均孔径2.1—2.4mm；平均长度328—8mm
具有低爆温、低烧蚀特点。
Q／HD042.14—95","[""12"", ""双乙—2—19／1—32\nA B"", ""SY—2"", ""硝化棉62.0±1.0，硝化二乙二醇31.3±1.0，苯二甲酸二丁酯2.7±0.7，Ⅰ或Ⅱ号中定剂3.0±0.5，凡士林1.0±0.4，水分≤0.7，硝化纤维素硝化度188—193.5ml／g"", ""平均燃烧层厚度1.90±0.05mm；平均孔径2.1—2.4mm；平均长度328—8mm"", ""106.5℃维也里试验重复法≥65h"", ""具有低爆温、低烧蚀特点。"", ""Q／HD042.14—95""]"
EVPD_3a1a055fac4ea123366c,MATPD_772d1c519b191ac207e2,SRCPD_3a1a055fac4ea123366c,非密-危险特性汇总表.docx,3,90,13,发射药,炮用双基发射药,"A,B","双醋—11发射药A B
硝化棉68.0±2.5，硝化甘油29.5±2.5，Ⅱ号中定剂≥1.4，石墨≤0.6，乙酸乙酯≤1.5，水分≤0.7
采用外溶法加工成型，流散性好，装填方便。密度≥1.55g／m3。热量4860±85J／g
GJB1733—93","[""13"", ""双醋—11发射药A B"", ""SC—11"", ""硝化棉68.0±2.5，硝化甘油29.5±2.5，Ⅱ号中定剂≥1.4，石墨≤0.6，乙酸乙酯≤1.5，水分≤0.7"", """", """", ""采用外溶法加工成型，流散性好，装填方便。密度≥1.55g／m3。热量4860±85J／g"", ""GJB1733—93""]"
EVPD_1c6e703f866fd12dcffc,MATPD_3505b55dc7ad2f4eb370,SRCPD_1c6e703f866fd12dcffc,非密-危险特性汇总表.docx,3,91,14,发射药,炮用双基发射药,A,"双醋—57—15／50
A
硝化棉63.5±2.5，硝化甘油34±2.5，乙酸乙酯≤0.6
平均燃烧层厚度0.57±0.03mm；平均孔径≈1.5mm；平均外径≈5mm
采用外溶法加工成型，流散性好，装填方便。
Q／HCJS.G410—99","[""14"", ""双醋—57—15／50\nA"", """", ""硝化棉63.5±2.5，硝化甘油34±2.5，乙酸乙酯≤0.6"", ""平均燃烧层厚度0.57±0.03mm；平均孔径≈1.5mm；平均外径≈5mm"", """", ""采用外溶法加工成型，流散性好，装填方便。"", ""Q／HCJS.G410—99""]"
EVPD_1e139bcceaa6984702f7,MATPD_f7674fd8a3251cea92d0,SRCPD_1e139bcceaa6984702f7,非密-危险特性汇总表.docx,3,92,15,发射药,炮用双基发射药,A,"双球—35A
硝化棉余数，硝化甘油24—32，Ⅱ号中定剂≥1.0，石墨≤0.5，乙酸乙酯≤1.0，水分0.2—0.9
134.5℃甲基紫试验，至变色时间≥40min，不爆炸时间≥5h
平均燃烧层厚度0.25—0.4mm；比表面55—90cm2／g
经石墨光泽的双基小粒药，具有流散性好，装填方便的特点。密度＞1.50 g／m3
Q／HE2—65—1987","[""15"", ""双球—35A"", """", ""硝化棉余数，硝化甘油24—32，Ⅱ号中定剂≥1.0，石墨≤0.5，乙酸乙酯≤1.0，水分0.2—0.9"", ""平均燃烧层厚度0.25—0.4mm；比表面55—90cm2／g"", ""134.5℃甲基紫试验，至变色时间≥40min，不爆炸时间≥5h"", ""经石墨光泽的双基小粒药，具有流散性好，装填方便的特点。密度＞1.50 g／m3"", ""Q／HE2—65—1987""]"
EVPD_d74c961dd6866f8fd9d2,MATPD_7b7ecf4a3ba145c1a636,SRCPD_d74c961dd6866f8fd9d2,非密-危险特性汇总表.docx,3,93,16,发射药,炮用双基发射药,B,"航弹点火药柱B
硝化甘油34.5；硝化棉53.5；中定剂2.5；水分≤0.7；特黑1.5。其他3。
爆热3810KJ／kg","[""16"", ""航弹点火药柱B"", ""SJa—1"", ""硝化甘油34.5；硝化棉53.5；中定剂2.5；水分≤0.7；特黑1.5。其他3。"", """", """", ""爆热3810KJ／kg"", """"]"
EVPD_95d425f8f1e491252a7d,MATPD_23ff7d03bfe306533dd9,SRCPD_95d425f8f1e491252a7d,非密-危险特性汇总表.docx,3,94,17,发射药,炮用双基发射药,B,"双吉—1
B
硝化甘油22.5；硝化棉56.5；中定剂2.5；凡士林0.8；其他27
爆热4600KJ／kg","[""17"", ""双吉—1\nB"", ""无"", ""硝化甘油22.5；硝化棉56.5；中定剂2.5；凡士林0.8；其他27"", """", """", ""爆热4600KJ／kg"", """"]"
EVPD_3fea5a709bbbe1d463ec,MATPD_1b88daf95b07b7aa9322,SRCPD_3fea5a709bbbe1d463ec,非密-危险特性汇总表.docx,3,96,1,发射药,炮用三基发射药,B,"三胍—11 B
硝化棉24—30；硝化甘油20—24；硝基胍45—50；中定剂1.5；其他1.0
爆热4090KJ／kg；火药力=1087KJ／kg","[""1"", ""三胍—11 B"", ""AGu—11"", ""硝化棉24—30；硝化甘油20—24；硝基胍45—50；中定剂1.5；其他1.0"", """", """", ""爆热4090KJ／kg；火药力=1087KJ／kg"", """"]"
EVPD_54995046ec1e12e29aca,MATPD_19f62d4e8a10ba9914b1,SRCPD_54995046ec1e12e29aca,非密-危险特性汇总表.docx,3,97,2,发射药,炮用三基发射药,B,"三胍—12
B
硝化棉26—32；硝化甘油18—22；硝基胍45—50；中定剂1.5；其他1.0
爆热3980KJ／kg；火药力=1075KJ／kg","[""2"", ""三胍—12\nB"", ""AGu—12"", ""硝化棉26—32；硝化甘油18—22；硝基胍45—50；中定剂1.5；其他1.0"", """", """", ""爆热3980KJ／kg；火药力=1075KJ／kg"", """"]"
EVPD_2a5e9433c7d28e651fa0,MATPD_e6481a1cd70256a48e8c,SRCPD_2a5e9433c7d28e651fa0,非密-危险特性汇总表.docx,3,98,3,发射药,炮用三基发射药,B,"三胍—13 B
硝化棉26—32；硝化甘油14—18；硝基胍45—50；中定剂≥1.3；其他7.0
爆热3720KJ／kg；火药力=1047KJ／kg","[""3"", ""三胍—13 B"", ""AGu—13"", ""硝化棉26—32；硝化甘油14—18；硝基胍45—50；中定剂≥1.3；其他7.0"", """", """", ""爆热3720KJ／kg；火药力=1047KJ／kg"", """"]"
EVPD_8827cb7674fb3cd77f6d,MATPD_c0a372e6ec502b77aad4,SRCPD_8827cb7674fb3cd77f6d,非密-危险特性汇总表.docx,3,99,4,发射药,炮用三基发射药,B,"三胍—15
B
硝化棉26—32；硝化甘油20—24；硝基胍45—50；中定剂1.5；其他1.7
爆热4020KJ／kg；火药力=1081KJ／kg","[""4"", ""三胍—15\nB"", ""AGu—15"", ""硝化棉26—32；硝化甘油20—24；硝基胍45—50；中定剂1.5；其他1.7"", """", """", ""爆热4020KJ／kg；火药力=1081KJ／kg"", """"]"
EVPD_56e5f09a3f9c0e1651d7,MATPD_33101b3bb0033a9ce9b1,SRCPD_56e5f09a3f9c0e1651d7,非密-危险特性汇总表.docx,3,100,5,发射药,炮用三基发射药,B,"三胍—16
B
硝化棉38—42；硝化甘油26—30；硝基胍25—32；中定剂1.5；其他1.0
爆热4350KJ／kg；火药力=1128KJ／kg","[""5"", ""三胍—16\nB"", ""AGu—16"", ""硝化棉38—42；硝化甘油26—30；硝基胍25—32；中定剂1.5；其他1.0"", """", """", ""爆热4350KJ／kg；火药力=1128KJ／kg"", """"]"
EVPD_8b156c1c549863bb1d3d,MATPD_93420b74882512f22e31,SRCPD_8b156c1c549863bb1d3d,非密-危险特性汇总表.docx,3,101,6,发射药,炮用三基发射药,B,"三胍—16A B
硝化棉38—42；硝化甘油26—30；硝基胍25—32；中定剂≥1.5；其他2.0
爆热4350KJ／kg；火药力=1128KJ／kg","[""6"", ""三胍—16A B"", ""AGu—16A"", ""硝化棉38—42；硝化甘油26—30；硝基胍25—32；中定剂≥1.5；其他2.0"", """", """", ""爆热4350KJ／kg；火药力=1128KJ／kg"", """"]"
EVPD_813bafe72f91f6903618,MATPD_69767b0460a21b637031,SRCPD_813bafe72f91f6903618,非密-危险特性汇总表.docx,3,102,7,发射药,炮用三基发射药,A,"棒状开槽发射药A
硝化棉21.00±1.30，硝化甘油20.00±1.00，硝基胍57.2±1.00，中定剂1.50±0.20，冰晶石0.30±0.10
具有烧蚀较低、温度系数较小、炮焰较少、性能稳定等特点。爆热3850±85 KJ／kg","[""7"", ""棒状开槽发射药A"", """", ""硝化棉21.00±1.30，硝化甘油20.00±1.00，硝基胍57.2±1.00，中定剂1.50±0.20，冰晶石0.30±0.10"", """", """", ""具有烧蚀较低、温度系数较小、炮焰较少、性能稳定等特点。爆热3850±85 KJ／kg"", """"]"
EVPD_ecda884e91943ca5f704,MATPD_e7d64225d0b78596f770,SRCPD_ecda884e91943ca5f704,非密-危险特性汇总表.docx,3,104,1,发射药,混合硝酸酯发射药,,"酯太—11A，
硝化棉：余量；硝化甘油22；中定剂2；太根5—15；其他11
爆热4440KJ／kg；火药力1128KJ／kg","[""1"", ""酯太—11A，"", ""ZT—11A"", ""硝化棉：余量；硝化甘油22；中定剂2；太根5—15；其他11"", """", """", ""爆热4440KJ／kg；火药力1128KJ／kg"", """"]"
EVPD_58d114530500ed6edf5c,MATPD_3540587e76a70a28ca46,SRCPD_58d114530500ed6edf5c,非密-危险特性汇总表.docx,3,105,2,发射药,混合硝酸酯发射药,,"酯太—12A
硝化棉：余量；硝化甘油28；中定剂2；太根5—15；残溶≤0.6；其他11.2
爆热4500KJ／kg；火药力1128KJ／kg","[""2"", ""酯太—12A"", ""ZT—12A"", ""硝化棉：余量；硝化甘油28；中定剂2；太根5—15；残溶≤0.6；其他11.2"", """", """", ""爆热4500KJ／kg；火药力1128KJ／kg"", """"]"
EVPD_ea655a81d5e972b5bfe5,MATPD_0de3711a3e2e680065f5,SRCPD_ea655a81d5e972b5bfe5,非密-危险特性汇总表.docx,3,107,1,发射药,硝胺发射药,,"高能低烧蚀叠氮硝胺发射药
硝化棉55—65；硝化甘油8—15；中定剂1—2.0；二硝基甲苯0.01—5；凡士林0.01—2.0
爆热3604—4133KJ／kg；火药力1128—1177KJ／kg","[""1"", ""高能低烧蚀叠氮硝胺发射药"", ""DA"", ""硝化棉55—65；硝化甘油8—15；中定剂1—2.0；二硝基甲苯0.01—5；凡士林0.01—2.0"", """", """", ""爆热3604—4133KJ／kg；火药力1128—1177KJ／kg"", """"]"
EVPD_813c9886eff9b49f1529,MATPD_b1306235e2f40e90f7f2,SRCPD_813c9886eff9b49f1529,非密-危险特性汇总表.docx,3,108,2,发射药,硝胺发射药,,"高能硝胺发射药
硝化棉30—40；硝化甘油20—25；中定剂1—2.0；NQ10—15；黑索今20—25； DOP3.0—3.5
爆热4812—4887KJ／kg；火药力1200—1226KJ／kg","[""2"", ""高能硝胺发射药"", ""RGD7"", ""硝化棉30—40；硝化甘油20—25；中定剂1—2.0；NQ10—15；黑索今20—25； DOP3.0—3.5"", """", """", ""爆热4812—4887KJ／kg；火药力1200—1226KJ／kg"", """"]"
EVPD_58d2be6d533cbd5b1a14,MATPD_e23d983c958d8df1b2f2,SRCPD_58d2be6d533cbd5b1a14,非密-危险特性汇总表.docx,3,109,3,发射药,硝胺发射药,,"GR5发射药
硝化棉40—45；硝化甘油15—25；中定剂1—2.0；二硝基甲苯3—5；黑索今20—30；DBP5—7
爆热4357—4418KJ／kg；火药力1177—1128KJ／kg","[""3"", ""GR5发射药"", ""GR5"", ""硝化棉40—45；硝化甘油15—25；中定剂1—2.0；二硝基甲苯3—5；黑索今20—30；DBP5—7"", """", """", ""爆热4357—4418KJ／kg；火药力1177—1128KJ／kg"", """"]"
EVPD_f0cb6e989be86f296fe8,MATPD_63e16a6b884e1dfb932b,SRCPD_f0cb6e989be86f296fe8,非密-危险特性汇总表.docx,3,110,4,发射药,硝胺发射药,,"三黑—12发射药
硝化棉40—50；硝化甘油18—20；中定剂1—2.0；二硝基甲苯3—4.0；黑索今20—25；DBP6.0—8.0
爆热4223—4238KJ／kg；火药力1176—1128KJ／kg","[""4"", ""三黑—12发射药"", ""AH—12"", ""硝化棉40—50；硝化甘油18—20；中定剂1—2.0；二硝基甲苯3—4.0；黑索今20—25；DBP6.0—8.0"", """", """", ""爆热4223—4238KJ／kg；火药力1176—1128KJ／kg"", """"]"
EVPD_d02b5ffe288a789fcec1,MATPD_bdd6b2734d919445a180,SRCPD_d02b5ffe288a789fcec1,非密-危险特性汇总表.docx,3,112,1,发射药,枪用小粒球扁发射药,,"双中硝—11—球
硝化棉：余量；硝化甘油8—11；中定剂2—8；其他≤4.4
爆热3640KJ／kg；火药力1020KJ／kg","[""1"", ""双中硝—11—球"", ""Szhxi—11—Q"", ""硝化棉：余量；硝化甘油8—11；中定剂2—8；其他≤4.4"", """", """", ""爆热3640KJ／kg；火药力1020KJ／kg"", """"]"
EVPD_67f0043afd057e040762,MATPD_4b24484415efffdcc2af,SRCPD_67f0043afd057e040762,非密-危险特性汇总表.docx,3,113,2,发射药,枪用小粒球扁发射药,,"双苯—12—球
硝化棉：余量；硝化甘油9—15；二苯胺0.2—1.0；其他9.0
爆热3755KJ／kg；火药力1136KJ／kg","[""2"", ""双苯—12—球"", ""SBe—12—Q"", ""硝化棉：余量；硝化甘油9—15；二苯胺0.2—1.0；其他9.0"", """", """", ""爆热3755KJ／kg；火药力1136KJ／kg"", """"]"
EVPD_8605447aae1a13d279c7,MATPD_9e08224e3b599c9f9362,SRCPD_8605447aae1a13d279c7,非密-危险特性汇总表.docx,3,114,3,发射药,枪用小粒球扁发射药,,"双苯—13—球
硝化棉：余量；硝化甘油14.3；中定剂0.5—2.0；其他≤4.3
爆热3986KJ／kg；火药力1086KJ／kg","[""3"", ""双苯—13—球"", ""SBe—13—Q"", ""硝化棉：余量；硝化甘油14.3；中定剂0.5—2.0；其他≤4.3"", """", """", ""爆热3986KJ／kg；火药力1086KJ／kg"", """"]"
EVPD_b0e0c755d34f3733baeb,MATPD_3463bad751ced58c69c3,SRCPD_b0e0c755d34f3733baeb,非密-危险特性汇总表.docx,3,115,4,发射药,枪用小粒球扁发射药,,"双苯—14—球
硝化棉：余量；硝化甘油14.5；中定剂3.5；其他≤5.3
爆热3655KJ／kg；火药力1029KJ／kg","[""4"", ""双苯—14—球"", ""SBe—14—Q"", ""硝化棉：余量；硝化甘油14.5；中定剂3.5；其他≤5.3"", """", """", ""爆热3655KJ／kg；火药力1029KJ／kg"", """"]"
EVPD_8baecc9ba9e7b03e16e3,MATPD_1116b3c1dee1cb74790f,SRCPD_8baecc9ba9e7b03e16e3,非密-危险特性汇总表.docx,3,116,5,发射药,枪用小粒球扁发射药,,"双苯—15—球
硝化棉79.5；硝化甘油13.3；中定剂≥1.1；其他≤4.3
爆热3335KJ／kg；火药力1027KJ／kg","[""5"", ""双苯—15—球"", ""SBe—15—Q"", ""硝化棉79.5；硝化甘油13.3；中定剂≥1.1；其他≤4.3"", """", """", ""爆热3335KJ／kg；火药力1027KJ／kg"", """"]"
EVPD_f8e4eb4e8b4cf3ff03a3,MATPD_774eb8327fc052a34862,SRCPD_f8e4eb4e8b4cf3ff03a3,非密-危险特性汇总表.docx,3,117,6,发射药,枪用小粒球扁发射药,,"双苯—16—球
硝化棉：余量；硝化甘油12；中定剂3；其他≤4.8
爆热3730KJ／kg；火药力1036KJ／kg","[""6"", ""双苯—16—球"", ""SBe—16—Q"", ""硝化棉：余量；硝化甘油12；中定剂3；其他≤4.8"", """", """", ""爆热3730KJ／kg；火药力1036KJ／kg"", """"]"
EVPD_7b945fad219374853ce0,MATPD_286010867df6cd1488cc,SRCPD_7b945fad219374853ce0,非密-危险特性汇总表.docx,3,118,7,发射药,枪用小粒球扁发射药,,"双苯—球
硝化棉：余量；硝化甘油11；中定剂：≥1.5；≥0.2；其他≤6.5
爆热3141KJ／kg；火药力997KJ／kg","[""7"", ""双苯—球"", ""SBe—Q"", ""硝化棉：余量；硝化甘油11；中定剂：≥1.5；≥0.2；其他≤6.5"", """", """", ""爆热3141KJ／kg；火药力997KJ／kg"", """"]"
EVPD_45377927123f1586d741,MATPD_e6fbfac46b7f123e6460,SRCPD_45377927123f1586d741,非密-危险特性汇总表.docx,3,119,8,发射药,枪用小粒球扁发射药,,"酯太—13—球
硝化棉：余量；硝化甘油6.5—10.5；中定剂1.3—2.3；其他≤4.3
爆热3755KJ／kg；火药力1027KJ／kg","[""8"", ""酯太—13—球"", ""ZT—13—Q"", ""硝化棉：余量；硝化甘油6.5—10.5；中定剂1.3—2.3；其他≤4.3"", """", """", ""爆热3755KJ／kg；火药力1027KJ／kg"", """"]"
EVPD_d263851ce1eab0202edb,MATPD_824947e064e90dc65315,SRCPD_d263851ce1eab0202edb,非密-危险特性汇总表.docx,3,120,9,发射药,枪用小粒球扁发射药,,"酯太—14—球
硝化棉：余量；硝化甘油6.5—10.5；中定剂1.3—2.3；其他≤4.3
爆热3900KJ／kg；火药力1079KJ／kg","[""9"", ""酯太—14—球"", ""ZT—14—Q"", ""硝化棉：余量；硝化甘油6.5—10.5；中定剂1.3—2.3；其他≤4.3"", """", """", ""爆热3900KJ／kg；火药力1079KJ／kg"", """"]"
EVPD_c8fe89781e9d18fc72b3,MATPD_54c93e3f90408e48b050,SRCPD_c8fe89781e9d18fc72b3,非密-危险特性汇总表.docx,3,121,10,发射药,枪用小粒球扁发射药,,"双醋—12A—球
硝化棉：余量；硝化甘油24—32；中定剂≥1.0；其他≤2.2
爆热4726KJ／kg；火药力1270KJ／kg","[""10"", ""双醋—12A—球"", ""SC—12A—Q"", ""硝化棉：余量；硝化甘油24—32；中定剂≥1.0；其他≤2.2"", """", """", ""爆热4726KJ／kg；火药力1270KJ／kg"", """"]"
EVPD_209ee97fd1181caa8112,MATPD_24fd5cc46b868ceb8f09,SRCPD_209ee97fd1181caa8112,非密-危险特性汇总表.docx,3,122,11,发射药,枪用小粒球扁发射药,,"双醋—16—粒
硝化棉63.5；硝化甘油34；中定剂≥1.3；其他≤2.0
爆热4885KJ／kg；火药力1167KJ／kg","[""11"", ""双醋—16—粒"", ""SC—16—L"", ""硝化棉63.5；硝化甘油34；中定剂≥1.3；其他≤2.0"", """", """", ""爆热4885KJ／kg；火药力1167KJ／kg"", """"]"
EVPD_4034328979e7e49f5ced,MATPD_ba604fdf2ecc706bd8d3,SRCPD_4034328979e7e49f5ced,非密-危险特性汇总表.docx,3,124,1,发射药,炮用小粒球扁发射药,,"双球扁—35
硝化棉：余量；硝化甘油24—32；中定剂≥1.0；其他≤1.5
爆热4726KJ／kg；火药力1270KJ／kg","[""1"", ""双球扁—35"", ""SQB—35"", ""硝化棉：余量；硝化甘油24—32；中定剂≥1.0；其他≤1.5"", """", """", ""爆热4726KJ／kg；火药力1270KJ／kg"", """"]"
EVPD_bc5efa1923ed379747f2,MATPD_9f13a8b28fdc4f8ad56c,SRCPD_bc5efa1923ed379747f2,非密-危险特性汇总表.docx,3,125,2,发射药,炮用小粒球扁发射药,,"双醋—13—球
硝化棉81；硝化甘油15；中定剂2；其他≤1.7。
爆热3500KJ／kg；火药力1106KJ／kg","[""2"", ""双醋—13—球"", ""SC—13—Q"", ""硝化棉81；硝化甘油15；中定剂2；其他≤1.7。"", """", """", ""爆热3500KJ／kg；火药力1106KJ／kg"", """"]"
EVPD_09ad640c1029bcc15b44,MATPD_f9020217392bc1943dd2,SRCPD_09ad640c1029bcc15b44,非密-危险特性汇总表.docx,4,4,1,推进剂,双基推进剂,B,"双铅—2
B
硝化棉（N12%）59.5±1.0，硝化甘油25±0.7，二硝基甲苯8.8±1.0，Ⅱ号中定剂3±0.4，凡士林1.2±0.4，氧化铅1.2±0.3，碳酸钙1.3±0.3
106.5℃维也里试验，普通法≥7h，重复法≥65h
爆热848.0kcal／kg，比冲=1960N·s／kg，燃速=10mm／s，摩擦感度16%，撞击感度50%","[""1"", ""双铅—2\nB"", ""SQ—2"", ""硝化棉（N12%）59.5±1.0，硝化甘油25±0.7，二硝基甲苯8.8±1.0，Ⅱ号中定剂3±0.4，凡士林1.2±0.4，氧化铅1.2±0.3，碳酸钙1.3±0.3"", ""106.5℃维也里试验，普通法≥7h，重复法≥65h"", ""爆热848.0kcal／kg，比冲=1960N·s／kg，燃速=10mm／s，摩擦感度16%，撞击感度50%""]"
EVPD_d9645cbafb8ce35282fb,MATPD_c078a4fbe01e9c35ba9b,SRCPD_d9645cbafb8ce35282fb,非密-危险特性汇总表.docx,4,5,2,推进剂,双基推进剂,B,"双铅一l B
硝化棉（N12%）56.0±1.0，硝化甘油26.7±0.7，二硝基甲苯11.3±1.0，Ⅱ号中定剂3.0±0.4，凡士林1.2±0.4，氧化铅0.9±0.3，碳酸钙0.9±0.3
106.5℃维也里试验，普通法≥7h，重复法≥65h
定容爆热854kcal／kg，比容811.1L／kg，比冲1960N·s／kg，燃速10mm／s","[""2"", ""双铅一l B"", ""SQ—l"", ""硝化棉（N12%）56.0±1.0，硝化甘油26.7±0.7，二硝基甲苯11.3±1.0，Ⅱ号中定剂3.0±0.4，凡士林1.2±0.4，氧化铅0.9±0.3，碳酸钙0.9±0.3"", ""106.5℃维也里试验，普通法≥7h，重复法≥65h"", ""定容爆热854kcal／kg，比容811.1L／kg，比冲1960N·s／kg，燃速10mm／s""]"
EVPD_b6419aac14e11c0f5c49,MATPD_0c32d92626e5a3ad8490,SRCPD_b6419aac14e11c0f5c49,非密-危险特性汇总表.docx,4,6,3,推进剂,双基推进剂,B,"双钴一l B
硝化棉（N12%）56.0±1.0，硝化甘油27±0.1，二硝基甲苯8.15±1.0，Ⅱ号中定剂2.5±0.5，碳酸铅3.5±0.5，二氧化钛1.2±0.5，三氧化二钴0.5±0.3，凡士林1.0±0.4，其他0.15
106.5℃维也里试验，普通法≥7h，重复法≥70h
定容爆热862kcal／kg，比容753L／kg，比冲1960 N·s／kg，燃速10mm／s","[""3"", ""双钴一l B"", ""SG—l"", ""硝化棉（N12%）56.0±1.0，硝化甘油27±0.1，二硝基甲苯8.15±1.0，Ⅱ号中定剂2.5±0.5，碳酸铅3.5±0.5，二氧化钛1.2±0.5，三氧化二钴0.5±0.3，凡士林1.0±0.4，其他0.15"", ""106.5℃维也里试验，普通法≥7h，重复法≥70h"", ""定容爆热862kcal／kg，比容753L／kg，比冲1960 N·s／kg，燃速10mm／s""]"
EVPD_ede6e936cc7b92e4927a,MATPD_c48729d3651156ef299f,SRCPD_ede6e936cc7b92e4927a,非密-危险特性汇总表.docx,4,7,4,推进剂,双基推进剂,B,"双钴一lA
B
硝化棉（N12%）56.5，硝化甘油26.8，二硝基甲苯9.2，其他≤0.15
比冲1960 N·s／kg，燃速10mm／s","[""4"", ""双钴一lA\nB"", ""SG-lA"", ""硝化棉（N12%）56.5，硝化甘油26.8，二硝基甲苯9.2，其他≤0.15"", """", ""比冲1960 N·s／kg，燃速10mm／s""]"
EVPD_42552aac378c282fc895,MATPD_3065a840a5c093e27701,SRCPD_42552aac378c282fc895,非密-危险特性汇总表.docx,4,8,5,推进剂,双基推进剂,B,"双钴一2 B
硝化棉（N12%）56.0±1.0，硝化甘油27.2±0.7，二硝基甲苯8.3±1.0，Ⅱ号中定剂2.5±0.5，碳酸铅3.0±0.5，二氧化钛1.2±0.3，三氧化二钴0.4±0.3，凡士林1.0±0.4，其他0.4±0.2
定容爆热862kcal／kg，比容761.5L／kg，比冲1960N·s／kg，燃速12mm／s","[""5"", ""双钴一2 B"", ""SC一2"", ""硝化棉（N12%）56.0±1.0，硝化甘油27.2±0.7，二硝基甲苯8.3±1.0，Ⅱ号中定剂2.5±0.5，碳酸铅3.0±0.5，二氧化钛1.2±0.3，三氧化二钴0.4±0.3，凡士林1.0±0.4，其他0.4±0.2"", """", ""定容爆热862kcal／kg，比容761.5L／kg，比冲1960N·s／kg，燃速12mm／s""]"
EVPD_4433fab497c0a4992626,MATPD_8fbec213443813dc3d9e,SRCPD_4433fab497c0a4992626,非密-危险特性汇总表.docx,4,9,6,推进剂,双基推进剂,,"双芳镁一l
硝化棉（N12%）57.0±1.0，硝化甘油26.0±0.7，二硝基甲苯12.0±1.0，苯二甲酸二丁酯2.0±0.5，凡士林1.0±0.4，氧化镁2.0±0.5
定容爆热885.0kcal／kg，比容767.5L／kg，比冲1960N·s／kg，燃速10mm／s","[""6"", ""双芳镁一l"", ""SFM～l"", ""硝化棉（N12%）57.0±1.0，硝化甘油26.0±0.7，二硝基甲苯12.0±1.0，苯二甲酸二丁酯2.0±0.5，凡士林1.0±0.4，氧化镁2.0±0.5"", """", ""定容爆热885.0kcal／kg，比容767.5L／kg，比冲1960N·s／kg，燃速10mm／s""]"
EVPD_bf4c2264eff77973bd1f,MATPD_73dd86fcf485ce60a59b,SRCPD_bf4c2264eff77973bd1f,非密-危险特性汇总表.docx,4,10,7,推进剂,双基推进剂,,"双芳镁一2
硝化棉（N12%）57.0±1.0，硝化甘油24.0±0.7，二硝基甲苯13.0±1.0，苯二甲酸二丁酯2.8±0.5，凡士林1.2±0.4，氧化镁2.0±0.5
106.5℃维也里试验，普通法≥7h，重复法≥50h
比冲1960N·s／kg，燃速10mm／s","[""7"", ""双芳镁一2"", ""SFM～2"", ""硝化棉（N12%）57.0±1.0，硝化甘油24.0±0.7，二硝基甲苯13.0±1.0，苯二甲酸二丁酯2.8±0.5，凡士林1.2±0.4，氧化镁2.0±0.5"", ""106.5℃维也里试验，普通法≥7h，重复法≥50h"", ""比冲1960N·s／kg，燃速10mm／s""]"
EVPD_f8b219f44f46a6922191,MATPD_b905ee6a3696e679600a,SRCPD_f8b219f44f46a6922191,非密-危险特性汇总表.docx,4,11,8,推进剂,双基推进剂,,"双芳镁一3
硝化棉（N12%）56.7±1.0，硝化甘油26.0±0.7，二硝基甲苯12.1±1.0，苯二甲酸二丁酯1.9±0.5，凡士林1.0±0.4，氧化镁2.3±0.5
106.5℃维也里试验，普通法≥7h，重复法≥50h
比冲1960N·s／kg，燃速10mm／s","[""8"", ""双芳镁一3"", ""SFM一3"", ""硝化棉（N12%）56.7±1.0，硝化甘油26.0±0.7，二硝基甲苯12.1±1.0，苯二甲酸二丁酯1.9±0.5，凡士林1.0±0.4，氧化镁2.3±0.5"", ""106.5℃维也里试验，普通法≥7h，重复法≥50h"", ""比冲1960N·s／kg，燃速10mm／s""]"
EVPD_c639183b0fee6baa783e,MATPD_24933c1e2e75faa70acc,SRCPD_c639183b0fee6baa783e,非密-危险特性汇总表.docx,4,12,9,推进剂,双基推进剂,,"双乙醛一1A
硝化棉48.O，硝化甘油26.4，其他11.55
比冲1960N·s／kg，燃速5mm／s","[""9"", ""双乙醛一1A"", ""SYQu—lA"", ""硝化棉48.O，硝化甘油26.4，其他11.55"", """", ""比冲1960N·s／kg，燃速5mm／s""]"
EVPD_89319d96bbcbbf87b80f,MATPD_d5b24d63c09770a530e3,SRCPD_89319d96bbcbbf87b80f,非密-危险特性汇总表.docx,4,13,10,推进剂,双基推进剂,,"中能平台，
硝化棉56.O，硝化甘油28.5，其他5.4
比冲2156N·s／kg，燃速20mm／s","[""10"", ""中能平台，"", ""ZNP—20"", ""硝化棉56.O，硝化甘油28.5，其他5.4"", """", ""比冲2156N·s／kg，燃速20mm／s""]"
EVPD_1e70064f58f7a8956c5c,MATPD_decf298c3980040e4c3b,SRCPD_1e70064f58f7a8956c5c,非密-危险特性汇总表.docx,4,14,11,推进剂,双基推进剂,,"双铅—4
硝化棉55.5，硝化甘油29.0，其他10.5
比冲1960N·s／kg，燃速10mm／s","[""11"", ""双铅—4"", ""SQ—4"", ""硝化棉55.5，硝化甘油29.0，其他10.5"", """", ""比冲1960N·s／kg，燃速10mm／s""]"
EVPD_faeead527d9b35497723,MATPD_4f90e37f99e13e8137b8,SRCPD_faeead527d9b35497723,非密-危险特性汇总表.docx,4,15,12,推进剂,双基推进剂,,"双石—2A
硝化棉55.5，硝化甘油29.3，其他12.7
比冲1960N·s／kg，燃速10mm／s","[""12"", ""双石—2A"", ""SS—2A"", ""硝化棉55.5，硝化甘油29.3，其他12.7"", """", ""比冲1960N·s／kg，燃速10mm／s""]"
EVPD_37e300df1856b922dd0d,MATPD_92c47718a6a668dfacb2,SRCPD_37e300df1856b922dd0d,非密-危险特性汇总表.docx,4,16,13,推进剂,双基推进剂,,"双钾—1
硝化棉54.6，硝化甘油27.1，其他16.7
比冲（2170）N·s／kg，燃速12.5mm／s","[""13"", ""双钾—1"", ""SJa—1"", ""硝化棉54.6，硝化甘油27.1，其他16.7"", """", ""比冲（2170）N·s／kg，燃速12.5mm／s""]"
EVPD_da28aa6252fb746243ea,MATPD_107568f2d8d59a019b7e,SRCPD_da28aa6252fb746243ea,非密-危险特性汇总表.docx,4,17,14,推进剂,双基推进剂,,"双铜铅—1
硝化棉52，硝化甘油37，其他11.0
比冲（2089）N·s／kg，燃速11—15mm／s","[""14"", ""双铜铅—1"", ""SToQ—3"", ""硝化棉52，硝化甘油37，其他11.0"", """", ""比冲（2089）N·s／kg，燃速11—15mm／s""]"
EVPD_4bebbac832a04dd6d6f0,MATPD_b9a721be104a9536da3c,SRCPD_4bebbac832a04dd6d6f0,非密-危险特性汇总表.docx,4,18,15,推进剂,双基推进剂,,"双钙—2
硝化棉28，硝化甘油57，其他12.3
比冲2156N·s／kg，燃速20mm／s","[""15"", ""双钙—2"", ""SJGa—2"", ""硝化棉28，硝化甘油57，其他12.3"", """", ""比冲2156N·s／kg，燃速20mm／s""]"
EVPD_09c6b10bdc992fff99e7,MATPD_fce6879b482fe176fffb,SRCPD_09c6b10bdc992fff99e7,非密-危险特性汇总表.docx,4,19,16,推进剂,双基推进剂,,"双铜—1
硝化棉52—54，硝化甘油37—39，工艺附加物0.5—0.6，中定剂2.0，其他8—10
比冲1962N·s／kg，燃速11mm／s","[""16"", ""双铜—1"", ""STo—1"", ""硝化棉52—54，硝化甘油37—39，工艺附加物0.5—0.6，中定剂2.0，其他8—10"", """", ""比冲1962N·s／kg，燃速11mm／s""]"
EVPD_62814b194cb9bd3dd7c9,MATPD_157f798fd61a463289fc,SRCPD_62814b194cb9bd3dd7c9,非密-危险特性汇总表.docx,4,20,17,推进剂,双基推进剂,,"双蔗铅—1
硝化棉52—54，硝化甘油31—33，工艺附加物0.8—1.0，中定剂2.0，降速剂8.7—9，其他5.6—7.0
比冲1900N·s／kg，燃速15mm／s","[""17"", ""双蔗铅—1"", ""SZQ—1"", ""硝化棉52—54，硝化甘油31—33，工艺附加物0.8—1.0，中定剂2.0，降速剂8.7—9，其他5.6—7.0"", """", ""比冲1900N·s／kg，燃速15mm／s""]"
EVPD_05e55a8d9ef8d2c1efcb,MATPD_a28f8d8f2d33dfbddcc7,SRCPD_05e55a8d9ef8d2c1efcb,非密-危险特性汇总表.docx,4,21,18,推进剂,双基推进剂,,"平台
硝化棉46—66，硝化甘油14—36，工艺附加物1.0，中定剂0.5—3，DNT6—21，其他5.5
比冲1101N·s／kg，燃速9.15mm／s","[""18"", ""平台"", ""SDP—10"", ""硝化棉46—66，硝化甘油14—36，工艺附加物1.0，中定剂0.5—3，DNT6—21，其他5.5"", """", ""比冲1101N·s／kg，燃速9.15mm／s""]"
EVPD_3b16064dc52aff3bac92,MATPD_219662e9cb96d2bb2f16,SRCPD_3b16064dc52aff3bac92,非密-危险特性汇总表.docx,4,22,19,推进剂,双基推进剂,,"高燃速
硝化棉43—63，硝化甘油22—42，工艺附加物1.0，中定剂1—3，鞣酸铅2—5，炭黑0.1—1.2
燃速20mm／s","[""19"", ""高燃速"", ""671—3"", ""硝化棉43—63，硝化甘油22—42，工艺附加物1.0，中定剂1—3，鞣酸铅2—5，炭黑0.1—1.2"", """", ""燃速20mm／s""]"
EVPD_f6f90d890c3bf598ca58,MATPD_e901599fec3a9a379454,SRCPD_f6f90d890c3bf598ca58,非密-危险特性汇总表.docx,4,23,20,推进剂,双基推进剂,,"762
硝化棉43—67，硝化甘油14—31，工艺附加物0.8，中定剂2.5，DINA13—27，其他2.5
比冲2176.9N·s／kg，燃速24mm／s","[""20"", ""762"", ""762"", ""硝化棉43—67，硝化甘油14—31，工艺附加物0.8，中定剂2.5，DINA13—27，其他2.5"", """", ""比冲2176.9N·s／kg，燃速24mm／s""]"
EVPD_34cd59d752b8c9f8a739,MATPD_a0b8a4302ee3ede51e30,SRCPD_34cd59d752b8c9f8a739,非密-危险特性汇总表.docx,4,24,21,推进剂,双基推进剂,,"双基燃气
推进剂
硝化棉43—65，硝化甘油19—33，工艺附加物0.8，中定剂1.5，其他18.5
燃速3.18mm／s","[""21"", ""双基燃气\n推进剂"", ""SZ-l"", ""硝化棉43—65，硝化甘油19—33，工艺附加物0.8，中定剂1.5，其他18.5"", """", ""燃速3.18mm／s""]"
EVPD_036831c46731179e18a8,MATPD_8059ab77dbfb6c419060,SRCPD_036831c46731179e18a8,非密-危险特性汇总表.docx,4,25,22,推进剂,双基推进剂,,"双铅一5
硝化棉51—53，硝化甘油29—31，工艺附加物0.5—0.7，中定剂2.7—2.9，其他13—14","[""22"", ""双铅一5"", ""SQ一5"", ""硝化棉51—53，硝化甘油29—31，工艺附加物0.5—0.7，中定剂2.7—2.9，其他13—14"", """", """"]"
EVPD_1067fa485b6019ad0fcf,MATPD_cce6a042e255f77ffeae,SRCPD_1067fa485b6019ad0fcf,非密-危险特性汇总表.docx,4,26,23,推进剂,双基推进剂,,"双铅一7
硝化棉56—58，硝化甘油27—29，工艺附加物1—1.2，中定剂2.5—2.7，其他13—14","[""23"", ""双铅一7"", ""SQ一7"", ""硝化棉56—58，硝化甘油27—29，工艺附加物1—1.2，中定剂2.5—2.7，其他13—14"", """", """"]"
EVPD_26b89f8d3b66a9d0e015,MATPD_55f95f857365e1005108,SRCPD_26b89f8d3b66a9d0e015,非密-危险特性汇总表.docx,4,27,24,推进剂,双基推进剂,,"双铅一8
硝化棉56—59，硝化甘油30—32，工艺附加物0.6—0.8，中定剂1—1.2，其他13—14","[""24"", ""双铅一8"", ""SQ一8"", ""硝化棉56—59，硝化甘油30—32，工艺附加物0.6—0.8，中定剂1—1.2，其他13—14"", """", """"]"
EVPD_af462dc7f03628a8fc35,MATPD_39ccab7fef752768c45d,SRCPD_af462dc7f03628a8fc35,非密-危险特性汇总表.docx,4,28,25,推进剂,双基推进剂,,"双铅一9
硝化棉56—59，硝化甘油27—31，工艺附加物0.7—0.9，中定剂2—3，其他14—16
燃速15mm／s","[""25"", ""双铅一9"", ""SQ一9"", ""硝化棉56—59，硝化甘油27—31，工艺附加物0.7—0.9，中定剂2—3，其他14—16"", """", ""燃速15mm／s""]"
EVPD_4dee75e46c92168fd2f1,MATPD_33bce9298f2a558f0587,SRCPD_4dee75e46c92168fd2f1,非密-危险特性汇总表.docx,4,29,26,推进剂,双基推进剂,,"161
硝化棉55，硝化甘油34，工艺附加物1，中定剂1
比冲2058N·s／kg","[""26"", ""161"", ""无"", ""硝化棉55，硝化甘油34，工艺附加物1，中定剂1"", """", ""比冲2058N·s／kg""]"
EVPD_7720661d8610b2cb2421,MATPD_05485a1fd7f492ffa539,SRCPD_7720661d8610b2cb2421,非密-危险特性汇总表.docx,4,31,1,推进剂,改性双基推进剂,,"改铝铅一I
硝化棉51.0，硝化甘油27.0，中定剂1.0，其他15.7
比冲2223N·s／kg，燃速25mm／s","[""1"", ""改铝铅一I"", ""GLQ—l"", ""硝化棉51.0，硝化甘油27.0，中定剂1.0，其他15.7"", """", ""比冲2223N·s／kg，燃速25mm／s""]"
EVPD_17f580ebe3a935181804,MATPD_cd9fd1a78f2829907b59,SRCPD_17f580ebe3a935181804,非密-危险特性汇总表.docx,4,32,2,推进剂,改性双基推进剂,,"改铝铅一2
硝化棉47.9，硝化甘油30，中定剂1.0，其他15
比冲2223N·s／kg，燃速30mm／s","[""2"", ""改铝铅一2"", ""GLQ一2"", ""硝化棉47.9，硝化甘油30，中定剂1.0，其他15"", """", ""比冲2223N·s／kg，燃速30mm／s""]"
EVPD_2456b4867865713016c6,MATPD_ec55cac6e31ed7c35c9c,SRCPD_2456b4867865713016c6,非密-危险特性汇总表.docx,4,33,3,推进剂,改性双基推进剂,,"改铝铅一3
硝化棉46，硝化甘油36，中定剂1.0，其他11.1
比冲2223N·s／kg，燃速35mm／s,压强系数≤0.5","[""3"", ""改铝铅一3"", ""GLQ一3"", ""硝化棉46，硝化甘油36，中定剂1.0，其他11.1"", """", ""比冲2223N·s／kg，燃速35mm／s,压强系数≤0.5""]"
EVPD_e5d582434909122319dc,MATPD_b7464dfe1fe59b1c4fb8,SRCPD_e5d582434909122319dc,非密-危险特性汇总表.docx,4,34,4,推进剂,改性双基推进剂,,"改黑碳～l
硝化棉20，硝化甘油21，中定剂1.0，黑索今+铝粉54.8,其他3.2
比冲2614N·s／kg","[""4"", ""改黑碳～l"", ""G／HT—l"", ""硝化棉20，硝化甘油21，中定剂1.0，黑索今+铝粉54.8,其他3.2"", """", ""比冲2614N·s／kg""]"
EVPD_4d29f8dca1dcd85e52e1,MATPD_4994facc1af7cb2d1b72,SRCPD_4d29f8dca1dcd85e52e1,非密-危险特性汇总表.docx,4,35,5,推进剂,改性双基推进剂,,"改黑铜一IA
硝化棉42，硝化甘油31.5，中定剂1.7，黑索今18,其他6
比冲2180N·s／kg，燃速≥23mm／s,","[""5"", ""改黑铜一IA"", ""GATO—1A"", ""硝化棉42，硝化甘油31.5，中定剂1.7，黑索今18,其他6"", """", ""比冲2180N·s／kg，燃速≥23mm／s,""]"
EVPD_008f86c6d47ae55a9a19,MATPD_f8191316f5a80c9d2d84,SRCPD_008f86c6d47ae55a9a19,非密-危险特性汇总表.docx,4,36,6,推进剂,改性双基推进剂,,"改黑铜-2
硝化棉33，硝化甘油31，中定剂1.8，黑索今27.5,其他6.7
比冲2180N·s／kg，燃速22.5mm／s, 压强系数≤0.3","[""6"", ""改黑铜-2"", ""GATO一2"", ""硝化棉33，硝化甘油31，中定剂1.8，黑索今27.5,其他6.7"", """", ""比冲2180N·s／kg，燃速22.5mm／s, 压强系数≤0.3""]"
EVPD_86f1642d5bc5bc224120,MATPD_c67d8e63734d4b4440ff,SRCPD_86f1642d5bc5bc224120,非密-危险特性汇总表.docx,4,37,7,推进剂,改性双基推进剂,,"改黑铅铜一1
硝化棉20.5，硝化甘油21，中定剂1，黑索今54.6,其他2.8","[""7"", ""改黑铅铜一1"", ""GHATO—l"", ""硝化棉20.5，硝化甘油21，中定剂1，黑索今54.6,其他2.8"", """", """"]"
EVPD_b1574434144b45f1dd85,MATPD_38eb7ccdfab047f6e76d,SRCPD_b1574434144b45f1dd85,非密-危险特性汇总表.docx,4,38,8,推进剂,改性双基推进剂,,"改黑铅一2
硝化棉25—28，硝化甘油33—35，黑索今31—33
比冲2265—2234N·s／kg，燃速25—26mm／s, 压强系数≤0.24","[""8"", ""改黑铅一2"", ""GHQ一2"", ""硝化棉25—28，硝化甘油33—35，黑索今31—33"", """", ""比冲2265—2234N·s／kg，燃速25—26mm／s, 压强系数≤0.24""]"
EVPD_573e351b7454f62d51a7,MATPD_6adc1a1c37ed7e22b103,SRCPD_573e351b7454f62d51a7,非密-危险特性汇总表.docx,4,39,9,推进剂,改性双基推进剂,,"改黑铅一2A
硝化棉24—26，硝化甘油32—34，中定剂0.5—0.7，黑索今35—37,其他11—14
比冲2265N·s／kg，燃速11—12mm／s, 压强系数0.16","[""9"", ""改黑铅一2A"", ""GHQ一2A"", ""硝化棉24—26，硝化甘油32—34，中定剂0.5—0.7，黑索今35—37,其他11—14"", """", ""比冲2265N·s／kg，燃速11—12mm／s, 压强系数0.16""]"
EVPD_bcd0993b0adb33845509,MATPD_1a8fe53d06d16550a507,SRCPD_bcd0993b0adb33845509,非密-危险特性汇总表.docx,4,40,10,推进剂,改性双基推进剂,,"改黑铅一5
硝化棉37—38，硝化甘油26—28，中定剂1.5—1.7，黑索今25—27,其他6—8
比冲2265N·s／kg，燃速≤30.55mm／s, 压强系数≤0.1","[""10"", ""改黑铅一5"", ""GHQ一5"", ""硝化棉37—38，硝化甘油26—28，中定剂1.5—1.7，黑索今25—27,其他6—8"", """", ""比冲2265N·s／kg，燃速≤30.55mm／s, 压强系数≤0.1""]"
EVPD_91a597d123c4124fe619,MATPD_66e2caa26904d88d9b6b,SRCPD_91a597d123c4124fe619,非密-危险特性汇总表.docx,4,41,11,推进剂,改性双基推进剂,,"改铵铜一I
硝化棉33—35，硝化甘油27—30，中定剂1.5—1.8，铝粉5.0,其他9—11.5
比冲2205N·s／kg，燃速35—60mm／s, 压强系数0.52","[""11"", ""改铵铜一I"", ""GATo一l"", ""硝化棉33—35，硝化甘油27—30，中定剂1.5—1.8，铝粉5.0,其他9—11.5"", """", ""比冲2205N·s／kg，燃速35—60mm／s, 压强系数0.52""]"
EVPD_f05cadb9ef39bfc701f8,MATPD_f25d9d02c19dff2ad229,SRCPD_f05cadb9ef39bfc701f8,非密-危险特性汇总表.docx,4,42,12,推进剂,改性双基推进剂,,"改铵铜一2
硝化棉42—54，硝化甘油25—27，高氯酸铵24—25，铝粉5—7,其他6—8.2
比冲2205N·s／kg，燃速52—56mm／s","[""12"", ""改铵铜一2"", ""GATo一2"", ""硝化棉42—54，硝化甘油25—27，高氯酸铵24—25，铝粉5—7,其他6—8.2"", """", ""比冲2205N·s／kg，燃速52—56mm／s""]"
EVPD_88055d5aa871d9f43410,MATPD_cd9af366d8892d4a7a5c,SRCPD_88055d5aa871d9f43410,非密-危险特性汇总表.docx,4,43,13,推进剂,改性双基推进剂,,"改铵铜一3
硝化棉35—37，硝化甘油25—28，高氯酸铵30—32，铝粉5—7,其他2.6—2.8
比冲2255N·s／kg，燃速54—58mm／s","[""13"", ""改铵铜一3"", ""GATo一3"", ""硝化棉35—37，硝化甘油25—28，高氯酸铵30—32，铝粉5—7,其他2.6—2.8"", """", ""比冲2255N·s／kg，燃速54—58mm／s""]"
EVPD_e2c4c5975f8ce211b5db,MATPD_2eb10262bc3b0e702a22,SRCPD_e2c4c5975f8ce211b5db,非密-危险特性汇总表.docx,4,44,14,推进剂,改性双基推进剂,,"200kg航弹发动机主装药
硝化棉52.0，硝化甘油31.8，中定剂1.8，其他11.1","[""14"", ""200kg航弹发动机主装药"", ""SL—l"", ""硝化棉52.0，硝化甘油31.8，中定剂1.8，其他11.1"", """", """"]"
EVPD_2c5cc7dafd88945a4126,MATPD_cca5628303164722aaa8,SRCPD_2c5cc7dafd88945a4126,非密-危险特性汇总表.docx,4,45,15,推进剂,改性双基推进剂,,"改黑铅一1
硝化棉28—41，硝化甘油19—29，黑索今21—42，其他3.0
比冲2122.2N·s／kg，燃速11.6mm／s","[""15"", ""改黑铅一1"", ""GHQ—l"", ""硝化棉28—41，硝化甘油19—29，黑索今21—42，其他3.0"", """", ""比冲2122.2N·s／kg，燃速11.6mm／s""]"
EVPD_fa9d7ad6136c34713d9c,MATPD_7f0ca4da610f8122c08c,SRCPD_fa9d7ad6136c34713d9c,非密-危险特性汇总表.docx,4,46,16,推进剂,改性双基推进剂,,"改奥铅一l
硝化棉27—44，硝化甘油11—23，奥克托今14—29，其他9.9
燃速4.3mm／s","[""16"", ""改奥铅一l"", ""GOQ一1"", ""硝化棉27—44，硝化甘油11—23，奥克托今14—29，其他9.9"", """", ""燃速4.3mm／s""]"
EVPD_2e30aff85662955ec3f4,MATPD_bea1ee79beac4d343250,SRCPD_2e30aff85662955ec3f4,非密-危险特性汇总表.docx,4,47,17,推进剂,改性双基推进剂,,"改奥铅一2
硝化棉21—45，硝化甘油18—32，奥克托今16—28，其他20.7
比冲2287N·s／kg，燃速29mm／s","[""17"", ""改奥铅一2"", ""GOQ一2"", ""硝化棉21—45，硝化甘油18—32，奥克托今16—28，其他20.7"", """", ""比冲2287N·s／kg，燃速29mm／s""]"
EVPD_e60a72bad4ed1bcb66c6,MATPD_3ed1b8b57d1956b32c83,SRCPD_e60a72bad4ed1bcb66c6,非密-危险特性汇总表.docx,4,48,18,推进剂,改性双基推进剂,,"改奥铅一3
硝化棉29—41，硝化甘油19—33，奥克托今21—34，其他18.5
比冲2175.7N·s／kg，燃速17.7mm／s","[""18"", ""改奥铅一3"", ""GOQ一3"", ""硝化棉29—41，硝化甘油19—33，奥克托今21—34，其他18.5"", """", ""比冲2175.7N·s／kg，燃速17.7mm／s""]"
EVPD_4206d87706a829e4c902,MATPD_4e890ffa5ebb4fd76e5f,SRCPD_4206d87706a829e4c902,非密-危险特性汇总表.docx,4,49,19,推进剂,改性双基推进剂,,改黑铅一3,"[""19"", ""改黑铅一3"", ""GHQ一3"", """", """", """"]"
EVPD_69d1205c2dbd96cfc725,MATPD_2bac367a773e3bdf58f2,SRCPD_69d1205c2dbd96cfc725,非密-危险特性汇总表.docx,4,51,1,推进剂,复合推进剂,,"聚硫推进剂
EPS18.5，AP65.0，AL8.5，EPl.2，其他4.O
比冲2254—2303N·s／kg，燃速6.0mm／s, 压强系数0.4","[""1"", ""聚硫推进剂"", ""815"", ""EPS18.5，AP65.0，AL8.5，EPl.2，其他4.O"", """", ""比冲2254—2303N·s／kg，燃速6.0mm／s, 压强系数0.4""]"
EVPD_07a92663471b8802eaea,MATPD_f7365a5e2aa550f81968,SRCPD_07a92663471b8802eaea,非密-危险特性汇总表.docx,4,52,2,推进剂,复合推进剂,,"端羟基聚丁二烯推进剂
（HTPB+ TDI）14.4，DOS2.3，A键／B键0.10 ，AL14.O，AP68.O，其他1.2
比冲2244—2313N·s／kg，燃速9.4mm／s, 压强系数0.45","[""2"", ""端羟基聚丁二烯推进剂"", ""826A"", ""（HTPB+ TDI）14.4，DOS2.3，A键／B键0.10 ，AL14.O，AP68.O，其他1.2"", """", ""比冲2244—2313N·s／kg，燃速9.4mm／s, 压强系数0.45""]"
EVPD_9e9f2a67389c68e6ac36,MATPD_2cde6b8de59fe21778ef,SRCPD_9e9f2a67389c68e6ac36,非密-危险特性汇总表.docx,4,53,3,推进剂,复合推进剂,,"端羟基聚丁二烯推进剂
（HTPB+TDI）10.7，DOS1.5，A键／B键0.11，AL19.O ，AP67.0，其他1.0
比冲2254—2303N·s／kg，燃速12.5mm／s, 压强系数0.37","[""3"", ""端羟基聚丁二烯推进剂"", ""864"", ""（HTPB+TDI）10.7，DOS1.5，A键／B键0.11，AL19.O ，AP67.0，其他1.0"", """", ""比冲2254—2303N·s／kg，燃速12.5mm／s, 压强系数0.37""]"
EVPD_e5024447e5fd2841c1c4,MATPD_39134798aa117b747108,SRCPD_e5024447e5fd2841c1c4,非密-危险特性汇总表.docx,4,54,4,推进剂,复合推进剂,,"端羟聚丁二烯推进剂
（HTPB+TDI）11.70，（DOS+ A键／B键）2．O，RDX20.0，AL5.1，AP60.0，其他0.2
比冲2342—2372N·s／kg，燃速9.5mm／s, 压强系数0.47","[""4"", ""端羟聚丁二烯推进剂"", ""8610"", ""（HTPB+TDI）11.70，（DOS+ A键／B键）2．O，RDX20.0，AL5.1，AP60.0，其他0.2"", """", ""比冲2342—2372N·s／kg，燃速9.5mm／s, 压强系数0.47""]"
EVPD_f24e0f7feaf818f45f91,MATPD_4fd9b1aed3c618f5b3af,SRCPD_f24e0f7feaf818f45f91,非密-危险特性汇总表.docx,4,55,5,推进剂,复合推进剂,,"端羟聚丁二烯推进剂
（HTPB+ TDI）11.7I，（DOS+ A键／B键）2.1，RDX20.O，AL5.1，AP60.O，其他O．1
比冲2342—2372N·s／kg，燃速10.5mm／s, 压强系数0.47","[""5"", ""端羟聚丁二烯推进剂"", ""8613"", ""（HTPB+ TDI）11.7I，（DOS+ A键／B键）2.1，RDX20.O，AL5.1，AP60.O，其他O．1"", """", ""比冲2342—2372N·s／kg，燃速10.5mm／s, 压强系数0.47""]"
EVPD_dffee91b5fdcb37e96bd,MATPD_ebe3e4c49de63c9a3893,SRCPD_dffee91b5fdcb37e96bd,非密-危险特性汇总表.docx,4,56,6,推进剂,复合推进剂,,"端羟聚丁二烯推进剂
（HTPB+TDI）11.30，（DOS+ A键／B键）2.6， RDX20.0，AL5.O，AP 60.O,其他O．15
比冲2244—2313N·s／kg，燃速10.7mm／s, 压强系数0.47","[""6"", ""端羟聚丁二烯推进剂"", ""8610（DQU一01C）"", ""（HTPB+TDI）11.30，（DOS+ A键／B键）2.6， RDX20.0，AL5.O，AP 60.O,其他O．15"", """", ""比冲2244—2313N·s／kg，燃速10.7mm／s, 压强系数0.47""]"
EVPD_5d7a8aad43cb17cd0572,MATPD_affdbeb358e077ec1092,SRCPD_5d7a8aad43cb17cd0572,非密-危险特性汇总表.docx,4,57,7,推进剂,复合推进剂,,"端羟聚丁二烯推进剂
（HTPB+TDI）8.84，（DOS+ A键／B键+AO2246）2.35， RDX20.0，AL7．O，AP 60.5
比冲2440—2479N·s／kg，燃速14.5mm／s, 压强系数0.42","[""7"", ""端羟聚丁二烯推进剂"", ""861lA"", ""（HTPB+TDI）8.84，（DOS+ A键／B键+AO2246）2.35， RDX20.0，AL7．O，AP 60.5"", """", ""比冲2440—2479N·s／kg，燃速14.5mm／s, 压强系数0.42""]"
EVPD_7e436f2cbcad2892b0fb,MATPD_2e494af60b3bda4af216,SRCPD_7e436f2cbcad2892b0fb,非密-危险特性汇总表.docx,4,58,8,推进剂,复合推进剂,,"端羟基聚丁二烯推进剂
（HTPB+ IPDI+DOA+ D键+ A02246）12.46，AL13.O，AP 74.0
比冲2205—2264N·s／kg，燃速9—11mm／s, 压强系数0.48","[""8"", ""端羟基聚丁二烯推进剂"", ""PL一8"", ""（HTPB+ IPDI+DOA+ D键+ A02246）12.46，AL13.O，AP 74.0"", """", ""比冲2205—2264N·s／kg，燃速9—11mm／s, 压强系数0.48""]"
EVPD_624463615919b141ea09,MATPD_d5e3f8e0481727aa6c53,SRCPD_624463615919b141ea09,非密-危险特性汇总表.docx,4,59,9,推进剂,复合推进剂,,"端羟聚丁二烯推进剂
（HTPB+TDI）11.34，（DOS+ A键／B键）2.5，RDX20.0，AL5.O，AP 60.0，其他0.15
比冲2342—2381N·s／kg，燃速11.4mm／s, 压强系数0.46","[""9"", ""端羟聚丁二烯推进剂"", ""8612"", ""（HTPB+TDI）11.34，（DOS+ A键／B键）2.5，RDX20.0，AL5.O，AP 60.0，其他0.15"", """", ""比冲2342—2381N·s／kg，燃速11.4mm／s, 压强系数0.46""]"
EVPD_7d67c48bc21903419fe2,MATPD_f6e273bd11b9df13dacd,SRCPD_7d67c48bc21903419fe2,非密-危险特性汇总表.docx,4,60,10,推进剂,复合推进剂,,"155底排药柱
端羟基聚丁二烯21.8，AP73，TDI1.3，三乙醇胺0.1，三氧化二铁1.9，己二酸二辛酯1.0
燃速28.0mm／s,","[""10"", ""155底排药柱"", ""DDB02"", ""端羟基聚丁二烯21.8，AP73，TDI1.3，三乙醇胺0.1，三氧化二铁1.9，己二酸二辛酯1.0"", """", ""燃速28.0mm／s,""]"
EVPD_2142803db16aa36814b2,MATPD_044a46fba878fda5a206,SRCPD_2142803db16aa36814b2,非密-危险特性汇总表.docx,4,61,11,推进剂,复合推进剂,,"丁羟燃--02底排药
端羟基聚丁二烯21.8, 高氯酸铵73, 甲苯二异氰酸酯1.3,三乙醇胺O.1, 己二酸二辛酯1.0, 三氧化二铁1.9
燃速25.5mm／s,","[""11"", ""丁羟燃--02底排药"", ""DQR--02"", ""端羟基聚丁二烯21.8, 高氯酸铵73, 甲苯二异氰酸酯1.3,三乙醇胺O.1, 己二酸二辛酯1.0, 三氧化二铁1.9"", """", ""燃速25.5mm／s,""]"
EVPD_69eb939a5a45f969321a,MATPD_36ebe0c992e6b65a4511,SRCPD_69eb939a5a45f969321a,非密-危险特性汇总表.docx,4,62,12,推进剂,复合推进剂,,"聚氯乙烯推进剂
乙基聚硫橡胶1.9,高氯酸铵67, 甲苯二异氰酸酯0.3,三乙醇胺O.1,AL8,其他5.7
比冲2107N·s／kg，燃速4.9mm／s","[""12"", ""聚氯乙烯推进剂"", """", ""乙基聚硫橡胶1.9,高氯酸铵67, 甲苯二异氰酸酯0.3,三乙醇胺O.1,AL8,其他5.7"", """", ""比冲2107N·s／kg，燃速4.9mm／s""]"
