alias_id,entity_id,entity_type,canonical_name,alias,alias_type,source_file,confidence,review_status
ALPD_39eb46dc3c0286caf923,MATPD_61efba69f329d93785f6,Material,二硝基重氮酚,重氮二硝基苯酚,synonym,非密-危险特性汇总表.docx,1.0000,accepted
ALPD_ed708a8958991cc25ec4,MATPD_6c981788b4c726f5314b,Material,三硝基间苯二酚铅,LTNR,product_code,非密-危险特性汇总表.docx,1.0000,accepted
ALPD_79a4411d574bcdfdee1e,MATPD_a74eb96375894ccff38f,Material,叠氮化铅,LA,product_code,非密-危险特性汇总表.docx,1.0000,accepted
ALPD_578a9e77b95ec3237693,MATPD_9edceca819e802431f58,Material,粉末叠氮化铅,C—LA,product_code,非密-危险特性汇总表.docx,1.0000,accepted
ALPD_60fc743967e6eebab3d3,MATPD_073c9f2d18ae3b5235e5,Material,糊精叠氮化铅,D—LA,product_code,非密-危险特性汇总表.docx,1.0000,accepted
ALPD_efefbc0a2ab59d3b01a1,MATPD_dcf5456795b9d44c598f,Material,羧甲基纤维素叠氮化铅,CMC—LA,product_code,非密-危险特性汇总表.docx,1.0000,accepted
ALPD_b54086bd7df43bf0dbdd,MATPD_3d5bffcece35a7c5118a,Material,四氮烯,特屈拉辛,product_code,非密-危险特性汇总表.docx,1.0000,accepted
ALPD_55728be108f32f03384c,MATPD_160c4846fde2b668269b,Material,羧甲基纤维素三硝基间苯二酚钡（斯蒂芬酸钡）,BaTNR,product_code,非密-危险特性汇总表.docx,1.0000,accepted
ALPD_c174fae054ed66427424,MATPD_7bc1298fd5a601da0080,Material,2，4—二硝基间苯二酚铅,2，4—LDNR,product_code,非密-危险特性汇总表.docx,1.0000,accepted
ALPD_0045fc0d0b46f48a72fb,MATPD_a03c169ba67b5cc41309,Material,4，6—二硝基—7—羟基—7氢苯并氧化呋咱钾,KDNBF,product_code,非密-危险特性汇总表.docx,1.0000,accepted
ALPD_323d1f6932b1643da79d,MATPD_7a30c1e11224b700aa6b,Material,苦味酸钾,KP,product_code,非密-危险特性汇总表.docx,1.0000,accepted
ALPD_b673622ab474698e6300,MATPD_2bdeba018769c977ec8f,Material,GTG单质起爆药,GTG,product_code,非密-危险特性汇总表.docx,1.0000,accepted
ALPD_01a4f40f3da9ee3e0955,MATPD_f045192515f41dc980eb,Material,硝酸肼镍起爆药,NHN,product_code,非密-危险特性汇总表.docx,1.0000,accepted
ALPD_18852c17c11d9c2caf05,MATPD_24453e8e3b68c77f0dc8,Material,叠氮化铅和斯蒂芬酸铅共沉淀,D.S共沉淀,product_code,非密-危险特性汇总表.docx,1.0000,accepted
ALPD_8ca1654956f4d47f9e46,MATPD_4295850319cb4988c2e4,Material,斯蒂芬酸铅和斯蒂芬酸钡共沉淀,铅.钡共晶,product_code,非密-危险特性汇总表.docx,1.0000,accepted
ALPD_7dbbb3e0a98c576e02cb,MATPD_ef9539a991855883c91d,Material,四氮烯和羧甲基纤维素氮化铅共沉淀,S.SD共沉淀,product_code,非密-危险特性汇总表.docx,1.0000,accepted
ALPD_4a1566eebbc4ac10d79a,MATPD_0a9d8536cdebc6912ec4,Material,梯恩梯,TNT,product_code,非密-危险特性汇总表.docx,1.0000,accepted
ALPD_f16e995cac652139ebe5,MATPD_744529d6e2fba3eb1fb5,Material,黑索今,RDX,product_code,非密-危险特性汇总表.docx,1.0000,accepted
ALPD_5e67af0f7b573a98e50a,MATPD_140085ebb23bb11375e0,Material,奥克托今,HMX,product_code,非密-危险特性汇总表.docx,1.0000,accepted
ALPD_e92e1c122e0b948c0632,MATPD_bc75d59fe17ed7dacbac,Material,太安,PETN,product_code,非密-危险特性汇总表.docx,1.0000,accepted
ALPD_7f828327701322976838,MATPD_ee169a55602321bb01e2,Material,硝化甘油,NG,product_code,非密-危险特性汇总表.docx,1.0000,accepted
ALPD_344cc9a716df40e12dc7,MATPD_6d3a2ae6db4ddd33532f,Material,硝基胍,NQ,product_code,非密-危险特性汇总表.docx,1.0000,accepted
ALPD_e38f7ffdbb576c8a44aa,MATPD_a70a0e92b7918549ab9f,Material,六硝基芪,HNS,product_code,非密-危险特性汇总表.docx,1.0000,accepted
ALPD_f961e628266bf4be9378,MATPD_c1de4378c1c92cc458cc,Material,三氨基三硝基苯,TATB,product_code,非密-危险特性汇总表.docx,1.0000,accepted
ALPD_7291fb01a165aa3a7c58,MATPD_791bc9773b7eb60ff1ff,Material,二氨基二硝基吡啶（皮威克斯）,PYX,product_code,非密-危险特性汇总表.docx,1.0000,accepted
ALPD_cd006200a18de045a625,MATPD_7273a5ff6d574cf70bbc,Material,3—硝基—1，2，4—三唑—5—酮,NTO,product_code,非密-危险特性汇总表.docx,1.0000,accepted
ALPD_2459734543908683539c,MATPD_c4763b48d43772aaf37f,Material,10#159炸药,10#159,product_code,非密-危险特性汇总表.docx,1.0000,accepted
ALPD_cd4900327a726c54215a,MATPD_85674aaee6e56b6c429c,Material,聚奥8—炸药,JO—8,product_code,非密-危险特性汇总表.docx,1.0000,accepted
ALPD_5eca1706d7da56474c39,MATPD_6a3b530504aacf01d0cf,Material,聚奥3—炸药,JO—3,product_code,非密-危险特性汇总表.docx,1.0000,accepted
ALPD_e6c774f6c6c78c3628b2,MATPD_936be7bb81975ec42b42,Material,聚奥7—炸药,JO—7,product_code,非密-危险特性汇总表.docx,1.0000,accepted
ALPD_e2b385375dfedb3fa421,MATPD_4230d924a9ae9a5c8fef,Material,熔奥梯铝—1炸药,ROTL—1,product_code,非密-危险特性汇总表.docx,1.0000,accepted
ALPD_e4e56ff2d0ff8fcbe201,MATPD_8f84dc6cfdf9268b2080,Material,熔奥黑梯铝炸药,HRTAL,product_code,非密-危险特性汇总表.docx,1.0000,accepted
ALPD_43f29d119c0ed8ca573d,MATPD_7e6ffe7c5cd595f94f9b,Material,聚奥—9炸药,JO—9C,product_code,非密-危险特性汇总表.docx,1.0000,accepted
ALPD_fd288370ef742996a5f1,MATPD_3bb0ef9eba9d5f73b568,Material,10号粘结炸药,10#185,product_code,非密-危险特性汇总表.docx,1.0000,accepted
ALPD_aa137a2906145929d859,MATPD_50bfd897f6dd7391fb3d,Material,聚黑—14传爆药,JH—14,product_code,非密-危险特性汇总表.docx,1.0000,accepted
ALPD_36d9404f3adb64565e3e,MATPD_89cc320faa025ee00309,Material,聚黑—16炸药,JH—16,product_code,非密-危险特性汇总表.docx,1.0000,accepted
ALPD_79bd69d069a1764e066b,MATPD_322ab4f6e7535733a71f,Material,聚黑—15炸药,JH—15,product_code,非密-危险特性汇总表.docx,1.0000,accepted
ALPD_417b53f59f54d0dea572,MATPD_24a8ced1878958148ae8,Material,低易损混合炸药,TEHJ—1,product_code,非密-危险特性汇总表.docx,1.0000,accepted
ALPD_4a0549b910637d38dab6,MATPD_a6e5f3e8dc4dc09588b1,Material,分子间炸药,HR—185,product_code,非密-危险特性汇总表.docx,1.0000,accepted
ALPD_ce959345dad09dc2f4b7,MATPD_7b26483e3dba3d991276,Material,聚黑铝—2高炸药,JHL—2,product_code,非密-危险特性汇总表.docx,1.0000,accepted
ALPD_7a665787d9f9eb62b686,MATPD_b0e5cfdedbbf66086ea7,Material,聚黑铝—3炸药,JHL—3,product_code,非密-危险特性汇总表.docx,1.0000,accepted
ALPD_08565f879190066cef28,MATPD_5a538f3f11aaee02f1af,Material,钝黑梯—1炸药,B炸药,product_code,非密-危险特性汇总表.docx,1.0000,accepted
ALPD_de03c38692ece447a0fe,MATPD_d7efbd7900ec922c8079,Material,钝化黑索今,A—Ⅳ—I,product_code,非密-危险特性汇总表.docx,0.6000,pending
ALPD_2bcd3298e76b2bcaa1a3,MATPD_8d0b6dd659f0c89fe050,Material,钝黑—2炸药,A—2,product_code,非密-危险特性汇总表.docx,1.0000,accepted
ALPD_80abeb4d18a6edef0210,MATPD_3798dffb9041f5540758,Material,钝黑—3炸药,A—3,product_code,非密-危险特性汇总表.docx,1.0000,accepted
ALPD_0c33974bcbfa100ac690,MATPD_9bb2171f3be6bb4d5eb6,Material,钝黑—4炸药,A—4,product_code,非密-危险特性汇总表.docx,1.0000,accepted
ALPD_7e0cf9d328cffedad7c4,MATPD_4fe4e94dc50faed251b7,Material,钝黑—5炸药,A—5,product_code,非密-危险特性汇总表.docx,1.0000,accepted
ALPD_0adc4858c7300898c655,MATPD_2f72e6b471e0f8d5d305,Material,钝黑—6炸药,A—6,product_code,非密-危险特性汇总表.docx,1.0000,accepted
ALPD_074ba983e3ce52a6a4db,MATPD_ca8cf9b7053d2bf08c8d,Material,钝黑—7炸药,A—7,product_code,非密-危险特性汇总表.docx,1.0000,accepted
ALPD_703054606fcc1217cca4,MATPD_81126affe57664b4d77a,Material,聚黑—2炸药,8701,product_code,非密-危险特性汇总表.docx,1.0000,accepted
ALPD_4b5dcc244377c41625c2,MATPD_ad8a083c833ce89bc2ca,Material,聚黑—6炸药,CH—6,product_code,非密-危险特性汇总表.docx,1.0000,accepted
ALPD_6ddb969e7a638eb76864,MATPD_5ecaa7d70bee04a7d6d7,Material,聚黑—14炸药,R—791,product_code,非密-危险特性汇总表.docx,1.0000,accepted
ALPD_78b35c145f9796a3bf28,MATPD_044ed101deadbfde17fa,Material,塑黑—1炸药,SH—1,product_code,非密-危险特性汇总表.docx,1.0000,accepted
ALPD_ecdad9ec61ea876d6718,MATPD_1a8513ad5342941174a2,Material,塑黑—4炸药,SH—4，,product_code,非密-危险特性汇总表.docx,1.0000,accepted
ALPD_f72165391dc840ee07ab,MATPD_228fc1358e19224d67f0,Material,塑黑—5炸药,SH—5,product_code,非密-危险特性汇总表.docx,1.0000,accepted
ALPD_e2d0023b8f36daf700dc,MATPD_a2e1c0e04a51a3b3e6f0,Material,C—4炸药,C—4,product_code,非密-危险特性汇总表.docx,1.0000,accepted
ALPD_d97a055b962dee3b0f61,MATPD_b84d5852c54b6dafeeee,Material,单钾—11,DJa—11,product_code,非密-危险特性汇总表.docx,1.0000,accepted
ALPD_2f7348ce9804abba4d14,MATPD_8a8a57da3044f82974c0,Material,单碳—11,DT—11,product_code,非密-危险特性汇总表.docx,1.0000,accepted
ALPD_4c3ee66acbe4da2ccef2,MATPD_48fe044f492ee9e4d2d3,Material,单芳—11,DF—11,product_code,非密-危险特性汇总表.docx,1.0000,accepted
ALPD_23683eec266ae983fe26,MATPD_4c3fe758c00ebab30cf6,Material,单丙—11,DB—11,product_code,非密-危险特性汇总表.docx,1.0000,accepted
ALPD_72a10df741bc5e78342a,MATPD_782269f0a148b773d464,Material,多—125,D—125,product_code,非密-危险特性汇总表.docx,1.0000,accepted
ALPD_ecb702df79ba0656c0ac,MATPD_47c19569c337304240b7,Material,单松钾—11,DSoJa,product_code,非密-危险特性汇总表.docx,1.0000,accepted
ALPD_0ca5e784cdcfe28c57bf,MATPD_91787531fb3a49ea5e27,Material,单钾石—11,DJaS—11,product_code,非密-危险特性汇总表.docx,1.0000,accepted
ALPD_d3ef651c5b7765fa25b5,MATPD_467e6bed71f41007bc58,Material,多—45,D—45,product_code,非密-危险特性汇总表.docx,1.0000,accepted
ALPD_94945eef5e8c4a4ab68a,MATPD_821b02356346067fcc54,Material,单—6多100,D—6D100,product_code,非密-危险特性汇总表.docx,1.0000,accepted
ALPD_6fd2490134a2f32671be,MATPD_5358d6529850ea0ed837,Material,单硝碳—11,DXT—11,product_code,非密-危险特性汇总表.docx,1.0000,accepted
ALPD_58107ddac8dba3a12c48,MATPD_d7a3d43fbc59e1a1f9ae,Material,单樟—11A—8／1,DZ—11A,product_code,非密-危险特性汇总表.docx,1.0000,accepted
ALPD_3b8df9f3c29691433844,MATPD_942fcbdcaa2e977c7010,Material,单樟—11,DZ—11,product_code,非密-危险特性汇总表.docx,1.0000,accepted
ALPD_953bc53c33178bce6c8b,MATPD_48a01250595973ebf3a8,Material,单樟—13,DZ—13,product_code,非密-危险特性汇总表.docx,1.0000,accepted
ALPD_e6e4bd0077452c009703,MATPD_0e9f1a5e3e0613c85413,Material,单樟—14,DZ—14,product_code,非密-危险特性汇总表.docx,1.0000,accepted
ALPD_6c2ed65a59e3544953b4,MATPD_ab893dfa85d11364207f,Material,单樟—15,代号DZ—15,product_code,非密-危险特性汇总表.docx,1.0000,accepted
ALPD_d57cbaa5bc16f3fe0df2,MATPD_ebd370d1bba08751bdcd,Material,单蜡樟—11,DLaZ—11,product_code,非密-危险特性汇总表.docx,1.0000,accepted
ALPD_05882809ec78bcf29b40,MATPD_5c00794505b5069d6305,Material,单烯—11,DX—11,product_code,非密-危险特性汇总表.docx,1.0000,accepted
ALPD_bbf35e99614be17a5f54,MATPD_905f2367b5e34eeb3ac0,Material,单芳—14—12／7发射药,DF—14,product_code,非密-危险特性汇总表.docx,1.0000,accepted
ALPD_3d9342a4148b4eb16549,MATPD_5057e373e6fa563091f0,Material,单芳—15,DF—15,product_code,非密-危险特性汇总表.docx,1.0000,accepted
ALPD_a26ba0408d153190cd01,MATPD_ca42662d07ec5532b258,Material,单苯芳—11,DBeF—11,product_code,非密-危险特性汇总表.docx,1.0000,accepted
ALPD_c920d20ecb3f79c5e97d,MATPD_ce7262bcef8e0e98c2a6,Material,单苯—12,DBe—12,product_code,非密-危险特性汇总表.docx,1.0000,accepted
ALPD_452b3405641fd8b3746d,MATPD_cc5e6cad9ddc86605c50,Material,单苯—11,DBe—11,product_code,非密-危险特性汇总表.docx,1.0000,accepted
ALPD_f244cbf6c407c00856e0,MATPD_8f48eaaf0000a7059630,Material,单胺—11,DA—11,product_code,非密-危险特性汇总表.docx,1.0000,accepted
ALPD_9cf7cbebfe3849f5fef9,MATPD_90bc67f1591f78014cf8,Material,单胺—12,DA—12,product_code,非密-危险特性汇总表.docx,1.0000,accepted
ALPD_99afe41c86b190773d63,MATPD_a719eccf7d47b91b4a45,Material,单石—11,DS—11,product_code,非密-危险特性汇总表.docx,1.0000,accepted
ALPD_32de8e30ba2afe6e057a,MATPD_61c1bc3c1925d033fa10,Material,单蜡石—11,DLaS—11,product_code,非密-危险特性汇总表.docx,1.0000,accepted
ALPD_b303f3108d2b5c0e6a1b,MATPD_efd499806f7f99eb2d58,Material,单胍—11,DGu—11,product_code,非密-危险特性汇总表.docx,1.0000,accepted
ALPD_7550a5db3762e1b43b6b,MATPD_b0afd7e2050648a9f637,Material,M1单,M1D,product_code,非密-危险特性汇总表.docx,1.0000,accepted
ALPD_eda1688e89c15040ae4a,MATPD_d04d740949397a75ea47,Material,双醋—14,SC—14,product_code,非密-危险特性汇总表.docx,1.0000,accepted
ALPD_3b9af5ffd1620abdc2ab,MATPD_a65c180aa257be0dd855,Material,双醋—16,SC—16,product_code,非密-危险特性汇总表.docx,1.0000,accepted
ALPD_c5b32066d80929e51c03,MATPD_be2119cc32abca306adf,Material,双—11,S—11,product_code,非密-危险特性汇总表.docx,1.0000,accepted
ALPD_f3255d5284598e8fe910,MATPD_6e99b81dbf6a38e7fa63,Material,双—12,S—12,product_code,非密-危险特性汇总表.docx,1.0000,accepted
ALPD_3f119a0c98c47a1ba290,MATPD_747b1ce55a7e8ccf5890,Material,双芳—3,SF—3,product_code,非密-危险特性汇总表.docx,1.0000,accepted
ALPD_10a95e862a03804041ae,MATPD_38f25ae6a85da9759a33,Material,双乙芳—3,SYF—3,product_code,非密-危险特性汇总表.docx,1.0000,accepted
ALPD_a70bbfc6ce82b5eca37b,MATPD_8541712c7dec8547ac91,Material,双乙—2—19／1—32,SY—2,product_code,非密-危险特性汇总表.docx,1.0000,accepted
ALPD_b851b1224eaf5087a190,MATPD_772d1c519b191ac207e2,Material,双醋—11发射药,SC—11,product_code,非密-危险特性汇总表.docx,1.0000,accepted
ALPD_f91d894141137345d7cc,MATPD_7b7ecf4a3ba145c1a636,Material,航弹点火药柱,SJa—1,product_code,非密-危险特性汇总表.docx,1.0000,accepted
ALPD_bf0f5df588386c64a775,MATPD_1b88daf95b07b7aa9322,Material,三胍—11,AGu—11,product_code,非密-危险特性汇总表.docx,1.0000,accepted
ALPD_a4a526dd41b231421b2e,MATPD_19f62d4e8a10ba9914b1,Material,三胍—12,AGu—12,product_code,非密-危险特性汇总表.docx,1.0000,accepted
ALPD_13fc5c47554ca8efc8ae,MATPD_e6481a1cd70256a48e8c,Material,三胍—13,AGu—13,product_code,非密-危险特性汇总表.docx,1.0000,accepted
ALPD_d341bcdf3bb5d2e1867d,MATPD_c0a372e6ec502b77aad4,Material,三胍—15,AGu—15,product_code,非密-危险特性汇总表.docx,1.0000,accepted
ALPD_40619ee6ff59c3177c74,MATPD_33101b3bb0033a9ce9b1,Material,三胍—16,AGu—16,product_code,非密-危险特性汇总表.docx,1.0000,accepted
ALPD_5e6f6e834c7fa5591a53,MATPD_93420b74882512f22e31,Material,三胍—16A,AGu—16A,product_code,非密-危险特性汇总表.docx,1.0000,accepted
ALPD_8867b960e1a26f854a4c,MATPD_e7d64225d0b78596f770,Material,酯太—11A,ZT—11A,product_code,非密-危险特性汇总表.docx,1.0000,accepted
ALPD_7ba4fdcca09012db7ba8,MATPD_3540587e76a70a28ca46,Material,酯太—12A,ZT—12A,product_code,非密-危险特性汇总表.docx,1.0000,accepted
ALPD_44ce3efbee04ad57a20b,MATPD_0de3711a3e2e680065f5,Material,高能低烧蚀叠氮硝胺发射药,DA,product_code,非密-危险特性汇总表.docx,1.0000,accepted
ALPD_aa22f0e8854f3986e40c,MATPD_b1306235e2f40e90f7f2,Material,高能硝胺发射药,RGD7,product_code,非密-危险特性汇总表.docx,1.0000,accepted
ALPD_5be3f900f180fe1bb813,MATPD_e23d983c958d8df1b2f2,Material,GR5发射药,GR5,product_code,非密-危险特性汇总表.docx,1.0000,accepted
ALPD_e2933d6dc71304f34d89,MATPD_63e16a6b884e1dfb932b,Material,三黑—12发射药,AH—12,product_code,非密-危险特性汇总表.docx,1.0000,accepted
ALPD_e4701ba8baa2db51350b,MATPD_bdd6b2734d919445a180,Material,双中硝—11—球,Szhxi—11—Q,product_code,非密-危险特性汇总表.docx,1.0000,accepted
ALPD_3c9a0958546234688d48,MATPD_4b24484415efffdcc2af,Material,双苯—12—球,SBe—12—Q,product_code,非密-危险特性汇总表.docx,1.0000,accepted
ALPD_713a033640971324a605,MATPD_9e08224e3b599c9f9362,Material,双苯—13—球,SBe—13—Q,product_code,非密-危险特性汇总表.docx,1.0000,accepted
ALPD_8c4da1e3ffc62ef6c5d5,MATPD_3463bad751ced58c69c3,Material,双苯—14—球,SBe—14—Q,product_code,非密-危险特性汇总表.docx,1.0000,accepted
ALPD_09510ff1d4ed993a9708,MATPD_1116b3c1dee1cb74790f,Material,双苯—15—球,SBe—15—Q,product_code,非密-危险特性汇总表.docx,1.0000,accepted
ALPD_c26945ba3a090ed53c38,MATPD_774eb8327fc052a34862,Material,双苯—16—球,SBe—16—Q,product_code,非密-危险特性汇总表.docx,1.0000,accepted
ALPD_92e1450225c3f951da2c,MATPD_286010867df6cd1488cc,Material,双苯—球,SBe—Q,product_code,非密-危险特性汇总表.docx,1.0000,accepted
ALPD_7fec7c1b0d5af39dd3d1,MATPD_e6fbfac46b7f123e6460,Material,酯太—13—球,ZT—13—Q,product_code,非密-危险特性汇总表.docx,1.0000,accepted
ALPD_0d365c5a43f844ee44bf,MATPD_824947e064e90dc65315,Material,酯太—14—球,ZT—14—Q,product_code,非密-危险特性汇总表.docx,1.0000,accepted
ALPD_0c527799bcf6debf14c7,MATPD_54c93e3f90408e48b050,Material,双醋—12A—球,SC—12A—Q,product_code,非密-危险特性汇总表.docx,1.0000,accepted
ALPD_abe3694703b56dde3af4,MATPD_24fd5cc46b868ceb8f09,Material,双醋—16—粒,SC—16—L,product_code,非密-危险特性汇总表.docx,1.0000,accepted
ALPD_1f5971fc669de30955e8,MATPD_ba604fdf2ecc706bd8d3,Material,双球扁—35,SQB—35,product_code,非密-危险特性汇总表.docx,1.0000,accepted
ALPD_434674d7e0e3f4413f0a,MATPD_9f13a8b28fdc4f8ad56c,Material,双醋—13—球,SC—13—Q,product_code,非密-危险特性汇总表.docx,1.0000,accepted
ALPD_6d1d71f52501f2b658f3,MATPD_f9020217392bc1943dd2,Material,双铅—2,SQ—2,product_code,非密-危险特性汇总表.docx,1.0000,accepted
ALPD_6f884247578f33943b07,MATPD_c078a4fbe01e9c35ba9b,Material,双铅一l,SQ—l,product_code,非密-危险特性汇总表.docx,0.6000,pending
ALPD_be438e7639ac07ab1590,MATPD_0c32d92626e5a3ad8490,Material,双钴一l,SG—l,product_code,非密-危险特性汇总表.docx,0.6000,pending
ALPD_61e3087b2293d71e7a3c,MATPD_c48729d3651156ef299f,Material,双钴一lA,SG-lA,product_code,非密-危险特性汇总表.docx,1.0000,accepted
ALPD_8f484d391e4945b8c109,MATPD_3065a840a5c093e27701,Material,双钴一2,SC一2,product_code,非密-危险特性汇总表.docx,1.0000,accepted
ALPD_796834197e49fe844ca0,MATPD_8fbec213443813dc3d9e,Material,双芳镁一l,SFM～l,product_code,非密-危险特性汇总表.docx,0.6000,pending
ALPD_9b326f09c6a4afbd672b,MATPD_73dd86fcf485ce60a59b,Material,双芳镁一2,SFM～2,product_code,非密-危险特性汇总表.docx,1.0000,accepted
ALPD_2c5871538c3ffa41921e,MATPD_b905ee6a3696e679600a,Material,双芳镁一3,SFM一3,product_code,非密-危险特性汇总表.docx,1.0000,accepted
ALPD_dfa285b3c0e1da0f1261,MATPD_24933c1e2e75faa70acc,Material,双乙醛一1A,SYQu—lA,product_code,非密-危险特性汇总表.docx,1.0000,accepted
ALPD_9958bd3894d2e232e8ff,MATPD_d5b24d63c09770a530e3,Material,中能平台,ZNP—20,product_code,非密-危险特性汇总表.docx,1.0000,accepted
ALPD_23ee2cfa91ae14a144ad,MATPD_decf298c3980040e4c3b,Material,双铅—4,SQ—4,product_code,非密-危险特性汇总表.docx,1.0000,accepted
ALPD_ff943560473370e9a831,MATPD_4f90e37f99e13e8137b8,Material,双石—2A,SS—2A,product_code,非密-危险特性汇总表.docx,1.0000,accepted
ALPD_e36408c068904fca426c,MATPD_92c47718a6a668dfacb2,Material,双钾—1,SJa—1,product_code,非密-危险特性汇总表.docx,1.0000,accepted
ALPD_b255bf3a318869bc76d4,MATPD_107568f2d8d59a019b7e,Material,双铜铅—1,SToQ—3,product_code,非密-危险特性汇总表.docx,1.0000,accepted
ALPD_90ed63fd8928ca6e5abf,MATPD_b9a721be104a9536da3c,Material,双钙—2,SJGa—2,product_code,非密-危险特性汇总表.docx,1.0000,accepted
ALPD_6f723c5163cd06319580,MATPD_fce6879b482fe176fffb,Material,双铜—1,STo—1,product_code,非密-危险特性汇总表.docx,1.0000,accepted
ALPD_1b7a5779336fd0ec67b9,MATPD_157f798fd61a463289fc,Material,双蔗铅—1,SZQ—1,product_code,非密-危险特性汇总表.docx,1.0000,accepted
ALPD_c16724be1344aa953d8a,MATPD_a28f8d8f2d33dfbddcc7,Material,平台,SDP—10,product_code,非密-危险特性汇总表.docx,1.0000,accepted
ALPD_a37d75094360f85f77b5,MATPD_219662e9cb96d2bb2f16,Material,高燃速,671—3,product_code,非密-危险特性汇总表.docx,1.0000,accepted
ALPD_5e77f10ffb45d61a208c,MATPD_e901599fec3a9a379454,Material,762,762,product_code,非密-危险特性汇总表.docx,1.0000,accepted
ALPD_143b7b959ec3c327015b,MATPD_a0b8a4302ee3ede51e30,Material,双基燃气 推进剂,SZ-l,product_code,非密-危险特性汇总表.docx,0.6000,pending
ALPD_4d1ad9a26c4d229cc600,MATPD_8059ab77dbfb6c419060,Material,双铅一5,SQ一5,product_code,非密-危险特性汇总表.docx,1.0000,accepted
ALPD_b89dc8f73b002d296fb0,MATPD_cce6a042e255f77ffeae,Material,双铅一7,SQ一7,product_code,非密-危险特性汇总表.docx,1.0000,accepted
ALPD_c72d5a96d2043ff8ba96,MATPD_55f95f857365e1005108,Material,双铅一8,SQ一8,product_code,非密-危险特性汇总表.docx,1.0000,accepted
ALPD_8888c12394e08a08dbab,MATPD_39ccab7fef752768c45d,Material,双铅一9,SQ一9,product_code,非密-危险特性汇总表.docx,1.0000,accepted
ALPD_8e89a59b06b47e9e7945,MATPD_05485a1fd7f492ffa539,Material,改铝铅一I,GLQ—l,product_code,非密-危险特性汇总表.docx,0.6000,pending
ALPD_42b6ec9b2303a95386cc,MATPD_cd9fd1a78f2829907b59,Material,改铝铅一2,GLQ一2,product_code,非密-危险特性汇总表.docx,1.0000,accepted
ALPD_673406b17889f63e9db7,MATPD_ec55cac6e31ed7c35c9c,Material,改铝铅一3,GLQ一3,product_code,非密-危险特性汇总表.docx,1.0000,accepted
ALPD_81d6bb700f4780130478,MATPD_b7464dfe1fe59b1c4fb8,Material,改黑碳～l,G／HT—l,product_code,非密-危险特性汇总表.docx,0.6000,pending
ALPD_7cbebc130ab033cec0ea,MATPD_4994facc1af7cb2d1b72,Material,改黑铜一IA,GATO—1A,product_code,非密-危险特性汇总表.docx,1.0000,accepted
ALPD_d5bfe7e1ecf9a1d99207,MATPD_f8191316f5a80c9d2d84,Material,改黑铜-2,GATO一2,product_code,非密-危险特性汇总表.docx,1.0000,accepted
ALPD_3cf61351a19d2df5df0b,MATPD_c67d8e63734d4b4440ff,Material,改黑铅铜一1,GHATO—l,product_code,非密-危险特性汇总表.docx,0.6000,pending
ALPD_f7d410104b18253f3190,MATPD_38eb7ccdfab047f6e76d,Material,改黑铅一2,GHQ一2,product_code,非密-危险特性汇总表.docx,1.0000,accepted
ALPD_69fc503ddfc1710e1643,MATPD_6adc1a1c37ed7e22b103,Material,改黑铅一2A,GHQ一2A,product_code,非密-危险特性汇总表.docx,1.0000,accepted
ALPD_96ab83bde9818ad74ac9,MATPD_1a8fe53d06d16550a507,Material,改黑铅一5,GHQ一5,product_code,非密-危险特性汇总表.docx,1.0000,accepted
ALPD_2010520f4de542ebf629,MATPD_66e2caa26904d88d9b6b,Material,改铵铜一I,GATo一l,product_code,非密-危险特性汇总表.docx,0.6000,pending
ALPD_3c6594b01d0d703cf7f7,MATPD_f25d9d02c19dff2ad229,Material,改铵铜一2,GATo一2,product_code,非密-危险特性汇总表.docx,1.0000,accepted
ALPD_07dfafcb4b0b90102a55,MATPD_cd9af366d8892d4a7a5c,Material,改铵铜一3,GATo一3,product_code,非密-危险特性汇总表.docx,1.0000,accepted
ALPD_736e1c859b965bf628f8,MATPD_2eb10262bc3b0e702a22,Material,200kg航弹发动机主装药,SL—l,product_code,非密-危险特性汇总表.docx,0.6000,pending
ALPD_61962c5a97319e8de1cf,MATPD_cca5628303164722aaa8,Material,改黑铅一1,GHQ—l,product_code,非密-危险特性汇总表.docx,0.6000,pending
ALPD_785dacf23d9cfcc554de,MATPD_7f0ca4da610f8122c08c,Material,改奥铅一l,GOQ一1,product_code,非密-危险特性汇总表.docx,0.6000,pending
ALPD_df22d187d3d0a6d0c2a6,MATPD_bea1ee79beac4d343250,Material,改奥铅一2,GOQ一2,product_code,非密-危险特性汇总表.docx,1.0000,accepted
ALPD_d006edaa52a96a8279e7,MATPD_3ed1b8b57d1956b32c83,Material,改奥铅一3,GOQ一3,product_code,非密-危险特性汇总表.docx,1.0000,accepted
ALPD_cb41b95533aa8c12ecae,MATPD_4e890ffa5ebb4fd76e5f,Material,改黑铅一3,GHQ一3,product_code,非密-危险特性汇总表.docx,1.0000,accepted
ALPD_fadf8373e587ffcf65bf,MATPD_2bac367a773e3bdf58f2,Material,聚硫推进剂,815,product_code,非密-危险特性汇总表.docx,1.0000,accepted
ALPD_4a1fd80f01b005dfc44b,MATPD_f7365a5e2aa550f81968,Material,端羟基聚丁二烯推进剂,826A,product_code,非密-危险特性汇总表.docx,1.0000,accepted
ALPD_dec3bde9b38e33b20442,MATPD_2cde6b8de59fe21778ef,Material,端羟基聚丁二烯推进剂,864,product_code,非密-危险特性汇总表.docx,1.0000,accepted
ALPD_e002e6b9dd6b7677c241,MATPD_39134798aa117b747108,Material,端羟聚丁二烯推进剂,8610,product_code,非密-危险特性汇总表.docx,1.0000,accepted
ALPD_8c32259f29bca06a3ed2,MATPD_4fd9b1aed3c618f5b3af,Material,端羟聚丁二烯推进剂,8613,product_code,非密-危险特性汇总表.docx,1.0000,accepted
ALPD_e47dab2f2f99c448b0bf,MATPD_ebe3e4c49de63c9a3893,Material,端羟聚丁二烯推进剂,8610（DQU一01C）,product_code,非密-危险特性汇总表.docx,1.0000,accepted
ALPD_427cc606df56cb5d3bd1,MATPD_affdbeb358e077ec1092,Material,端羟聚丁二烯推进剂,861lA,product_code,非密-危险特性汇总表.docx,0.6000,pending
ALPD_4bd6fe71eb8e022553a9,MATPD_2e494af60b3bda4af216,Material,端羟基聚丁二烯推进剂,PL一8,product_code,非密-危险特性汇总表.docx,1.0000,accepted
ALPD_cf76f7afb0c3eb4b45c6,MATPD_d5e3f8e0481727aa6c53,Material,端羟聚丁二烯推进剂,8612,product_code,非密-危险特性汇总表.docx,1.0000,accepted
ALPD_7e322bd79b93161bd238,MATPD_f6e273bd11b9df13dacd,Material,155底排药柱,DDB02,product_code,非密-危险特性汇总表.docx,1.0000,accepted
ALPD_0afc96b11dc8bab7f4ed,MATPD_044a46fba878fda5a206,Material,丁羟燃--02底排药,DQR--02,product_code,非密-危险特性汇总表.docx,1.0000,accepted
