candidate_id,source_entity_id,source_entity_type,source_name,candidate_entity_id,candidate_entity_type,candidate_name,matched_values_json,match_details_json,match_method,candidate_count,confidence,review_status,source_file,table_row
ALNPD_9da1a3a8a1478aab74d1,MATPD_61efba69f329d93785f6,Material,二硝基重氮酚,MATM91_f1dfaf017f89f24e41,Material,二硝基重氮酚,"[""二硝基重氮酚""]","[{""input_value"": ""二硝基重氮酚"", ""input_role"": ""canonical_name"", ""reference_value"": ""二硝基重氮酚"", ""reference_role"": ""canonical_name""}]",exact_canonical_or_synonym,2,0.7000,pending,非密-危险特性汇总表.docx,4
ALNPD_2f93d4c64829aabc2855,MATPD_61efba69f329d93785f6,Material,二硝基重氮酚,ENTM91_6cb6fe4c9cc8ad23cb,MaterialFamily,二硝基重氮酚,"[""二硝基重氮酚"", ""重氮二硝基苯酚""]","[{""input_value"": ""二硝基重氮酚"", ""input_role"": ""canonical_name"", ""reference_value"": ""二硝基重氮酚"", ""reference_role"": ""canonical_name""}, {""input_value"": ""重氮二硝基苯酚"", ""input_role"": ""synonym"", ""reference_value"": ""重氮二硝基苯酚"", ""reference_role"": ""chemical_synonym""}]",exact_canonical_or_synonym,2,0.7000,pending,非密-危险特性汇总表.docx,4
ALNPD_60c297339b4382eac0ba,MATPD_6c981788b4c726f5314b,Material,三硝基间苯二酚铅,MATM91_3356a2d71bc7ebcb60,Material,三硝基间苯二酚铅,"[""三硝基间苯二酚铅""]","[{""input_value"": ""三硝基间苯二酚铅"", ""input_role"": ""canonical_name"", ""reference_value"": ""三硝基间苯二酚铅"", ""reference_role"": ""canonical_name""}]",exact_canonical_or_synonym,2,0.7000,pending,非密-危险特性汇总表.docx,5
ALNPD_94fa13b25f0e46a61fca,MATPD_6c981788b4c726f5314b,Material,三硝基间苯二酚铅,ENTM91_8f8c0884c6b8671269,MaterialFamily,三硝基间苯二酚铅,"[""三硝基间苯二酚铅""]","[{""input_value"": ""三硝基间苯二酚铅"", ""input_role"": ""canonical_name"", ""reference_value"": ""三硝基间苯二酚铅"", ""reference_role"": ""canonical_name""}]",exact_canonical_or_synonym,2,0.7000,pending,非密-危险特性汇总表.docx,5
ALNPD_cb7791630bc9fe7aaadc,MATPD_a74eb96375894ccff38f,Material,叠氮化铅,MATM91_e6bf874468e5e131f4,Material,叠氮化铅,"[""叠氮化铅""]","[{""input_value"": ""叠氮化铅"", ""input_role"": ""canonical_name"", ""reference_value"": ""叠氮化铅"", ""reference_role"": ""canonical_name""}]",exact_canonical_or_synonym,2,0.7000,pending,非密-危险特性汇总表.docx,6
ALNPD_50a73b397a20de7ce88b,MATPD_a74eb96375894ccff38f,Material,叠氮化铅,ENTM91_c5dc0778d94f0a74e3,MaterialFamily,叠氮化铅,"[""叠氮化铅"", ""LA""]","[{""input_value"": ""叠氮化铅"", ""input_role"": ""canonical_name"", ""reference_value"": ""叠氮化铅"", ""reference_role"": ""canonical_name""}, {""input_value"": ""LA"", ""input_role"": ""product_code"", ""reference_value"": ""LA"", ""reference_role"": ""abbreviation""}]",exact_canonical_or_synonym,2,0.7000,pending,非密-危险特性汇总表.docx,6
ALNPD_97069304bd38cf55529a,MATPD_608469787201a8d96a55,Material,雷汞,MATM91_23d29af26b4ad4d9f5,Material,雷汞,"[""雷汞""]","[{""input_value"": ""雷汞"", ""input_role"": ""canonical_name"", ""reference_value"": ""雷汞"", ""reference_role"": ""canonical_name""}]",exact_canonical_or_synonym,2,0.7000,pending,非密-危险特性汇总表.docx,10
ALNPD_b0b23c048c16a585ef68,MATPD_608469787201a8d96a55,Material,雷汞,ENTM91_0b8febf72fe1975706,MaterialFamily,雷汞,"[""雷汞""]","[{""input_value"": ""雷汞"", ""input_role"": ""canonical_name"", ""reference_value"": ""雷汞"", ""reference_role"": ""canonical_name""}]",exact_canonical_or_synonym,2,0.7000,pending,非密-危险特性汇总表.docx,10
ALNPD_dd506990b913e000913d,MATPD_3d5bffcece35a7c5118a,Material,四氮烯,MATM91_4784e207147151cdd5,Material,四氮烯,"[""四氮烯""]","[{""input_value"": ""四氮烯"", ""input_role"": ""canonical_name"", ""reference_value"": ""四氮烯"", ""reference_role"": ""canonical_name""}]",exact_canonical_or_synonym,2,0.7000,pending,非密-危险特性汇总表.docx,11
ALNPD_4e29a11c9e442e0970b4,MATPD_3d5bffcece35a7c5118a,Material,四氮烯,ENTM91_a943005bae8d17c5b9,MaterialFamily,四氮烯,"[""四氮烯"", ""特屈拉辛""]","[{""input_value"": ""四氮烯"", ""input_role"": ""canonical_name"", ""reference_value"": ""四氮烯"", ""reference_role"": ""canonical_name""}, {""input_value"": ""特屈拉辛"", ""input_role"": ""product_code"", ""reference_value"": ""特屈拉辛"", ""reference_role"": ""chemical_synonym""}]",exact_canonical_or_synonym,2,0.7000,pending,非密-危险特性汇总表.docx,11
ALNPD_69bcb89ccb1c01566197,MATPD_7bc1298fd5a601da0080,Material,2，4—二硝基间苯二酚铅,MATM91_e8bf982cc306b0a0fa,Material,"2,4-二硝基间苯二酚铅","[""2，4—二硝基间苯二酚铅""]","[{""input_value"": ""2，4—二硝基间苯二酚铅"", ""input_role"": ""canonical_name"", ""reference_value"": ""2,4-二硝基间苯二酚铅"", ""reference_role"": ""canonical_name""}]",exact_canonical_or_synonym,2,0.7000,pending,非密-危险特性汇总表.docx,13
ALNPD_7e01784b11714ef3bee7,MATPD_7bc1298fd5a601da0080,Material,2，4—二硝基间苯二酚铅,ENTM91_d14bf0bf3f75843048,MaterialFamily,"2,4-二硝基间苯二酚铅","[""2，4—二硝基间苯二酚铅"", ""2，4—LDNR""]","[{""input_value"": ""2，4—二硝基间苯二酚铅"", ""input_role"": ""canonical_name"", ""reference_value"": ""2,4-二硝基间苯二酚铅"", ""reference_role"": ""canonical_name""}, {""input_value"": ""2，4—LDNR"", ""input_role"": ""product_code"", ""reference_value"": ""2,4-LDNR"", ""reference_role"": ""chemical_synonym""}]",exact_canonical_or_synonym,2,0.7000,pending,非密-危险特性汇总表.docx,13
ALNPD_8ae3e6ac4010f625357a,MATPD_a03c169ba67b5cc41309,Material,4，6—二硝基—7—羟基—7氢苯并氧化呋咱钾,MATM91_4a436d4ed9ff447523,Material,"4,6-二硝基-7-羟基-7氢苯并氧化呋咱钾","[""4，6—二硝基—7—羟基—7氢苯并氧化呋咱钾""]","[{""input_value"": ""4，6—二硝基—7—羟基—7氢苯并氧化呋咱钾"", ""input_role"": ""canonical_name"", ""reference_value"": ""4,6-二硝基-7-羟基-7氢苯并氧化呋咱钾"", ""reference_role"": ""canonical_name""}]",exact_canonical_or_synonym,2,0.7000,pending,非密-危险特性汇总表.docx,14
ALNPD_ff14195b7627c74c54d3,MATPD_a03c169ba67b5cc41309,Material,4，6—二硝基—7—羟基—7氢苯并氧化呋咱钾,ENTM91_800029eefff746a805,MaterialFamily,"4,6-二硝基-7-羟基-7氢苯并氧化呋咱钾","[""4，6—二硝基—7—羟基—7氢苯并氧化呋咱钾"", ""KDNBF""]","[{""input_value"": ""4，6—二硝基—7—羟基—7氢苯并氧化呋咱钾"", ""input_role"": ""canonical_name"", ""reference_value"": ""4,6-二硝基-7-羟基-7氢苯并氧化呋咱钾"", ""reference_role"": ""canonical_name""}, {""input_value"": ""KDNBF"", ""input_role"": ""product_code"", ""reference_value"": ""KDNBF"", ""reference_role"": ""abbreviation""}]",exact_canonical_or_synonym,2,0.7000,pending,非密-危险特性汇总表.docx,14
ALNPD_20d07cb87d4b85cd533d,MATPD_7a30c1e11224b700aa6b,Material,苦味酸钾,MATM91_0f9c6e64cf40fbb777,Material,苦味酸钾,"[""苦味酸钾""]","[{""input_value"": ""苦味酸钾"", ""input_role"": ""canonical_name"", ""reference_value"": ""苦味酸钾"", ""reference_role"": ""canonical_name""}]",exact_canonical_or_synonym,2,0.7000,pending,非密-危险特性汇总表.docx,15
ALNPD_0773a69938b0f79f3727,MATPD_7a30c1e11224b700aa6b,Material,苦味酸钾,ENTM91_5f6d3a4bc809f6d31f,MaterialFamily,苦味酸钾,"[""苦味酸钾"", ""KP""]","[{""input_value"": ""苦味酸钾"", ""input_role"": ""canonical_name"", ""reference_value"": ""苦味酸钾"", ""reference_role"": ""canonical_name""}, {""input_value"": ""KP"", ""input_role"": ""product_code"", ""reference_value"": ""KP"", ""reference_role"": ""abbreviation""}]",exact_canonical_or_synonym,2,0.7000,pending,非密-危险特性汇总表.docx,15
ALNPD_4d23e1badf51d9ea110e,MATPD_2bdeba018769c977ec8f,Material,GTG单质起爆药,MATM91_6058ecc21003240dbe,Material,GTG单质起爆药,"[""GTG单质起爆药""]","[{""input_value"": ""GTG单质起爆药"", ""input_role"": ""canonical_name"", ""reference_value"": ""GTG单质起爆药"", ""reference_role"": ""canonical_name""}]",exact_canonical_or_synonym,2,0.7000,pending,非密-危险特性汇总表.docx,16
ALNPD_a973be70545366d9414e,MATPD_2bdeba018769c977ec8f,Material,GTG单质起爆药,ENTM91_70a41a2f3e9a9bd579,MaterialFamily,GTG单质起爆药,"[""GTG单质起爆药"", ""GTG""]","[{""input_value"": ""GTG单质起爆药"", ""input_role"": ""canonical_name"", ""reference_value"": ""GTG单质起爆药"", ""reference_role"": ""canonical_name""}, {""input_value"": ""GTG"", ""input_role"": ""product_code"", ""reference_value"": ""GTG"", ""reference_role"": ""abbreviation""}]",exact_canonical_or_synonym,2,0.7000,pending,非密-危险特性汇总表.docx,16
ALNPD_90a1d52774d1c3472e70,MATPD_f045192515f41dc980eb,Material,硝酸肼镍起爆药,MATM91_734e238a801c072943,Material,硝酸肼镍起爆药,"[""硝酸肼镍起爆药""]","[{""input_value"": ""硝酸肼镍起爆药"", ""input_role"": ""canonical_name"", ""reference_value"": ""硝酸肼镍起爆药"", ""reference_role"": ""canonical_name""}]",exact_canonical_or_synonym,2,0.7000,pending,非密-危险特性汇总表.docx,17
ALNPD_606bbedf5e9990c7af7a,MATPD_f045192515f41dc980eb,Material,硝酸肼镍起爆药,ENTM91_65781cb8a461bd10f4,MaterialFamily,硝酸肼镍起爆药,"[""硝酸肼镍起爆药"", ""NHN""]","[{""input_value"": ""硝酸肼镍起爆药"", ""input_role"": ""canonical_name"", ""reference_value"": ""硝酸肼镍起爆药"", ""reference_role"": ""canonical_name""}, {""input_value"": ""NHN"", ""input_role"": ""product_code"", ""reference_value"": ""NHN"", ""reference_role"": ""abbreviation""}]",exact_canonical_or_synonym,2,0.7000,pending,非密-危险特性汇总表.docx,17
ALNPD_30a1f5ae0fa91cdea769,MATPD_4295850319cb4988c2e4,Material,斯蒂芬酸铅和斯蒂芬酸钡共沉淀,MATM91_41539cf8b74a80594d,Material,斯蒂芬酸铅和斯蒂芬酸钡共沉淀,"[""斯蒂芬酸铅和斯蒂芬酸钡共沉淀""]","[{""input_value"": ""斯蒂芬酸铅和斯蒂芬酸钡共沉淀"", ""input_role"": ""canonical_name"", ""reference_value"": ""斯蒂芬酸铅和斯蒂芬酸钡共沉淀"", ""reference_role"": ""canonical_name""}]",exact_canonical_or_synonym,2,0.7000,pending,非密-危险特性汇总表.docx,20
ALNPD_f9a4ab0dd64df7220262,MATPD_4295850319cb4988c2e4,Material,斯蒂芬酸铅和斯蒂芬酸钡共沉淀,ENTM91_76543fcd0837e2ad00,MaterialFamily,斯蒂芬酸铅和斯蒂芬酸钡共沉淀,"[""斯蒂芬酸铅和斯蒂芬酸钡共沉淀"", ""铅.钡共晶""]","[{""input_value"": ""斯蒂芬酸铅和斯蒂芬酸钡共沉淀"", ""input_role"": ""canonical_name"", ""reference_value"": ""斯蒂芬酸铅和斯蒂芬酸钡共沉淀"", ""reference_role"": ""canonical_name""}, {""input_value"": ""铅.钡共晶"", ""input_role"": ""product_code"", ""reference_value"": ""铅.钡共晶"", ""reference_role"": ""chemical_synonym""}]",exact_canonical_or_synonym,2,0.7000,pending,非密-危险特性汇总表.docx,20
ALNPD_801113a8b202219dea99,MATPD_ef9539a991855883c91d,Material,四氮烯和羧甲基纤维素氮化铅共沉淀,MATM91_4b98ff46f1bea97b90,Material,四氮烯和羧甲基纤维素氮化铅共沉淀,"[""四氮烯和羧甲基纤维素氮化铅共沉淀""]","[{""input_value"": ""四氮烯和羧甲基纤维素氮化铅共沉淀"", ""input_role"": ""canonical_name"", ""reference_value"": ""四氮烯和羧甲基纤维素氮化铅共沉淀"", ""reference_role"": ""canonical_name""}]",exact_canonical_or_synonym,2,0.7000,pending,非密-危险特性汇总表.docx,21
ALNPD_d708e256184f901596e1,MATPD_ef9539a991855883c91d,Material,四氮烯和羧甲基纤维素氮化铅共沉淀,ENTM91_7ceffdd9573ace4a39,MaterialFamily,四氮烯和羧甲基纤维素氮化铅共沉淀,"[""四氮烯和羧甲基纤维素氮化铅共沉淀"", ""S.SD共沉淀""]","[{""input_value"": ""四氮烯和羧甲基纤维素氮化铅共沉淀"", ""input_role"": ""canonical_name"", ""reference_value"": ""四氮烯和羧甲基纤维素氮化铅共沉淀"", ""reference_role"": ""canonical_name""}, {""input_value"": ""S.SD共沉淀"", ""input_role"": ""product_code"", ""reference_value"": ""S.SD共沉淀"", ""reference_role"": ""chemical_synonym""}]",exact_canonical_or_synonym,2,0.7000,pending,非密-危险特性汇总表.docx,21
ALNPD_c854a99b624e158b3090,MATPD_0a9d8536cdebc6912ec4,Material,梯恩梯,MATM91_1a2ac1fa61acb62449,Material,梯恩梯,"[""梯恩梯""]","[{""input_value"": ""梯恩梯"", ""input_role"": ""canonical_name"", ""reference_value"": ""梯恩梯"", ""reference_role"": ""canonical_name""}]",exact_canonical_or_synonym,2,0.7000,pending,非密-危险特性汇总表.docx,4
ALNPD_bc8ea1d4fb256325fe4c,MATPD_0a9d8536cdebc6912ec4,Material,梯恩梯,ENTM91_5c3ad9298576295583,MaterialFamily,梯恩梯,"[""梯恩梯"", ""TNT""]","[{""input_value"": ""梯恩梯"", ""input_role"": ""canonical_name"", ""reference_value"": ""梯恩梯"", ""reference_role"": ""canonical_name""}, {""input_value"": ""TNT"", ""input_role"": ""product_code"", ""reference_value"": ""TNT"", ""reference_role"": ""abbreviation""}]",exact_canonical_or_synonym,2,0.7000,pending,非密-危险特性汇总表.docx,4
ALNPD_087d86ebd0e61da31539,MATPD_744529d6e2fba3eb1fb5,Material,黑索今,MATM91_eaf88d805f8158b15c,Material,黑索今,"[""黑索今""]","[{""input_value"": ""黑索今"", ""input_role"": ""canonical_name"", ""reference_value"": ""黑索今"", ""reference_role"": ""canonical_name""}]",exact_canonical_or_synonym,2,0.7000,pending,非密-危险特性汇总表.docx,5
ALNPD_c39cc725ba46714322ba,MATPD_744529d6e2fba3eb1fb5,Material,黑索今,ENTM91_724c51854650585252,MaterialFamily,黑索今,"[""黑索今"", ""RDX""]","[{""input_value"": ""黑索今"", ""input_role"": ""canonical_name"", ""reference_value"": ""黑索今"", ""reference_role"": ""canonical_name""}, {""input_value"": ""RDX"", ""input_role"": ""product_code"", ""reference_value"": ""RDX"", ""reference_role"": ""abbreviation""}]",exact_canonical_or_synonym,2,0.7000,pending,非密-危险特性汇总表.docx,5
ALNPD_80616250a097b5d42ba4,MATPD_140085ebb23bb11375e0,Material,奥克托今,MATM91_30c0497800bd983915,Material,奥克托今,"[""奥克托今""]","[{""input_value"": ""奥克托今"", ""input_role"": ""canonical_name"", ""reference_value"": ""奥克托今"", ""reference_role"": ""canonical_name""}]",exact_canonical_or_synonym,2,0.7000,pending,非密-危险特性汇总表.docx,6
ALNPD_40fa48197f45b8336bac,MATPD_140085ebb23bb11375e0,Material,奥克托今,ENTM91_d3e8571212f6fa26b1,MaterialFamily,奥克托今,"[""奥克托今"", ""HMX""]","[{""input_value"": ""奥克托今"", ""input_role"": ""canonical_name"", ""reference_value"": ""奥克托今"", ""reference_role"": ""canonical_name""}, {""input_value"": ""HMX"", ""input_role"": ""product_code"", ""reference_value"": ""HMX"", ""reference_role"": ""abbreviation""}]",exact_canonical_or_synonym,2,0.7000,pending,非密-危险特性汇总表.docx,6
ALNPD_b6bdfe98338fef56572f,MATPD_6e0863b2c738b9dc74de,Material,特屈儿,MATM91_bbe111847b34b86755,Material,特屈儿,"[""特屈儿""]","[{""input_value"": ""特屈儿"", ""input_role"": ""canonical_name"", ""reference_value"": ""特屈儿"", ""reference_role"": ""canonical_name""}]",exact_canonical_or_synonym,2,0.7000,pending,非密-危险特性汇总表.docx,7
ALNPD_220c7c0b1243d40b7e90,MATPD_6e0863b2c738b9dc74de,Material,特屈儿,ENTM91_b5d873e288c7bb449d,MaterialFamily,特屈儿,"[""特屈儿""]","[{""input_value"": ""特屈儿"", ""input_role"": ""canonical_name"", ""reference_value"": ""特屈儿"", ""reference_role"": ""canonical_name""}]",exact_canonical_or_synonym,2,0.7000,pending,非密-危险特性汇总表.docx,7
ALNPD_ca91d4b8682e30e16d4c,MATPD_bc75d59fe17ed7dacbac,Material,太安,MATM91_968b5c55a6f7d20289,Material,太安,"[""太安""]","[{""input_value"": ""太安"", ""input_role"": ""canonical_name"", ""reference_value"": ""太安"", ""reference_role"": ""canonical_name""}]",exact_canonical_or_synonym,2,0.7000,pending,非密-危险特性汇总表.docx,8
ALNPD_6a2f58be2cc7c737e656,MATPD_bc75d59fe17ed7dacbac,Material,太安,ENTM91_aa98f5327801759a66,MaterialFamily,太安,"[""太安"", ""PETN""]","[{""input_value"": ""太安"", ""input_role"": ""canonical_name"", ""reference_value"": ""太安"", ""reference_role"": ""canonical_name""}, {""input_value"": ""PETN"", ""input_role"": ""product_code"", ""reference_value"": ""PETN"", ""reference_role"": ""abbreviation""}]",exact_canonical_or_synonym,2,0.7000,pending,非密-危险特性汇总表.docx,8
ALNPD_ab1d76e9df22f929f3aa,MATPD_ee169a55602321bb01e2,Material,硝化甘油,MATM91_0c3cc3d1129b5a8add,Material,硝化甘油,"[""硝化甘油""]","[{""input_value"": ""硝化甘油"", ""input_role"": ""canonical_name"", ""reference_value"": ""硝化甘油"", ""reference_role"": ""canonical_name""}]",exact_canonical_or_synonym,2,0.7000,pending,非密-危险特性汇总表.docx,9
ALNPD_20edb4a9a9fa88f4c424,MATPD_ee169a55602321bb01e2,Material,硝化甘油,ENTM91_1f07b18858430620ee,MaterialFamily,硝化甘油,"[""硝化甘油"", ""NG""]","[{""input_value"": ""硝化甘油"", ""input_role"": ""canonical_name"", ""reference_value"": ""硝化甘油"", ""reference_role"": ""canonical_name""}, {""input_value"": ""NG"", ""input_role"": ""product_code"", ""reference_value"": ""NG"", ""reference_role"": ""abbreviation""}]",exact_canonical_or_synonym,2,0.7000,pending,非密-危险特性汇总表.docx,9
ALNPD_ca71236ac56c008057ee,MATPD_6d3a2ae6db4ddd33532f,Material,硝基胍,MATM91_9dbf4ad19d9b31e626,Material,硝基胍,"[""硝基胍""]","[{""input_value"": ""硝基胍"", ""input_role"": ""canonical_name"", ""reference_value"": ""硝基胍"", ""reference_role"": ""canonical_name""}]",exact_canonical_or_synonym,2,0.7000,pending,非密-危险特性汇总表.docx,10
ALNPD_bb7c11875c1a750688f3,MATPD_6d3a2ae6db4ddd33532f,Material,硝基胍,ENTM91_04a43a7eea3403d325,MaterialFamily,硝基胍,"[""硝基胍"", ""NQ""]","[{""input_value"": ""硝基胍"", ""input_role"": ""canonical_name"", ""reference_value"": ""硝基胍"", ""reference_role"": ""canonical_name""}, {""input_value"": ""NQ"", ""input_role"": ""product_code"", ""reference_value"": ""NQ"", ""reference_role"": ""abbreviation""}]",exact_canonical_or_synonym,2,0.7000,pending,非密-危险特性汇总表.docx,10
ALNPD_222426fd5185cea919f0,MATPD_e0aacbfe28775ea6fafd,Material,苦味酸,MATM91_5135994ff27846f240,Material,苦味酸,"[""苦味酸""]","[{""input_value"": ""苦味酸"", ""input_role"": ""canonical_name"", ""reference_value"": ""苦味酸"", ""reference_role"": ""canonical_name""}]",exact_canonical_or_synonym,2,0.7000,pending,非密-危险特性汇总表.docx,11
ALNPD_2a917158e509fe0dbbef,MATPD_e0aacbfe28775ea6fafd,Material,苦味酸,ENTM91_be1034561c828bcb54,MaterialFamily,苦味酸,"[""苦味酸""]","[{""input_value"": ""苦味酸"", ""input_role"": ""canonical_name"", ""reference_value"": ""苦味酸"", ""reference_role"": ""canonical_name""}]",exact_canonical_or_synonym,2,0.7000,pending,非密-危险特性汇总表.docx,11
ALNPD_24cabe71ee80f1b0e34b,MATPD_a70a0e92b7918549ab9f,Material,六硝基芪,MATM91_d70fba903e9702ba59,Material,六硝基芪,"[""六硝基芪""]","[{""input_value"": ""六硝基芪"", ""input_role"": ""canonical_name"", ""reference_value"": ""六硝基芪"", ""reference_role"": ""canonical_name""}]",exact_canonical_or_synonym,2,0.7000,pending,非密-危险特性汇总表.docx,12
ALNPD_5d4d2ec9b4ec8ea7dc8b,MATPD_a70a0e92b7918549ab9f,Material,六硝基芪,ENTM91_011e0872717efbb004,MaterialFamily,六硝基芪,"[""六硝基芪"", ""HNS""]","[{""input_value"": ""六硝基芪"", ""input_role"": ""canonical_name"", ""reference_value"": ""六硝基芪"", ""reference_role"": ""canonical_name""}, {""input_value"": ""HNS"", ""input_role"": ""product_code"", ""reference_value"": ""HNS"", ""reference_role"": ""abbreviation""}]",exact_canonical_or_synonym,2,0.7000,pending,非密-危险特性汇总表.docx,12
ALNPD_7d460ff3699a24f057db,MATPD_c1de4378c1c92cc458cc,Material,三氨基三硝基苯,MATM91_739716aff54d187eda,Material,三氨基三硝基苯,"[""三氨基三硝基苯""]","[{""input_value"": ""三氨基三硝基苯"", ""input_role"": ""canonical_name"", ""reference_value"": ""三氨基三硝基苯"", ""reference_role"": ""canonical_name""}]",exact_canonical_or_synonym,2,0.7000,pending,非密-危险特性汇总表.docx,13
ALNPD_e13d2634b57b96121c2a,MATPD_c1de4378c1c92cc458cc,Material,三氨基三硝基苯,ENTM91_bf27ab71dbf605fc8b,MaterialFamily,三氨基三硝基苯,"[""三氨基三硝基苯"", ""TATB""]","[{""input_value"": ""三氨基三硝基苯"", ""input_role"": ""canonical_name"", ""reference_value"": ""三氨基三硝基苯"", ""reference_role"": ""canonical_name""}, {""input_value"": ""TATB"", ""input_role"": ""product_code"", ""reference_value"": ""TATB"", ""reference_role"": ""abbreviation""}]",exact_canonical_or_synonym,2,0.7000,pending,非密-危险特性汇总表.docx,13
ALNPD_aa02226d3a718fd029f1,MATPD_7273a5ff6d574cf70bbc,Material,3—硝基—1，2，4—三唑—5—酮,MATM91_9cf06c174ca3a4661a,Material,"3-硝基-1,2,4-三唑-5-酮","[""3—硝基—1，2，4—三唑—5—酮""]","[{""input_value"": ""3—硝基—1，2，4—三唑—5—酮"", ""input_role"": ""canonical_name"", ""reference_value"": ""3-硝基-1,2,4-三唑-5-酮"", ""reference_role"": ""canonical_name""}]",exact_canonical_or_synonym,2,0.7000,pending,非密-危险特性汇总表.docx,15
ALNPD_667830ed6f0bee22f572,MATPD_7273a5ff6d574cf70bbc,Material,3—硝基—1，2，4—三唑—5—酮,ENTM91_eaa06e126f4f2022fe,MaterialFamily,"3-硝基-1,2,4-三唑-5-酮","[""3—硝基—1，2，4—三唑—5—酮"", ""NTO""]","[{""input_value"": ""3—硝基—1，2，4—三唑—5—酮"", ""input_role"": ""canonical_name"", ""reference_value"": ""3-硝基-1,2,4-三唑-5-酮"", ""reference_role"": ""canonical_name""}, {""input_value"": ""NTO"", ""input_role"": ""product_code"", ""reference_value"": ""NTO"", ""reference_role"": ""abbreviation""}]",exact_canonical_or_synonym,2,0.7000,pending,非密-危险特性汇总表.docx,15
ALNPD_253fa071d4bba5e85e00,MATPD_c4763b48d43772aaf37f,Material,10#159炸药,MATM91_11c8cdd58a7cedbad0,Material,10#159炸药,"[""10#159炸药""]","[{""input_value"": ""10#159炸药"", ""input_role"": ""canonical_name"", ""reference_value"": ""10#159炸药"", ""reference_role"": ""canonical_name""}]",exact_canonical_or_synonym,2,0.7000,pending,非密-危险特性汇总表.docx,3
ALNPD_5d9af083cd9cf49eb6f6,MATPD_c4763b48d43772aaf37f,Material,10#159炸药,ENTM91_6ea495878a1fec1517,MaterialFamily,10#159炸药,"[""10#159炸药""]","[{""input_value"": ""10#159炸药"", ""input_role"": ""canonical_name"", ""reference_value"": ""10#159炸药"", ""reference_role"": ""canonical_name""}]",exact_canonical_or_synonym,2,0.7000,pending,非密-危险特性汇总表.docx,3
ALNPD_8ddb07b33e884fc32be4,CMPPD_fccd31e6196ed610b1cc,ChemicalComponent,奥克托今,ENTM92_fccd31e6196ed610b1,ChemicalComponent,奥克托今,"[""奥克托今""]","[{""input_value"": ""奥克托今"", ""input_role"": ""canonical_name"", ""reference_value"": ""奥克托今"", ""reference_role"": ""canonical_name""}]",exact_requires_review,3,0.7000,pending,非密-危险特性汇总表.docx,48
ALNPD_d8a5b82ce3aa576b601e,CMPPD_fccd31e6196ed610b1cc,ChemicalComponent,奥克托今,MATM91_30c0497800bd983915,Material,奥克托今,"[""奥克托今""]","[{""input_value"": ""奥克托今"", ""input_role"": ""canonical_name"", ""reference_value"": ""奥克托今"", ""reference_role"": ""canonical_name""}]",exact_requires_review,3,0.7000,pending,非密-危险特性汇总表.docx,48
ALNPD_b70e39b86946e0e593d8,CMPPD_fccd31e6196ed610b1cc,ChemicalComponent,奥克托今,ENTM91_d3e8571212f6fa26b1,MaterialFamily,奥克托今,"[""奥克托今""]","[{""input_value"": ""奥克托今"", ""input_role"": ""canonical_name"", ""reference_value"": ""奥克托今"", ""reference_role"": ""canonical_name""}]",exact_requires_review,3,0.7000,pending,非密-危险特性汇总表.docx,48
ALNPD_a12fcbffec53cb43c519,CMPPD_c0390e14970997c54d48,ChemicalComponent,氟橡胶,ENTM92_c0390e14970997c54d,ChemicalComponent,氟橡胶,"[""氟橡胶""]","[{""input_value"": ""氟橡胶"", ""input_role"": ""canonical_name"", ""reference_value"": ""氟橡胶"", ""reference_role"": ""canonical_name""}]",exact_canonical_or_synonym,1,1.0000,accepted,非密-危险特性汇总表.docx,38
ALNPD_40d12308f0925e8fcfe5,CMPPD_99ca1fc9ec636da6f104,ChemicalComponent,石墨,ENTM92_dc3f9d09b4871f0a85,ComponentGroup,石墨,"[""石墨""]","[{""input_value"": ""石墨"", ""input_role"": ""canonical_name"", ""reference_value"": ""石墨"", ""reference_role"": ""canonical_name""}]",exact_canonical_or_synonym,1,1.0000,accepted,非密-危险特性汇总表.docx,92
ALNPD_369fde3bc48782319e0a,CMPPD_acb6221789f5af2b7a1a,ChemicalComponent,梯恩梯,ENTM92_acb6221789f5af2b7a,ChemicalComponent,梯恩梯,"[""梯恩梯""]","[{""input_value"": ""梯恩梯"", ""input_role"": ""canonical_name"", ""reference_value"": ""梯恩梯"", ""reference_role"": ""canonical_name""}]",exact_requires_review,3,0.7000,pending,非密-危险特性汇总表.docx,40
ALNPD_886b75fddfb76489a5b3,CMPPD_acb6221789f5af2b7a1a,ChemicalComponent,梯恩梯,MATM91_1a2ac1fa61acb62449,Material,梯恩梯,"[""梯恩梯""]","[{""input_value"": ""梯恩梯"", ""input_role"": ""canonical_name"", ""reference_value"": ""梯恩梯"", ""reference_role"": ""canonical_name""}]",exact_requires_review,3,0.7000,pending,非密-危险特性汇总表.docx,40
ALNPD_d2520f71e1cf41092093,CMPPD_acb6221789f5af2b7a1a,ChemicalComponent,梯恩梯,ENTM91_5c3ad9298576295583,MaterialFamily,梯恩梯,"[""梯恩梯""]","[{""input_value"": ""梯恩梯"", ""input_role"": ""canonical_name"", ""reference_value"": ""梯恩梯"", ""reference_role"": ""canonical_name""}]",exact_requires_review,3,0.7000,pending,非密-危险特性汇总表.docx,40
ALNPD_1e69ce8e45c23c73ed64,MATPD_4230d924a9ae9a5c8fef,Material,熔奥梯铝—1炸药,MATM91_ccffabb3fe59379508,Material,熔奥梯铝-1炸药,"[""熔奥梯铝—1炸药""]","[{""input_value"": ""熔奥梯铝—1炸药"", ""input_role"": ""canonical_name"", ""reference_value"": ""熔奥梯铝-1炸药"", ""reference_role"": ""canonical_name""}]",exact_canonical_or_synonym,2,0.7000,pending,非密-危险特性汇总表.docx,7
ALNPD_1425aaae54f7e8bfcb64,MATPD_4230d924a9ae9a5c8fef,Material,熔奥梯铝—1炸药,ENTM91_cd702b7889ec4928d5,MaterialFamily,熔奥梯铝-1炸药,"[""熔奥梯铝—1炸药""]","[{""input_value"": ""熔奥梯铝—1炸药"", ""input_role"": ""canonical_name"", ""reference_value"": ""熔奥梯铝-1炸药"", ""reference_role"": ""canonical_name""}]",exact_canonical_or_synonym,2,0.7000,pending,非密-危险特性汇总表.docx,7
ALNPD_676401cfc3f280003bf3,CMPPD_ef25a0c55341b4167e75,ChemicalComponent,铝粉,ENTM92_ef25a0c55341b4167e,ChemicalComponent,铝粉,"[""铝粉""]","[{""input_value"": ""铝粉"", ""input_role"": ""canonical_name"", ""reference_value"": ""铝粉"", ""reference_role"": ""canonical_name""}]",exact_canonical_or_synonym,1,1.0000,accepted,非密-危险特性汇总表.docx,62
ALNPD_3c0fbbfb388594a93fa1,CMPPD_da363b16014a334d6ed6,ComponentGroup,钝感剂,ENTM92_da363b16014a334d6e,ComponentGroup,钝感剂,"[""钝感剂""]","[{""input_value"": ""钝感剂"", ""input_role"": ""canonical_name"", ""reference_value"": ""钝感剂"", ""reference_role"": ""canonical_name""}]",exact_canonical_or_synonym,1,1.0000,accepted,非密-危险特性汇总表.docx,31
ALNPD_15a51395e95c5f554b00,MATPD_8f84dc6cfdf9268b2080,Material,熔奥黑梯铝炸药,MATM91_665b8b8114437a7d27,Material,熔奥黑梯铝炸药,"[""熔奥黑梯铝炸药""]","[{""input_value"": ""熔奥黑梯铝炸药"", ""input_role"": ""canonical_name"", ""reference_value"": ""熔奥黑梯铝炸药"", ""reference_role"": ""canonical_name""}]",exact_canonical_or_synonym,2,0.7000,pending,非密-危险特性汇总表.docx,8
ALNPD_e82bbf23b56739500147,MATPD_8f84dc6cfdf9268b2080,Material,熔奥黑梯铝炸药,ENTM91_94049d7b65d52100a6,MaterialFamily,熔奥黑梯铝炸药,"[""熔奥黑梯铝炸药""]","[{""input_value"": ""熔奥黑梯铝炸药"", ""input_role"": ""canonical_name"", ""reference_value"": ""熔奥黑梯铝炸药"", ""reference_role"": ""canonical_name""}]",exact_canonical_or_synonym,2,0.7000,pending,非密-危险特性汇总表.docx,8
ALNPD_316de06d0d2e0ce6b404,CMPPD_4b2c3f8af6a78bfa824d,ChemicalComponent,黑索今,ENTM92_4b2c3f8af6a78bfa82,ChemicalComponent,黑索今,"[""黑索今""]","[{""input_value"": ""黑索今"", ""input_role"": ""canonical_name"", ""reference_value"": ""黑索今"", ""reference_role"": ""canonical_name""}]",exact_requires_review,3,0.7000,pending,非密-危险特性汇总表.docx,59
ALNPD_0854d8453f4d2a470dd5,CMPPD_4b2c3f8af6a78bfa824d,ChemicalComponent,黑索今,MATM91_eaf88d805f8158b15c,Material,黑索今,"[""黑索今""]","[{""input_value"": ""黑索今"", ""input_role"": ""canonical_name"", ""reference_value"": ""黑索今"", ""reference_role"": ""canonical_name""}]",exact_requires_review,3,0.7000,pending,非密-危险特性汇总表.docx,59
ALNPD_a69d0e9d46aace3cd68a,CMPPD_4b2c3f8af6a78bfa824d,ChemicalComponent,黑索今,ENTM91_724c51854650585252,MaterialFamily,黑索今,"[""黑索今""]","[{""input_value"": ""黑索今"", ""input_role"": ""canonical_name"", ""reference_value"": ""黑索今"", ""reference_role"": ""canonical_name""}]",exact_requires_review,3,0.7000,pending,非密-危险特性汇总表.docx,59
ALNPD_fd9c7c775dcb15b1a667,MATPD_7e6ffe7c5cd595f94f9b,Material,聚奥—9炸药,MATM91_ecd0619528dfb83416,Material,聚奥-9炸药,"[""聚奥—9炸药""]","[{""input_value"": ""聚奥—9炸药"", ""input_role"": ""canonical_name"", ""reference_value"": ""聚奥-9炸药"", ""reference_role"": ""canonical_name""}]",exact_canonical_or_synonym,2,0.7000,pending,非密-危险特性汇总表.docx,9
ALNPD_5702d78c4c684ef32181,MATPD_7e6ffe7c5cd595f94f9b,Material,聚奥—9炸药,ENTM91_b73c1db3faa4ba8f60,MaterialFamily,聚奥-9炸药,"[""聚奥—9炸药""]","[{""input_value"": ""聚奥—9炸药"", ""input_role"": ""canonical_name"", ""reference_value"": ""聚奥-9炸药"", ""reference_role"": ""canonical_name""}]",exact_canonical_or_synonym,2,0.7000,pending,非密-危险特性汇总表.docx,9
ALNPD_7c77cd46e9306cd75ed9,MATPD_275af0133edd034daf49,Material,奥克氟儿炸药,ENTM91_21f9a1023b030d4e91,MaterialFamily,奥克氟儿炸药,"[""奥克氟儿炸药""]","[{""input_value"": ""奥克氟儿炸药"", ""input_role"": ""canonical_name"", ""reference_value"": ""奥克氟儿炸药"", ""reference_role"": ""canonical_name""}]",exact_canonical_or_synonym,1,1.0000,accepted,非密-危险特性汇总表.docx,10
ALNPD_5450f9d852db92089514,MATPD_73772e1c37defa2db38f,Material,317混合炸药,MATM91_c20a163073b9f5108b,Material,317混合炸药,"[""317混合炸药""]","[{""input_value"": ""317混合炸药"", ""input_role"": ""canonical_name"", ""reference_value"": ""317混合炸药"", ""reference_role"": ""canonical_name""}]",exact_canonical_or_synonym,2,0.7000,pending,非密-危险特性汇总表.docx,12
ALNPD_9eaeb274fbe05c65ad42,MATPD_73772e1c37defa2db38f,Material,317混合炸药,ENTM91_ef2c80145a1cdcd325,MaterialFamily,317混合炸药,"[""317混合炸药""]","[{""input_value"": ""317混合炸药"", ""input_role"": ""canonical_name"", ""reference_value"": ""317混合炸药"", ""reference_role"": ""canonical_name""}]",exact_canonical_or_synonym,2,0.7000,pending,非密-危险特性汇总表.docx,12
ALNPD_3d559f4822d50c19719a,MATPD_5bffa7a46b0f38109bac,Material,LX—14炸药,MATM91_5c9c744e67fce50978,Material,LX-14炸药,"[""LX—14炸药""]","[{""input_value"": ""LX—14炸药"", ""input_role"": ""canonical_name"", ""reference_value"": ""LX-14炸药"", ""reference_role"": ""canonical_name""}]",exact_canonical_or_synonym,2,0.7000,pending,非密-危险特性汇总表.docx,13
ALNPD_6a3f592d213718b92fb0,MATPD_5bffa7a46b0f38109bac,Material,LX—14炸药,ENTM91_6011bce3f9047c5165,MaterialFamily,LX-14炸药,"[""LX—14炸药""]","[{""input_value"": ""LX—14炸药"", ""input_role"": ""canonical_name"", ""reference_value"": ""LX-14炸药"", ""reference_role"": ""canonical_name""}]",exact_canonical_or_synonym,2,0.7000,pending,非密-危险特性汇总表.docx,13
ALNPD_bd2d8a0fff0d79a46689,MATPD_451f9b8096d72f9dc845,Material,奥克托尔炸药Ⅰ型,MATM91_a66100e9ea6d64eb36,Material,奥克托尔炸药I型,"[""奥克托尔炸药Ⅰ型""]","[{""input_value"": ""奥克托尔炸药Ⅰ型"", ""input_role"": ""canonical_name"", ""reference_value"": ""奥克托尔炸药I型"", ""reference_role"": ""canonical_name""}]",exact_canonical_or_synonym,2,0.7000,pending,非密-危险特性汇总表.docx,14
ALNPD_27425173913cb2c723e9,MATPD_451f9b8096d72f9dc845,Material,奥克托尔炸药Ⅰ型,ENTM91_febda8b3f2dd3dc13a,MaterialFamily,奥克托尔炸药I型,"[""奥克托尔炸药Ⅰ型""]","[{""input_value"": ""奥克托尔炸药Ⅰ型"", ""input_role"": ""canonical_name"", ""reference_value"": ""奥克托尔炸药I型"", ""reference_role"": ""canonical_name""}]",exact_canonical_or_synonym,2,0.7000,pending,非密-危险特性汇总表.docx,14
ALNPD_c9d1d692cd88189d9feb,MATPD_a5f2fab1407048bf68f5,Material,奥克托尔炸药Ⅱ型,MATM91_18524b14be874188d1,Material,奥克托尔炸药II型,"[""奥克托尔炸药Ⅱ型""]","[{""input_value"": ""奥克托尔炸药Ⅱ型"", ""input_role"": ""canonical_name"", ""reference_value"": ""奥克托尔炸药II型"", ""reference_role"": ""canonical_name""}]",exact_canonical_or_synonym,2,0.7000,pending,非密-危险特性汇总表.docx,15
ALNPD_082e040e40aeca28345b,MATPD_a5f2fab1407048bf68f5,Material,奥克托尔炸药Ⅱ型,ENTM91_be53954fecca1fb466,MaterialFamily,奥克托尔炸药II型,"[""奥克托尔炸药Ⅱ型""]","[{""input_value"": ""奥克托尔炸药Ⅱ型"", ""input_role"": ""canonical_name"", ""reference_value"": ""奥克托尔炸药II型"", ""reference_role"": ""canonical_name""}]",exact_canonical_or_synonym,2,0.7000,pending,非密-危险特性汇总表.docx,15
ALNPD_87095437ff9ff3de4c81,MATPD_50bfd897f6dd7391fb3d,Material,聚黑—14传爆药,MATM91_a909426e2e62577efe,Material,聚黑-14传爆药,"[""聚黑—14传爆药""]","[{""input_value"": ""聚黑—14传爆药"", ""input_role"": ""canonical_name"", ""reference_value"": ""聚黑-14传爆药"", ""reference_role"": ""canonical_name""}]",exact_canonical_or_synonym,2,0.7000,pending,非密-危险特性汇总表.docx,16
ALNPD_7cf05bec99c4453922c4,MATPD_50bfd897f6dd7391fb3d,Material,聚黑—14传爆药,ENTM91_b8ff9427cd7ff705e9,MaterialFamily,聚黑-14传爆药,"[""聚黑—14传爆药""]","[{""input_value"": ""聚黑—14传爆药"", ""input_role"": ""canonical_name"", ""reference_value"": ""聚黑-14传爆药"", ""reference_role"": ""canonical_name""}]",exact_canonical_or_synonym,2,0.7000,pending,非密-危险特性汇总表.docx,16
ALNPD_a22539262200e00e8347,MATPD_89cc320faa025ee00309,Material,聚黑—16炸药,MATM91_162c83c1c3396c7bda,Material,聚黑-16炸药,"[""聚黑—16炸药""]","[{""input_value"": ""聚黑—16炸药"", ""input_role"": ""canonical_name"", ""reference_value"": ""聚黑-16炸药"", ""reference_role"": ""canonical_name""}]",exact_canonical_or_synonym,2,0.7000,pending,非密-危险特性汇总表.docx,17
ALNPD_46e3aa6f0d9bf9e12a34,MATPD_89cc320faa025ee00309,Material,聚黑—16炸药,ENTM91_2190097048aaeaf475,MaterialFamily,聚黑-16炸药,"[""聚黑—16炸药""]","[{""input_value"": ""聚黑—16炸药"", ""input_role"": ""canonical_name"", ""reference_value"": ""聚黑-16炸药"", ""reference_role"": ""canonical_name""}]",exact_canonical_or_synonym,2,0.7000,pending,非密-危险特性汇总表.docx,17
ALNPD_b0dd0a9a858c836a51e8,MATPD_322ab4f6e7535733a71f,Material,聚黑—15炸药,MATM91_92da6d83dd0765811b,Material,聚黑-15炸药,"[""聚黑—15炸药""]","[{""input_value"": ""聚黑—15炸药"", ""input_role"": ""canonical_name"", ""reference_value"": ""聚黑-15炸药"", ""reference_role"": ""canonical_name""}]",exact_canonical_or_synonym,2,0.7000,pending,非密-危险特性汇总表.docx,18
ALNPD_b799347bb065a70e1ebb,MATPD_322ab4f6e7535733a71f,Material,聚黑—15炸药,ENTM91_658f93b1e919d1200c,MaterialFamily,聚黑-15炸药,"[""聚黑—15炸药""]","[{""input_value"": ""聚黑—15炸药"", ""input_role"": ""canonical_name"", ""reference_value"": ""聚黑-15炸药"", ""reference_role"": ""canonical_name""}]",exact_canonical_or_synonym,2,0.7000,pending,非密-危险特性汇总表.docx,18
ALNPD_491b9dec8825ae2bf1d6,MATPD_24a8ced1878958148ae8,Material,低易损混合炸药,MATM91_50001123a96a380d87,Material,低易损混合炸药,"[""低易损混合炸药""]","[{""input_value"": ""低易损混合炸药"", ""input_role"": ""canonical_name"", ""reference_value"": ""低易损混合炸药"", ""reference_role"": ""canonical_name""}]",exact_canonical_or_synonym,2,0.7000,pending,非密-危险特性汇总表.docx,19
ALNPD_cdf3e3ad77a2893788e7,MATPD_24a8ced1878958148ae8,Material,低易损混合炸药,ENTM91_c4480eb63e2016a3e8,MaterialFamily,低易损混合炸药,"[""低易损混合炸药""]","[{""input_value"": ""低易损混合炸药"", ""input_role"": ""canonical_name"", ""reference_value"": ""低易损混合炸药"", ""reference_role"": ""canonical_name""}]",exact_canonical_or_synonym,2,0.7000,pending,非密-危险特性汇总表.docx,19
ALNPD_7b8b206c7a59808090ae,MATPD_ef47915dc56c6158e333,Material,钝黑铝炸药,MATM91_623d2d4a91211e84b8,Material,钝黑铝炸药,"[""钝黑铝炸药""]","[{""input_value"": ""钝黑铝炸药"", ""input_role"": ""canonical_name"", ""reference_value"": ""钝黑铝炸药"", ""reference_role"": ""canonical_name""}]",exact_canonical_or_synonym,2,0.7000,pending,非密-危险特性汇总表.docx,21
ALNPD_48ecaaf8060bbb56ab06,MATPD_ef47915dc56c6158e333,Material,钝黑铝炸药,ENTM91_fbcf4ad18c0f661daf,MaterialFamily,钝黑铝炸药,"[""钝黑铝炸药""]","[{""input_value"": ""钝黑铝炸药"", ""input_role"": ""canonical_name"", ""reference_value"": ""钝黑铝炸药"", ""reference_role"": ""canonical_name""}]",exact_canonical_or_synonym,2,0.7000,pending,非密-危险特性汇总表.docx,21
ALNPD_78e4db9dc4ca58ddfcdf,MATPD_7b26483e3dba3d991276,Material,聚黑铝—2高炸药,MATM91_fd2a37bc77882d7422,Material,聚黑铝-2高炸药,"[""聚黑铝—2高炸药""]","[{""input_value"": ""聚黑铝—2高炸药"", ""input_role"": ""canonical_name"", ""reference_value"": ""聚黑铝-2高炸药"", ""reference_role"": ""canonical_name""}]",exact_canonical_or_synonym,2,0.7000,pending,非密-危险特性汇总表.docx,22
ALNPD_eb78e16256cc3950d8ae,MATPD_7b26483e3dba3d991276,Material,聚黑铝—2高炸药,ENTM91_aee13df59ce6c429e5,MaterialFamily,聚黑铝-2高炸药,"[""聚黑铝—2高炸药""]","[{""input_value"": ""聚黑铝—2高炸药"", ""input_role"": ""canonical_name"", ""reference_value"": ""聚黑铝-2高炸药"", ""reference_role"": ""canonical_name""}]",exact_canonical_or_synonym,2,0.7000,pending,非密-危险特性汇总表.docx,22
ALNPD_de8a60d98362160d0799,MATPD_5a538f3f11aaee02f1af,Material,钝黑梯—1炸药,MATM91_c00613185fda6250c0,Material,钝黑梯-1炸药,"[""钝黑梯—1炸药""]","[{""input_value"": ""钝黑梯—1炸药"", ""input_role"": ""canonical_name"", ""reference_value"": ""钝黑梯-1炸药"", ""reference_role"": ""canonical_name""}]",exact_canonical_or_synonym,2,0.7000,pending,非密-危险特性汇总表.docx,24
ALNPD_cf4fdeacc594039d1fa2,MATPD_5a538f3f11aaee02f1af,Material,钝黑梯—1炸药,ENTM91_067ac4ad0251ff9456,MaterialFamily,钝黑梯-1炸药,"[""钝黑梯—1炸药""]","[{""input_value"": ""钝黑梯—1炸药"", ""input_role"": ""canonical_name"", ""reference_value"": ""钝黑梯-1炸药"", ""reference_role"": ""canonical_name""}]",exact_canonical_or_synonym,2,0.7000,pending,非密-危险特性汇总表.docx,24
ALNPD_2a93762c19dea47d3c91,MATPD_d7efbd7900ec922c8079,Material,钝化黑索今,MATM91_7e320004a278a4ae94,Material,钝化黑索今,"[""钝化黑索今""]","[{""input_value"": ""钝化黑索今"", ""input_role"": ""canonical_name"", ""reference_value"": ""钝化黑索今"", ""reference_role"": ""canonical_name""}]",exact_requires_review,2,0.7000,pending,非密-危险特性汇总表.docx,25
ALNPD_b32c1a96945d92c262a9,MATPD_d7efbd7900ec922c8079,Material,钝化黑索今,ENTM91_a43e1b0b4c8de1441f,MaterialFamily,钝化黑索今,"[""钝化黑索今""]","[{""input_value"": ""钝化黑索今"", ""input_role"": ""canonical_name"", ""reference_value"": ""钝化黑索今"", ""reference_role"": ""canonical_name""}]",exact_requires_review,2,0.7000,pending,非密-危险特性汇总表.docx,25
ALNPD_92f180d151ce6447280f,MATPD_8d0b6dd659f0c89fe050,Material,钝黑—2炸药,MATM91_6a610e298f01f90671,Material,钝黑-2炸药,"[""钝黑—2炸药""]","[{""input_value"": ""钝黑—2炸药"", ""input_role"": ""canonical_name"", ""reference_value"": ""钝黑-2炸药"", ""reference_role"": ""canonical_name""}]",exact_canonical_or_synonym,2,0.7000,pending,非密-危险特性汇总表.docx,26
ALNPD_cb505698ea79ddf65dd6,MATPD_8d0b6dd659f0c89fe050,Material,钝黑—2炸药,ENTM91_b7ef21f17e2a601293,MaterialFamily,钝黑-2炸药,"[""钝黑—2炸药""]","[{""input_value"": ""钝黑—2炸药"", ""input_role"": ""canonical_name"", ""reference_value"": ""钝黑-2炸药"", ""reference_role"": ""canonical_name""}]",exact_canonical_or_synonym,2,0.7000,pending,非密-危险特性汇总表.docx,26
ALNPD_bed80e3fe42911bb09e9,MATPD_3798dffb9041f5540758,Material,钝黑—3炸药,MATM91_7cfa7cc7667d953666,Material,钝黑-3炸药,"[""钝黑—3炸药""]","[{""input_value"": ""钝黑—3炸药"", ""input_role"": ""canonical_name"", ""reference_value"": ""钝黑-3炸药"", ""reference_role"": ""canonical_name""}]",exact_canonical_or_synonym,2,0.7000,pending,非密-危险特性汇总表.docx,27
ALNPD_7053b5213e13c264e6ac,MATPD_3798dffb9041f5540758,Material,钝黑—3炸药,ENTM91_5c7d200d9cea2079c3,MaterialFamily,钝黑-3炸药,"[""钝黑—3炸药""]","[{""input_value"": ""钝黑—3炸药"", ""input_role"": ""canonical_name"", ""reference_value"": ""钝黑-3炸药"", ""reference_role"": ""canonical_name""}]",exact_canonical_or_synonym,2,0.7000,pending,非密-危险特性汇总表.docx,27
ALNPD_04b8c8f4e02fa6f5c4f5,MATPD_9bb2171f3be6bb4d5eb6,Material,钝黑—4炸药,MATM91_53e7e9a0b273cc1763,Material,钝黑-4炸药,"[""钝黑—4炸药""]","[{""input_value"": ""钝黑—4炸药"", ""input_role"": ""canonical_name"", ""reference_value"": ""钝黑-4炸药"", ""reference_role"": ""canonical_name""}]",exact_canonical_or_synonym,2,0.7000,pending,非密-危险特性汇总表.docx,28
ALNPD_6cb215750c2c1fe0b1d7,MATPD_9bb2171f3be6bb4d5eb6,Material,钝黑—4炸药,ENTM91_3dbc37cd789d8aaa41,MaterialFamily,钝黑-4炸药,"[""钝黑—4炸药""]","[{""input_value"": ""钝黑—4炸药"", ""input_role"": ""canonical_name"", ""reference_value"": ""钝黑-4炸药"", ""reference_role"": ""canonical_name""}]",exact_canonical_or_synonym,2,0.7000,pending,非密-危险特性汇总表.docx,28
ALNPD_ce10451dc657be71ac0c,MATPD_4fe4e94dc50faed251b7,Material,钝黑—5炸药,MATM91_ab4e28f7e8fc684fa7,Material,钝黑-5炸药,"[""钝黑—5炸药""]","[{""input_value"": ""钝黑—5炸药"", ""input_role"": ""canonical_name"", ""reference_value"": ""钝黑-5炸药"", ""reference_role"": ""canonical_name""}]",exact_canonical_or_synonym,2,0.7000,pending,非密-危险特性汇总表.docx,29
ALNPD_cf1231917b673d8e08b2,MATPD_4fe4e94dc50faed251b7,Material,钝黑—5炸药,ENTM91_9bbca6fcae7e9754ed,MaterialFamily,钝黑-5炸药,"[""钝黑—5炸药""]","[{""input_value"": ""钝黑—5炸药"", ""input_role"": ""canonical_name"", ""reference_value"": ""钝黑-5炸药"", ""reference_role"": ""canonical_name""}]",exact_canonical_or_synonym,2,0.7000,pending,非密-危险特性汇总表.docx,29
ALNPD_17acfd1c0cef6a26024f,CMPPD_e08c2b5cf75e44983c70,ChemicalComponent,硬脂酸,ENTM92_e08c2b5cf75e44983c,ChemicalComponent,硬脂酸,"[""硬脂酸""]","[{""input_value"": ""硬脂酸"", ""input_role"": ""canonical_name"", ""reference_value"": ""硬脂酸"", ""reference_role"": ""canonical_name""}]",exact_canonical_or_synonym,1,1.0000,accepted,非密-危险特性汇总表.docx,39
ALNPD_c6180893fb9b3d8e76c0,MATPD_2f72e6b471e0f8d5d305,Material,钝黑—6炸药,MATM91_ce26cda5a2182e868b,Material,钝黑-6炸药,"[""钝黑—6炸药""]","[{""input_value"": ""钝黑—6炸药"", ""input_role"": ""canonical_name"", ""reference_value"": ""钝黑-6炸药"", ""reference_role"": ""canonical_name""}]",exact_canonical_or_synonym,2,0.7000,pending,非密-危险特性汇总表.docx,30
ALNPD_d9b8fbf00bf836b4936e,MATPD_2f72e6b471e0f8d5d305,Material,钝黑—6炸药,ENTM91_252b5b1a34a6c36d20,MaterialFamily,钝黑-6炸药,"[""钝黑—6炸药""]","[{""input_value"": ""钝黑—6炸药"", ""input_role"": ""canonical_name"", ""reference_value"": ""钝黑-6炸药"", ""reference_role"": ""canonical_name""}]",exact_canonical_or_synonym,2,0.7000,pending,非密-危险特性汇总表.docx,30
ALNPD_db5d1a3f6094a6d0d0b6,MATPD_ca8cf9b7053d2bf08c8d,Material,钝黑—7炸药,MATM91_7b39d64653b7ab4300,Material,钝黑-7炸药,"[""钝黑—7炸药""]","[{""input_value"": ""钝黑—7炸药"", ""input_role"": ""canonical_name"", ""reference_value"": ""钝黑-7炸药"", ""reference_role"": ""canonical_name""}]",exact_canonical_or_synonym,2,0.7000,pending,非密-危险特性汇总表.docx,31
ALNPD_c1e023b086dbf838d32e,MATPD_ca8cf9b7053d2bf08c8d,Material,钝黑—7炸药,ENTM91_40c35f246c6927007f,MaterialFamily,钝黑-7炸药,"[""钝黑—7炸药""]","[{""input_value"": ""钝黑—7炸药"", ""input_role"": ""canonical_name"", ""reference_value"": ""钝黑-7炸药"", ""reference_role"": ""canonical_name""}]",exact_canonical_or_synonym,2,0.7000,pending,非密-危险特性汇总表.docx,31
ALNPD_0543be01603080429e0b,MATPD_81126affe57664b4d77a,Material,聚黑—2炸药,MATM91_e4ea50e63794908993,Material,聚黑-2炸药,"[""聚黑—2炸药""]","[{""input_value"": ""聚黑—2炸药"", ""input_role"": ""canonical_name"", ""reference_value"": ""聚黑-2炸药"", ""reference_role"": ""canonical_name""}]",exact_canonical_or_synonym,2,0.7000,pending,非密-危险特性汇总表.docx,32
ALNPD_fbab371dc8beb8d83b59,MATPD_81126affe57664b4d77a,Material,聚黑—2炸药,ENTM91_02cbc74d93d834092c,MaterialFamily,聚黑-2炸药,"[""聚黑—2炸药""]","[{""input_value"": ""聚黑—2炸药"", ""input_role"": ""canonical_name"", ""reference_value"": ""聚黑-2炸药"", ""reference_role"": ""canonical_name""}]",exact_canonical_or_synonym,2,0.7000,pending,非密-危险特性汇总表.docx,32
ALNPD_61cbdb98094636125fe4,MATPD_5ecaa7d70bee04a7d6d7,Material,聚黑—14炸药,MATM91_e7dc4a73e9d1e12496,Material,聚黑-14炸药,"[""聚黑—14炸药""]","[{""input_value"": ""聚黑—14炸药"", ""input_role"": ""canonical_name"", ""reference_value"": ""聚黑-14炸药"", ""reference_role"": ""canonical_name""}]",exact_canonical_or_synonym,2,0.7000,pending,非密-危险特性汇总表.docx,34
ALNPD_f05522fc788ea3ff64a8,MATPD_5ecaa7d70bee04a7d6d7,Material,聚黑—14炸药,ENTM91_cca678d1a9a5f3ee71,MaterialFamily,聚黑-14炸药,"[""聚黑—14炸药""]","[{""input_value"": ""聚黑—14炸药"", ""input_role"": ""canonical_name"", ""reference_value"": ""聚黑-14炸药"", ""reference_role"": ""canonical_name""}]",exact_canonical_or_synonym,2,0.7000,pending,非密-危险特性汇总表.docx,34
ALNPD_be0fed76cac5e5b2a6c5,CMPPD_744b9f367e13bbdf9a4a,ChemicalComponent,聚醋酸乙烯酯,ENTM92_744b9f367e13bbdf9a,ChemicalComponent,聚醋酸乙烯酯,"[""聚醋酸乙烯酯""]","[{""input_value"": ""聚醋酸乙烯酯"", ""input_role"": ""canonical_name"", ""reference_value"": ""聚醋酸乙烯酯"", ""reference_role"": ""canonical_name""}]",exact_canonical_or_synonym,1,1.0000,accepted,非密-危险特性汇总表.docx,39
ALNPD_068ca98dbcf51a42ea35,MATPD_a2e1c0e04a51a3b3e6f0,Material,C—4炸药,MATM91_376589c8eb90e56109,Material,C-4炸药,"[""C—4炸药""]","[{""input_value"": ""C—4炸药"", ""input_role"": ""canonical_name"", ""reference_value"": ""C-4炸药"", ""reference_role"": ""canonical_name""}]",exact_canonical_or_synonym,2,0.7000,pending,非密-危险特性汇总表.docx,38
ALNPD_2925d2cb5bb3b5cd520a,MATPD_a2e1c0e04a51a3b3e6f0,Material,C—4炸药,ENTM91_d81e4177379dfe8d07,MaterialFamily,C-4炸药,"[""C—4炸药"", ""C—4""]","[{""input_value"": ""C—4炸药"", ""input_role"": ""canonical_name"", ""reference_value"": ""C-4炸药"", ""reference_role"": ""canonical_name""}, {""input_value"": ""C—4"", ""input_role"": ""product_code"", ""reference_value"": ""C-4"", ""reference_role"": ""model_code""}]",exact_canonical_or_synonym,2,0.7000,pending,非密-危险特性汇总表.docx,38
ALNPD_4e805cf2f056c9435b43,MATPD_4f5a388070e46667f112,Material,8321,MATM91_e398a4ed1a9aa199dc,Material,8321,"[""8321""]","[{""input_value"": ""8321"", ""input_role"": ""canonical_name"", ""reference_value"": ""8321"", ""reference_role"": ""canonical_name""}]",exact_canonical_or_synonym,2,0.7000,pending,非密-危险特性汇总表.docx,39
ALNPD_f8c955642f991aa98873,MATPD_4f5a388070e46667f112,Material,8321,ENTM91_c04254d7cb761f7ea5,MaterialFamily,8321,"[""8321""]","[{""input_value"": ""8321"", ""input_role"": ""canonical_name"", ""reference_value"": ""8321"", ""reference_role"": ""canonical_name""}]",exact_canonical_or_synonym,2,0.7000,pending,非密-危险特性汇总表.docx,39
ALNPD_1adcfbbcc9f42333098f,CMPPD_0b317bf9ac7ee32f8081,ChemicalComponent,4号炸药,ENTM92_0b317bf9ac7ee32f80,ChemicalComponent,4号炸药,"[""4号炸药""]","[{""input_value"": ""4号炸药"", ""input_role"": ""canonical_name"", ""reference_value"": ""4号炸药"", ""reference_role"": ""canonical_name""}]",exact_canonical_or_synonym,1,1.0000,accepted,非密-危险特性汇总表.docx,39
ALNPD_8853c49fe67f2cf9b594,MATPD_f6f97a753ab53341c03f,Material,熔梯铝炸药,MATM91_00138cd5eae71a559f,Material,熔梯铝炸药,"[""熔梯铝炸药""]","[{""input_value"": ""熔梯铝炸药"", ""input_role"": ""canonical_name"", ""reference_value"": ""熔梯铝炸药"", ""reference_role"": ""canonical_name""}]",exact_canonical_or_synonym,2,0.7000,pending,非密-危险特性汇总表.docx,40
ALNPD_a5a0c1e48cbab9d89ddd,MATPD_f6f97a753ab53341c03f,Material,熔梯铝炸药,ENTM91_e64c55ef6f487bb54b,MaterialFamily,熔梯铝炸药,"[""熔梯铝炸药""]","[{""input_value"": ""熔梯铝炸药"", ""input_role"": ""canonical_name"", ""reference_value"": ""熔梯铝炸药"", ""reference_role"": ""canonical_name""}]",exact_canonical_or_synonym,2,0.7000,pending,非密-危险特性汇总表.docx,40
ALNPD_3fd8db6ff1cfbc0bbe32,MATPD_80f8dabe19753c01b245,Material,DH—1炸药,MATM91_fc66145c9c28671ccb,Material,DH-1炸药,"[""DH—1炸药""]","[{""input_value"": ""DH—1炸药"", ""input_role"": ""canonical_name"", ""reference_value"": ""DH-1炸药"", ""reference_role"": ""canonical_name""}]",exact_canonical_or_synonym,2,0.7000,pending,非密-危险特性汇总表.docx,41
ALNPD_7a601a60ffb2bd783ddc,MATPD_80f8dabe19753c01b245,Material,DH—1炸药,ENTM91_0e36dc5b6491b100d7,MaterialFamily,DH-1炸药,"[""DH—1炸药""]","[{""input_value"": ""DH—1炸药"", ""input_role"": ""canonical_name"", ""reference_value"": ""DH-1炸药"", ""reference_role"": ""canonical_name""}]",exact_canonical_or_synonym,2,0.7000,pending,非密-危险特性汇总表.docx,41
ALNPD_e0273d75f2ec21e1d910,MATPD_24692923495c3f83482e,Material,单钾—4／7石,ENTM91_afb9a996a9d31f70ac,MaterialFamily,单钾-4/7石发射药,"[""单钾—4／7石""]","[{""input_value"": ""单钾—4／7石"", ""input_role"": ""canonical_name"", ""reference_value"": ""单钾-4/7石"", ""reference_role"": ""formulation_name""}]",exact_canonical_or_synonym,1,1.0000,accepted,非密-危险特性汇总表.docx,3
ALNPD_96c643fbe3e7379dac1e,MATPD_aa280586a21b62631377,Material,单钾—5／7石,ENTM91_47c58be6183c38c62b,MaterialFamily,单钾5/7石单基发射药,"[""单钾—5／7石""]","[{""input_value"": ""单钾—5／7石"", ""input_role"": ""canonical_name"", ""reference_value"": ""单钾-5/7石"", ""reference_role"": ""formulation_name""}]",exact_canonical_or_synonym,1,1.0000,accepted,非密-危险特性汇总表.docx,4
ALNPD_d1befb80882af23012d0,CMPPD_826409bf5dd8e7c67097,ChemicalComponent,硝化棉,ENTM92_826409bf5dd8e7c670,ChemicalComponent,硝化棉,"[""硝化棉""]","[{""input_value"": ""硝化棉"", ""input_role"": ""canonical_name"", ""reference_value"": ""硝化棉"", ""reference_role"": ""canonical_name""}]",exact_requires_review,3,0.7000,pending,非密-危险特性汇总表.docx,48
ALNPD_41df1b1016a0156b9ab8,CMPPD_826409bf5dd8e7c67097,ChemicalComponent,硝化棉,MATM91_fcb0f8d4ad3fefb4ae,Material,硝化棉,"[""硝化棉""]","[{""input_value"": ""硝化棉"", ""input_role"": ""canonical_name"", ""reference_value"": ""硝化棉"", ""reference_role"": ""canonical_name""}]",exact_requires_review,3,0.7000,pending,非密-危险特性汇总表.docx,48
ALNPD_606b76217e5e67e32bfb,CMPPD_826409bf5dd8e7c67097,ChemicalComponent,硝化棉,ENTM91_cf641122809bc16886,MaterialFamily,硝化棉,"[""硝化棉""]","[{""input_value"": ""硝化棉"", ""input_role"": ""canonical_name"", ""reference_value"": ""硝化棉"", ""reference_role"": ""canonical_name""}]",exact_requires_review,3,0.7000,pending,非密-危险特性汇总表.docx,48
ALNPD_960ebb4b302977c440d6,MATPD_d7b25d8529ad8267def2,Material,单樟—2／1,ENTM91_6aadbcf90c13647a8d,MaterialFamily,单樟-2/1单基发射药,"[""单樟—2／1""]","[{""input_value"": ""单樟—2／1"", ""input_role"": ""canonical_name"", ""reference_value"": ""单樟-2/1"", ""reference_role"": ""formulation_name""}]",exact_canonical_or_synonym,1,1.0000,accepted,非密-危险特性汇总表.docx,6
ALNPD_7b667d3b9a70ba7456a9,CMPPD_e73411d66d02604b2c79,ChemicalComponent,樟脑,ENTM92_e73411d66d02604b2c,ChemicalComponent,樟脑,"[""樟脑""]","[{""input_value"": ""樟脑"", ""input_role"": ""canonical_name"", ""reference_value"": ""樟脑"", ""reference_role"": ""canonical_name""}]",exact_canonical_or_synonym,1,1.0000,accepted,非密-危险特性汇总表.docx,52
ALNPD_9701c04058648d152312,MATPD_50c3212f7f70df127436,Material,单樟—3／1,ENTM91_b870e2d4197d0d0a23,MaterialFamily,单樟-3/1单基发射药,"[""单樟—3／1""]","[{""input_value"": ""单樟—3／1"", ""input_role"": ""canonical_name"", ""reference_value"": ""单樟-3/1"", ""reference_role"": ""formulation_name""}]",exact_canonical_or_synonym,1,1.0000,accepted,非密-危险特性汇总表.docx,7
ALNPD_ff757a1cba3839f67409,CMPPD_9b055c4b34f13c787179,ChemicalComponent,炭黑,ENTM92_9b055c4b34f13c7871,ChemicalComponent,炭黑,"[""炭黑""]","[{""input_value"": ""炭黑"", ""input_role"": ""canonical_name"", ""reference_value"": ""炭黑"", ""reference_role"": ""canonical_name""}]",exact_canonical_or_synonym,1,1.0000,accepted,非密-危险特性汇总表.docx,22
ALNPD_8c14487832a89f59a911,CMPPD_f50477d49a7b00321f50,ChemicalComponent,硝酸钾,ENTM92_f50477d49a7b00321f,ChemicalComponent,硝酸钾,"[""硝酸钾""]","[{""input_value"": ""硝酸钾"", ""input_role"": ""canonical_name"", ""reference_value"": ""硝酸钾"", ""reference_role"": ""canonical_name""}]",exact_canonical_or_synonym,1,1.0000,accepted,非密-危险特性汇总表.docx,71
ALNPD_56673e070207518e55b4,MATPD_782269f0a148b773d464,Material,多—125,MATM91_abfca8253637bb4dfa,Material,多-125,"[""多—125""]","[{""input_value"": ""多—125"", ""input_role"": ""canonical_name"", ""reference_value"": ""多-125"", ""reference_role"": ""canonical_name""}]",exact_canonical_or_synonym,2,0.7000,pending,非密-危险特性汇总表.docx,13
ALNPD_c115831e5c4d2000ba15,MATPD_782269f0a148b773d464,Material,多—125,ENTM91_115def83a25e2ef6d6,MaterialFamily,多-125,"[""多—125""]","[{""input_value"": ""多—125"", ""input_role"": ""canonical_name"", ""reference_value"": ""多-125"", ""reference_role"": ""canonical_name""}, {""input_value"": ""多—125"", ""input_role"": ""canonical_name"", ""reference_value"": ""多-125"", ""reference_role"": ""model_code""}]",exact_canonical_or_synonym,2,0.7000,pending,非密-危险特性汇总表.docx,13
ALNPD_9e656c250706ac1fd242,MATPD_fac9ea6471bf99f30ffc,Material,单—4／1,ENTM91_cbb93ae7bbba744e93,MaterialFamily,4/1单基发射药,"[""单—4／1""]","[{""input_value"": ""单—4／1"", ""input_role"": ""canonical_name"", ""reference_value"": ""单-4/1"", ""reference_role"": ""formulation_name""}]",exact_canonical_or_synonym,1,1.0000,accepted,非密-危险特性汇总表.docx,15
ALNPD_4f20011971481452c33f,MATPD_68fe331aab773030cbd5,Material,单—12／1—27,ENTM91_6efdb6587eed11f439,MaterialFamily,12/1-27单基发射药,"[""单—12／1—27""]","[{""input_value"": ""单—12／1—27"", ""input_role"": ""canonical_name"", ""reference_value"": ""单-12/1-27"", ""reference_role"": ""formulation_name""}]",exact_canonical_or_synonym,1,1.0000,accepted,非密-危险特性汇总表.docx,18
ALNPD_ad103cecd35b589bf3ce,MATPD_f06ca5994e31b673208f,Material,单—12／1—72,ENTM91_227c3c676d01c53770,MaterialFamily,12/1-72单基发射药,"[""单—12／1—72""]","[{""input_value"": ""单—12／1—72"", ""input_role"": ""canonical_name"", ""reference_value"": ""单-12/1-72"", ""reference_role"": ""formulation_name""}]",exact_canonical_or_synonym,1,1.0000,accepted,非密-危险特性汇总表.docx,19
ALNPD_14423676c89d3821772c,MATPD_c9d768467d87b046d906,Material,单—9／7,ENTM91_c181e17102e174cba6,MaterialFamily,9/7单基发射药,"[""单—9／7""]","[{""input_value"": ""单—9／7"", ""input_role"": ""canonical_name"", ""reference_value"": ""单-9/7"", ""reference_role"": ""formulation_name""}]",exact_canonical_or_synonym,1,1.0000,accepted,非密-危险特性汇总表.docx,27
ALNPD_a1a5077ecdd66a390d73,MATPD_d517554914efdc500c5b,Material,单—12／7,ENTM91_298057779b04ecb889,MaterialFamily,12/7单基发射药,"[""单—12／7""]","[{""input_value"": ""单—12／7"", ""input_role"": ""canonical_name"", ""reference_value"": ""单-12/7"", ""reference_role"": ""formulation_name""}]",exact_canonical_or_synonym,1,1.0000,accepted,非密-危险特性汇总表.docx,29
ALNPD_6bd46727ba5bd82b1b44,CMPPD_e59b635b59ced7d4bb64,ChemicalComponent,硝基胍,ENTM92_e59b635b59ced7d4bb,ChemicalComponent,硝基胍,"[""硝基胍""]","[{""input_value"": ""硝基胍"", ""input_role"": ""canonical_name"", ""reference_value"": ""硝基胍"", ""reference_role"": ""canonical_name""}]",exact_requires_review,3,0.7000,pending,非密-危险特性汇总表.docx,108
ALNPD_257af93cae8bfb5ada4e,CMPPD_e59b635b59ced7d4bb64,ChemicalComponent,硝基胍,MATM91_9dbf4ad19d9b31e626,Material,硝基胍,"[""硝基胍""]","[{""input_value"": ""硝基胍"", ""input_role"": ""canonical_name"", ""reference_value"": ""硝基胍"", ""reference_role"": ""canonical_name""}]",exact_requires_review,3,0.7000,pending,非密-危险特性汇总表.docx,108
ALNPD_421cedcdbc7135c6656b,CMPPD_e59b635b59ced7d4bb64,ChemicalComponent,硝基胍,ENTM91_04a43a7eea3403d325,MaterialFamily,硝基胍,"[""硝基胍""]","[{""input_value"": ""硝基胍"", ""input_role"": ""canonical_name"", ""reference_value"": ""硝基胍"", ""reference_role"": ""canonical_name""}]",exact_requires_review,3,0.7000,pending,非密-危险特性汇总表.docx,108
ALNPD_d52e10b9516e6312e81d,CMPPD_f12823a5cff08038a658,ChemicalComponent,硝化甘油,ENTM92_f12823a5cff08038a6,ChemicalComponent,硝化甘油,"[""硝化甘油""]","[{""input_value"": ""硝化甘油"", ""input_role"": ""canonical_name"", ""reference_value"": ""硝化甘油"", ""reference_role"": ""canonical_name""}]",exact_requires_review,3,0.7000,pending,非密-危险特性汇总表.docx,48
ALNPD_0cec8b4a94bede3ea779,CMPPD_f12823a5cff08038a658,ChemicalComponent,硝化甘油,MATM91_0c3cc3d1129b5a8add,Material,硝化甘油,"[""硝化甘油""]","[{""input_value"": ""硝化甘油"", ""input_role"": ""canonical_name"", ""reference_value"": ""硝化甘油"", ""reference_role"": ""canonical_name""}]",exact_requires_review,3,0.7000,pending,非密-危险特性汇总表.docx,48
ALNPD_73be67e25fba6c6e70c0,CMPPD_f12823a5cff08038a658,ChemicalComponent,硝化甘油,ENTM91_1f07b18858430620ee,MaterialFamily,硝化甘油,"[""硝化甘油""]","[{""input_value"": ""硝化甘油"", ""input_role"": ""canonical_name"", ""reference_value"": ""硝化甘油"", ""reference_role"": ""canonical_name""}]",exact_requires_review,3,0.7000,pending,非密-危险特性汇总表.docx,48
ALNPD_28122cc4ef5ad555f690,CMPPD_4f2cbd30c2db267cbb98,ComponentGroup,中定剂,ENTM92_4f2cbd30c2db267cbb,ComponentGroup,中定剂,"[""中定剂""]","[{""input_value"": ""中定剂"", ""input_role"": ""canonical_name"", ""reference_value"": ""中定剂"", ""reference_role"": ""canonical_name""}]",exact_canonical_or_synonym,1,1.0000,accepted,非密-危险特性汇总表.docx,44
ALNPD_590c1cf30c5ebd3369ce,MATPD_7b7ecf4a3ba145c1a636,Material,航弹点火药柱,MATM91_e33c78f06f39a2caf9,Material,双钾-1(SJa-1),"[""SJa—1""]","[{""input_value"": ""SJa—1"", ""input_role"": ""product_code"", ""reference_value"": ""SJa-1"", ""reference_role"": ""model_code""}]",product_code_only,1,0.7000,pending,非密-危险特性汇总表.docx,93
ALNPD_0b54935d0ab7a3f36fe1,MATPD_93420b74882512f22e31,Material,三胍—16A,MATM91_5047ed7a11bf11ee1e,Material,三胍-16A,"[""三胍—16A""]","[{""input_value"": ""三胍—16A"", ""input_role"": ""canonical_name"", ""reference_value"": ""三胍-16A"", ""reference_role"": ""canonical_name""}]",exact_canonical_or_synonym,2,0.7000,pending,非密-危险特性汇总表.docx,101
ALNPD_157802d398c8e04f4ebd,MATPD_93420b74882512f22e31,Material,三胍—16A,ENTM91_7fbc284a5be7ea84d1,MaterialFamily,三胍-16A,"[""三胍—16A""]","[{""input_value"": ""三胍—16A"", ""input_role"": ""canonical_name"", ""reference_value"": ""三胍-16A"", ""reference_role"": ""canonical_name""}]",exact_canonical_or_synonym,2,0.7000,pending,非密-危险特性汇总表.docx,101
ALNPD_612f0d0b6e1d64292539,MATPD_e7d64225d0b78596f770,Material,酯太—11A,MATM91_781666beaf3cc0074a,Material,酯太-11A,"[""酯太—11A""]","[{""input_value"": ""酯太—11A"", ""input_role"": ""canonical_name"", ""reference_value"": ""酯太-11A"", ""reference_role"": ""canonical_name""}]",exact_canonical_or_synonym,2,0.7000,pending,非密-危险特性汇总表.docx,104
ALNPD_a3af3816944b0518ceeb,MATPD_e7d64225d0b78596f770,Material,酯太—11A,ENTM91_fdd2721766237ae836,MaterialFamily,酯太-11A,"[""酯太—11A""]","[{""input_value"": ""酯太—11A"", ""input_role"": ""canonical_name"", ""reference_value"": ""酯太-11A"", ""reference_role"": ""canonical_name""}, {""input_value"": ""酯太—11A"", ""input_role"": ""canonical_name"", ""reference_value"": ""酯太-11A"", ""reference_role"": ""model_code""}]",exact_canonical_or_synonym,2,0.7000,pending,非密-危险特性汇总表.docx,104
ALNPD_136235fda76e883bf8b8,MATPD_3540587e76a70a28ca46,Material,酯太—12A,MATM91_94756b8d6a2e13e284,Material,酯太-12A,"[""酯太—12A""]","[{""input_value"": ""酯太—12A"", ""input_role"": ""canonical_name"", ""reference_value"": ""酯太-12A"", ""reference_role"": ""canonical_name""}]",exact_canonical_or_synonym,2,0.7000,pending,非密-危险特性汇总表.docx,105
ALNPD_cfebf4663520c1837b64,MATPD_3540587e76a70a28ca46,Material,酯太—12A,ENTM91_83bd15a382c6bde699,MaterialFamily,酯太-12A,"[""酯太—12A""]","[{""input_value"": ""酯太—12A"", ""input_role"": ""canonical_name"", ""reference_value"": ""酯太-12A"", ""reference_role"": ""canonical_name""}]",exact_canonical_or_synonym,2,0.7000,pending,非密-危险特性汇总表.docx,105
ALNPD_340a9c9275c84ce3fae8,MATPD_0de3711a3e2e680065f5,Material,高能低烧蚀叠氮硝胺发射药,MATM91_1815c42ca36f13a270,Material,高能低烧蚀叠氮硝胺发射药,"[""高能低烧蚀叠氮硝胺发射药""]","[{""input_value"": ""高能低烧蚀叠氮硝胺发射药"", ""input_role"": ""canonical_name"", ""reference_value"": ""高能低烧蚀叠氮硝胺发射药"", ""reference_role"": ""canonical_name""}]",exact_canonical_or_synonym,2,0.7000,pending,非密-危险特性汇总表.docx,107
ALNPD_ae0cbcc87627c371d156,MATPD_0de3711a3e2e680065f5,Material,高能低烧蚀叠氮硝胺发射药,ENTM91_6c4a21fd1fd79a62ef,MaterialFamily,高能低烧蚀叠氮硝胺发射药,"[""高能低烧蚀叠氮硝胺发射药""]","[{""input_value"": ""高能低烧蚀叠氮硝胺发射药"", ""input_role"": ""canonical_name"", ""reference_value"": ""高能低烧蚀叠氮硝胺发射药"", ""reference_role"": ""canonical_name""}]",exact_canonical_or_synonym,2,0.7000,pending,非密-危险特性汇总表.docx,107
ALNPD_5a7fa72fe9a3cf187aca,MATPD_b1306235e2f40e90f7f2,Material,高能硝胺发射药,MATM91_afa7e9b2bd8f1dee34,Material,高能硝胺发射药,"[""高能硝胺发射药""]","[{""input_value"": ""高能硝胺发射药"", ""input_role"": ""canonical_name"", ""reference_value"": ""高能硝胺发射药"", ""reference_role"": ""canonical_name""}]",exact_canonical_or_synonym,2,0.7000,pending,非密-危险特性汇总表.docx,108
ALNPD_803c99d2966f0b903e8e,MATPD_b1306235e2f40e90f7f2,Material,高能硝胺发射药,ENTM91_3b1a6ef01843ca40c5,MaterialFamily,高能硝胺发射药,"[""高能硝胺发射药""]","[{""input_value"": ""高能硝胺发射药"", ""input_role"": ""canonical_name"", ""reference_value"": ""高能硝胺发射药"", ""reference_role"": ""canonical_name""}]",exact_canonical_or_synonym,2,0.7000,pending,非密-危险特性汇总表.docx,108
ALNPD_0984e490bf26bdbd89c8,MATPD_e23d983c958d8df1b2f2,Material,GR5发射药,MATM91_ad8d6cc21d473be491,Material,GR5发射药,"[""GR5发射药""]","[{""input_value"": ""GR5发射药"", ""input_role"": ""canonical_name"", ""reference_value"": ""GR5发射药"", ""reference_role"": ""canonical_name""}]",exact_canonical_or_synonym,2,0.7000,pending,非密-危险特性汇总表.docx,109
ALNPD_cde69fe4c91466c36b54,MATPD_e23d983c958d8df1b2f2,Material,GR5发射药,ENTM91_a09174ebed23fe477f,MaterialFamily,GR5发射药,"[""GR5发射药""]","[{""input_value"": ""GR5发射药"", ""input_role"": ""canonical_name"", ""reference_value"": ""GR5发射药"", ""reference_role"": ""canonical_name""}]",exact_canonical_or_synonym,2,0.7000,pending,非密-危险特性汇总表.docx,109
ALNPD_66b3a17b9e5d8185b3cd,MATPD_63e16a6b884e1dfb932b,Material,三黑—12发射药,MATM91_ea7ff04e912b83c0d0,Material,三黑-12发射药,"[""三黑—12发射药""]","[{""input_value"": ""三黑—12发射药"", ""input_role"": ""canonical_name"", ""reference_value"": ""三黑-12发射药"", ""reference_role"": ""canonical_name""}]",exact_canonical_or_synonym,2,0.7000,pending,非密-危险特性汇总表.docx,110
ALNPD_9bffd455a02bcaf819d5,MATPD_63e16a6b884e1dfb932b,Material,三黑—12发射药,ENTM91_310e4eedad4be0e824,MaterialFamily,三黑-12发射药,"[""三黑—12发射药""]","[{""input_value"": ""三黑—12发射药"", ""input_role"": ""canonical_name"", ""reference_value"": ""三黑-12发射药"", ""reference_role"": ""canonical_name""}]",exact_canonical_or_synonym,2,0.7000,pending,非密-危险特性汇总表.docx,110
ALNPD_1f38792be4248794e866,MATPD_f9020217392bc1943dd2,Material,双铅—2,ENTM91_68ea0e29a914ab85a8,MaterialFamily,双铅-2,"[""双铅—2""]","[{""input_value"": ""双铅—2"", ""input_role"": ""canonical_name"", ""reference_value"": ""双铅-2"", ""reference_role"": ""canonical_name""}]",exact_canonical_or_synonym,1,1.0000,accepted,非密-危险特性汇总表.docx,4
ALNPD_4b90921f9fcb21e3720f,MATPD_3065a840a5c093e27701,Material,双钴一2,ENTM91_31980bb62a07025c59,MaterialFamily,双钴一2,"[""双钴一2""]","[{""input_value"": ""双钴一2"", ""input_role"": ""canonical_name"", ""reference_value"": ""双钴一2"", ""reference_role"": ""canonical_name""}]",exact_canonical_or_synonym,1,1.0000,accepted,非密-危险特性汇总表.docx,8
ALNPD_7abcdf9d1edb09f85eb8,MATPD_8fbec213443813dc3d9e,Material,双芳镁一l,ENTM91_098602b47f2a5ad076,MaterialFamily,双芳镁一l,"[""双芳镁一l""]","[{""input_value"": ""双芳镁一l"", ""input_role"": ""canonical_name"", ""reference_value"": ""双芳镁一l"", ""reference_role"": ""canonical_name""}]",exact_requires_review,1,0.7000,pending,非密-危险特性汇总表.docx,9
ALNPD_3f90eaa913a41323bbe8,MATPD_73dd86fcf485ce60a59b,Material,双芳镁一2,MATM91_0deffc3bce206d69c1,Material,双芳镁一2,"[""双芳镁一2""]","[{""input_value"": ""双芳镁一2"", ""input_role"": ""canonical_name"", ""reference_value"": ""双芳镁一2"", ""reference_role"": ""canonical_name""}]",exact_canonical_or_synonym,2,0.7000,pending,非密-危险特性汇总表.docx,10
ALNPD_50144f3bbac7e58eacfe,MATPD_73dd86fcf485ce60a59b,Material,双芳镁一2,ENTM91_c7b4ec91494ff714f7,MaterialFamily,双芳镁一2,"[""双芳镁一2"", ""SFM～2""]","[{""input_value"": ""双芳镁一2"", ""input_role"": ""canonical_name"", ""reference_value"": ""双芳镁一2"", ""reference_role"": ""canonical_name""}, {""input_value"": ""SFM～2"", ""input_role"": ""product_code"", ""reference_value"": ""SFM~2"", ""reference_role"": ""model_code""}]",exact_canonical_or_synonym,2,0.7000,pending,非密-危险特性汇总表.docx,10
ALNPD_eeaf98dead0f37b9bb6b,MATPD_b905ee6a3696e679600a,Material,双芳镁一3,ENTM91_f299642d7c959e8d43,MaterialFamily,双芳镁一3,"[""双芳镁一3""]","[{""input_value"": ""双芳镁一3"", ""input_role"": ""canonical_name"", ""reference_value"": ""双芳镁一3"", ""reference_role"": ""canonical_name""}]",exact_canonical_or_synonym,1,1.0000,accepted,非密-危险特性汇总表.docx,11
ALNPD_76f2e316bfb4ca6cea47,MATPD_24933c1e2e75faa70acc,Material,双乙醛一1A,ENTM91_179d78e7744357011a,MaterialFamily,双乙醛一1A,"[""双乙醛一1A""]","[{""input_value"": ""双乙醛一1A"", ""input_role"": ""canonical_name"", ""reference_value"": ""双乙醛一1A"", ""reference_role"": ""canonical_name""}]",exact_canonical_or_synonym,1,1.0000,accepted,非密-危险特性汇总表.docx,12
ALNPD_f90f254dc38d8a3e2e8f,MATPD_d5b24d63c09770a530e3,Material,中能平台,ENTM91_bfbde76bf5c86fcc46,MaterialFamily,中能平台,"[""中能平台""]","[{""input_value"": ""中能平台"", ""input_role"": ""canonical_name"", ""reference_value"": ""中能平台"", ""reference_role"": ""canonical_name""}]",exact_canonical_or_synonym,2,0.7000,pending,非密-危险特性汇总表.docx,13
ALNPD_18fb722f99aee77c198c,MATPD_d5b24d63c09770a530e3,Material,中能平台,MATM91_e9d688ac70b7034cec,Material,"中能平台,(ZNP-20)","[""ZNP—20""]","[{""input_value"": ""ZNP—20"", ""input_role"": ""product_code"", ""reference_value"": ""ZNP-20"", ""reference_role"": ""model_code""}]",product_code_only,2,0.7000,pending,非密-危险特性汇总表.docx,13
ALNPD_41754f11a77e863e673b,MATPD_decf298c3980040e4c3b,Material,双铅—4,ENTM91_aabac930286dc4ccf7,MaterialFamily,双铅-4,"[""双铅—4""]","[{""input_value"": ""双铅—4"", ""input_role"": ""canonical_name"", ""reference_value"": ""双铅-4"", ""reference_role"": ""canonical_name""}]",exact_canonical_or_synonym,2,0.7000,pending,非密-危险特性汇总表.docx,14
ALNPD_a7133bd9aa568f0e46b0,MATPD_decf298c3980040e4c3b,Material,双铅—4,MATM91_b65cdc0989f8368158,Material,双铅-4(SQ-4),"[""SQ—4""]","[{""input_value"": ""SQ—4"", ""input_role"": ""product_code"", ""reference_value"": ""SQ-4"", ""reference_role"": ""model_code""}]",product_code_only,2,0.7000,pending,非密-危险特性汇总表.docx,14
ALNPD_0a21b4906c98f8d3fd10,MATPD_4f90e37f99e13e8137b8,Material,双石—2A,ENTM91_0f6dbb46db1346c5ad,MaterialFamily,双石-2A,"[""双石—2A""]","[{""input_value"": ""双石—2A"", ""input_role"": ""canonical_name"", ""reference_value"": ""双石-2A"", ""reference_role"": ""canonical_name""}]",exact_canonical_or_synonym,2,0.7000,pending,非密-危险特性汇总表.docx,15
ALNPD_1a9bc62de950e6f7a088,MATPD_4f90e37f99e13e8137b8,Material,双石—2A,MATM91_a1693737aed347a076,Material,双石-2A(SS-2A),"[""SS—2A""]","[{""input_value"": ""SS—2A"", ""input_role"": ""product_code"", ""reference_value"": ""SS-2A"", ""reference_role"": ""model_code""}]",product_code_only,2,0.7000,pending,非密-危险特性汇总表.docx,15
ALNPD_ce82a2b06897959d3b0b,MATPD_92c47718a6a668dfacb2,Material,双钾—1,ENTM91_98b5c1fad505b3466c,MaterialFamily,双钾-1,"[""双钾—1""]","[{""input_value"": ""双钾—1"", ""input_role"": ""canonical_name"", ""reference_value"": ""双钾-1"", ""reference_role"": ""canonical_name""}]",exact_canonical_or_synonym,2,0.7000,pending,非密-危险特性汇总表.docx,16
ALNPD_b285a95f390dbe9f120b,MATPD_92c47718a6a668dfacb2,Material,双钾—1,MATM91_e33c78f06f39a2caf9,Material,双钾-1(SJa-1),"[""SJa—1""]","[{""input_value"": ""SJa—1"", ""input_role"": ""product_code"", ""reference_value"": ""SJa-1"", ""reference_role"": ""model_code""}]",product_code_only,2,0.7000,pending,非密-危险特性汇总表.docx,16
ALNPD_6f423330dbfd3612c254,MATPD_107568f2d8d59a019b7e,Material,双铜铅—1,ENTM91_6f85c2a6084ba06e58,MaterialFamily,双铜铅-1,"[""双铜铅—1""]","[{""input_value"": ""双铜铅—1"", ""input_role"": ""canonical_name"", ""reference_value"": ""双铜铅-1"", ""reference_role"": ""canonical_name""}]",exact_canonical_or_synonym,2,0.7000,pending,非密-危险特性汇总表.docx,17
ALNPD_3f75e196aeb1dfbb0c98,MATPD_107568f2d8d59a019b7e,Material,双铜铅—1,MATM91_9656cf3b5ee8490154,Material,双铜铅-1(SToQ-3),"[""SToQ—3""]","[{""input_value"": ""SToQ—3"", ""input_role"": ""product_code"", ""reference_value"": ""SToQ-3"", ""reference_role"": ""model_code""}]",product_code_only,2,0.7000,pending,非密-危险特性汇总表.docx,17
ALNPD_ef3f23999f3bedde4367,MATPD_b9a721be104a9536da3c,Material,双钙—2,ENTM91_4585a20b9baf3f8b6d,MaterialFamily,双钙-2,"[""双钙—2""]","[{""input_value"": ""双钙—2"", ""input_role"": ""canonical_name"", ""reference_value"": ""双钙-2"", ""reference_role"": ""canonical_name""}]",exact_canonical_or_synonym,2,0.7000,pending,非密-危险特性汇总表.docx,18
ALNPD_fd7870f2168f87ad0fe4,MATPD_b9a721be104a9536da3c,Material,双钙—2,MATM91_2971e50dbfb22089df,Material,双钙-2(SJGa-2),"[""SJGa—2""]","[{""input_value"": ""SJGa—2"", ""input_role"": ""product_code"", ""reference_value"": ""SJGa-2"", ""reference_role"": ""model_code""}]",product_code_only,2,0.7000,pending,非密-危险特性汇总表.docx,18
ALNPD_54ff0a93b2c85e626569,MATPD_fce6879b482fe176fffb,Material,双铜—1,ENTM91_645fcfd2a1cd0b08e5,MaterialFamily,双铜-1,"[""双铜—1""]","[{""input_value"": ""双铜—1"", ""input_role"": ""canonical_name"", ""reference_value"": ""双铜-1"", ""reference_role"": ""canonical_name""}]",exact_canonical_or_synonym,2,0.7000,pending,非密-危险特性汇总表.docx,19
ALNPD_be2f284decd1cd428d3e,MATPD_fce6879b482fe176fffb,Material,双铜—1,MATM91_b1463d7b3ba9ec68ed,Material,双铜-1(STo-1),"[""STo—1""]","[{""input_value"": ""STo—1"", ""input_role"": ""product_code"", ""reference_value"": ""STo-1"", ""reference_role"": ""model_code""}]",product_code_only,2,0.7000,pending,非密-危险特性汇总表.docx,19
ALNPD_f0a0730ae86dbd21ca0c,MATPD_157f798fd61a463289fc,Material,双蔗铅—1,ENTM91_f2c066e04e5b2ec17b,MaterialFamily,双蔗铅-1,"[""双蔗铅—1""]","[{""input_value"": ""双蔗铅—1"", ""input_role"": ""canonical_name"", ""reference_value"": ""双蔗铅-1"", ""reference_role"": ""canonical_name""}]",exact_canonical_or_synonym,2,0.7000,pending,非密-危险特性汇总表.docx,20
ALNPD_6437376c254396bc19e8,MATPD_157f798fd61a463289fc,Material,双蔗铅—1,MATM91_791cbce705c83e10a7,Material,双蔗铅-1(SZQ-1),"[""SZQ—1""]","[{""input_value"": ""SZQ—1"", ""input_role"": ""product_code"", ""reference_value"": ""SZQ-1"", ""reference_role"": ""model_code""}]",product_code_only,2,0.7000,pending,非密-危险特性汇总表.docx,20
ALNPD_7eec7346ea0554159e8b,MATPD_a28f8d8f2d33dfbddcc7,Material,平台,MATM91_f6f1ab5edb241e0c02,Material,双基平台(SDP-10),"[""SDP—10""]","[{""input_value"": ""SDP—10"", ""input_role"": ""product_code"", ""reference_value"": ""SDP-10"", ""reference_role"": ""model_code""}]",product_code_only,1,0.7000,pending,非密-危险特性汇总表.docx,21
ALNPD_5630c33a79c0e6701930,MATPD_219662e9cb96d2bb2f16,Material,高燃速,ENTM91_cc402b7a63a12ed29f,MaterialFamily,高燃速,"[""高燃速""]","[{""input_value"": ""高燃速"", ""input_role"": ""canonical_name"", ""reference_value"": ""高燃速"", ""reference_role"": ""canonical_name""}]",exact_canonical_or_synonym,2,0.7000,pending,非密-危险特性汇总表.docx,22
ALNPD_a2575cbc6f362232c4d9,MATPD_219662e9cb96d2bb2f16,Material,高燃速,MATM91_572268eae6e0f77072,Material,高燃速(671-3),"[""671—3""]","[{""input_value"": ""671—3"", ""input_role"": ""product_code"", ""reference_value"": ""671-3"", ""reference_role"": ""model_code""}]",product_code_only,2,0.7000,pending,非密-危险特性汇总表.docx,22
ALNPD_d74bcab5287c6216892d,MATPD_e901599fec3a9a379454,Material,762,MATM91_f14bbf2f3d292ffed1,Material,762,"[""762""]","[{""input_value"": ""762"", ""input_role"": ""canonical_name"", ""reference_value"": ""762"", ""reference_role"": ""canonical_name""}, {""input_value"": ""762"", ""input_role"": ""product_code"", ""reference_value"": ""762"", ""reference_role"": ""canonical_name""}]",exact_canonical_or_synonym,2,0.7000,pending,非密-危险特性汇总表.docx,23
ALNPD_42b9f743da0e9005272d,MATPD_e901599fec3a9a379454,Material,762,ENTM91_4d7e36ea252c457470,MaterialFamily,762,"[""762""]","[{""input_value"": ""762"", ""input_role"": ""canonical_name"", ""reference_value"": ""762"", ""reference_role"": ""canonical_name""}, {""input_value"": ""762"", ""input_role"": ""product_code"", ""reference_value"": ""762"", ""reference_role"": ""canonical_name""}]",exact_canonical_or_synonym,2,0.7000,pending,非密-危险特性汇总表.docx,23
ALNPD_9ac611c72c3de9db8a20,MATPD_a0b8a4302ee3ede51e30,Material,双基燃气 推进剂,ENTM91_1bdfbde50d2c16a575,MaterialFamily,双基燃气,"[""SZ-l""]","[{""input_value"": ""SZ-l"", ""input_role"": ""product_code"", ""reference_value"": ""SZ-l"", ""reference_role"": ""model_code""}]",product_code_only,1,0.7000,pending,非密-危险特性汇总表.docx,24
ALNPD_0e51f658bb70a1c989da,MATPD_8059ab77dbfb6c419060,Material,双铅一5,ENTM91_537cb4bd889d258822,MaterialFamily,双铅一5,"[""双铅一5""]","[{""input_value"": ""双铅一5"", ""input_role"": ""canonical_name"", ""reference_value"": ""双铅一5"", ""reference_role"": ""canonical_name""}]",exact_canonical_or_synonym,1,1.0000,accepted,非密-危险特性汇总表.docx,25
ALNPD_bd90b2a59fc51a651aae,MATPD_cce6a042e255f77ffeae,Material,双铅一7,ENTM91_024a2cf816bd7dbdd2,MaterialFamily,双铅一7,"[""双铅一7""]","[{""input_value"": ""双铅一7"", ""input_role"": ""canonical_name"", ""reference_value"": ""双铅一7"", ""reference_role"": ""canonical_name""}]",exact_canonical_or_synonym,1,1.0000,accepted,非密-危险特性汇总表.docx,26
ALNPD_370c26431a5acebc540d,MATPD_55f95f857365e1005108,Material,双铅一8,ENTM91_16996cbf88bb54bbfd,MaterialFamily,双铅一8,"[""双铅一8""]","[{""input_value"": ""双铅一8"", ""input_role"": ""canonical_name"", ""reference_value"": ""双铅一8"", ""reference_role"": ""canonical_name""}]",exact_canonical_or_synonym,1,1.0000,accepted,非密-危险特性汇总表.docx,27
ALNPD_8ba18ea02f5c7c7714bd,MATPD_39ccab7fef752768c45d,Material,双铅一9,ENTM91_1328350ea3c3b6b93d,MaterialFamily,双铅一9,"[""双铅一9""]","[{""input_value"": ""双铅一9"", ""input_role"": ""canonical_name"", ""reference_value"": ""双铅一9"", ""reference_role"": ""canonical_name""}]",exact_canonical_or_synonym,1,1.0000,accepted,非密-危险特性汇总表.docx,28
ALNPD_2e6e782c806f4483f0d3,MATPD_33bce9298f2a558f0587,Material,161,MATM91_206dadf0bc1edf3365,Material,161,"[""161""]","[{""input_value"": ""161"", ""input_role"": ""canonical_name"", ""reference_value"": ""161"", ""reference_role"": ""canonical_name""}]",exact_canonical_or_synonym,2,0.7000,pending,非密-危险特性汇总表.docx,29
ALNPD_7f1b3b47ef988ecb1607,MATPD_33bce9298f2a558f0587,Material,161,ENTM91_27466ec9732379d1ac,MaterialFamily,161,"[""161""]","[{""input_value"": ""161"", ""input_role"": ""canonical_name"", ""reference_value"": ""161"", ""reference_role"": ""canonical_name""}]",exact_canonical_or_synonym,2,0.7000,pending,非密-危险特性汇总表.docx,29
ALNPD_05082718e5082999840d,MATPD_05485a1fd7f492ffa539,Material,改铝铅一I,MATM91_c8d0b55447224e090c,Material,改铝铅一I,"[""改铝铅一I""]","[{""input_value"": ""改铝铅一I"", ""input_role"": ""canonical_name"", ""reference_value"": ""改铝铅一I"", ""reference_role"": ""canonical_name""}]",exact_requires_review,2,0.7000,pending,非密-危险特性汇总表.docx,31
ALNPD_681503f89520a65808ea,MATPD_05485a1fd7f492ffa539,Material,改铝铅一I,ENTM91_04ebce7dfcd1ec435d,MaterialFamily,改铝铅一I,"[""改铝铅一I"", ""GLQ—l""]","[{""input_value"": ""改铝铅一I"", ""input_role"": ""canonical_name"", ""reference_value"": ""改铝铅一I"", ""reference_role"": ""canonical_name""}, {""input_value"": ""GLQ—l"", ""input_role"": ""product_code"", ""reference_value"": ""GLQ-l"", ""reference_role"": ""model_code""}]",exact_requires_review,2,0.7000,pending,非密-危险特性汇总表.docx,31
ALNPD_bc055e670f6592986af8,MATPD_cd9fd1a78f2829907b59,Material,改铝铅一2,ENTM91_9312009b05165046bc,MaterialFamily,改铝铅一2,"[""改铝铅一2""]","[{""input_value"": ""改铝铅一2"", ""input_role"": ""canonical_name"", ""reference_value"": ""改铝铅一2"", ""reference_role"": ""canonical_name""}]",exact_canonical_or_synonym,1,1.0000,accepted,非密-危险特性汇总表.docx,32
ALNPD_6d2b0b4989eced0cb0d3,MATPD_ec55cac6e31ed7c35c9c,Material,改铝铅一3,ENTM91_317264825e07d82542,MaterialFamily,改铝铅一3,"[""改铝铅一3""]","[{""input_value"": ""改铝铅一3"", ""input_role"": ""canonical_name"", ""reference_value"": ""改铝铅一3"", ""reference_role"": ""canonical_name""}]",exact_canonical_or_synonym,1,1.0000,accepted,非密-危险特性汇总表.docx,33
ALNPD_556c5e2e0693000a13ee,MATPD_b7464dfe1fe59b1c4fb8,Material,改黑碳～l,MATM91_9a9484444ef71321ab,Material,改黑碳~l,"[""改黑碳～l""]","[{""input_value"": ""改黑碳～l"", ""input_role"": ""canonical_name"", ""reference_value"": ""改黑碳~l"", ""reference_role"": ""canonical_name""}]",exact_requires_review,2,0.7000,pending,非密-危险特性汇总表.docx,34
ALNPD_af8d4486dd0898c7f142,MATPD_b7464dfe1fe59b1c4fb8,Material,改黑碳～l,ENTM91_72241acc6256df7234,MaterialFamily,改黑碳~l,"[""改黑碳～l"", ""G／HT—l""]","[{""input_value"": ""改黑碳～l"", ""input_role"": ""canonical_name"", ""reference_value"": ""改黑碳~l"", ""reference_role"": ""canonical_name""}, {""input_value"": ""G／HT—l"", ""input_role"": ""product_code"", ""reference_value"": ""G/HT-l"", ""reference_role"": ""chemical_synonym""}]",exact_requires_review,2,0.7000,pending,非密-危险特性汇总表.docx,34
ALNPD_97d6a4cb987d870c14b3,MATPD_4994facc1af7cb2d1b72,Material,改黑铜一IA,ENTM91_578601b9dd8c244892,MaterialFamily,改黑铜一IA,"[""改黑铜一IA""]","[{""input_value"": ""改黑铜一IA"", ""input_role"": ""canonical_name"", ""reference_value"": ""改黑铜一IA"", ""reference_role"": ""canonical_name""}]",exact_canonical_or_synonym,2,0.7000,pending,非密-危险特性汇总表.docx,35
ALNPD_04093e807681daea8e1e,MATPD_4994facc1af7cb2d1b72,Material,改黑铜一IA,MATM91_6984bfe23452e918d2,Material,改黑铜一IA(GATO-1A),"[""GATO—1A""]","[{""input_value"": ""GATO—1A"", ""input_role"": ""product_code"", ""reference_value"": ""GATO-1A"", ""reference_role"": ""model_code""}]",product_code_only,2,0.7000,pending,非密-危险特性汇总表.docx,35
ALNPD_825ccb9ca1f2bd884608,MATPD_f8191316f5a80c9d2d84,Material,改黑铜-2,ENTM91_7a5053aa77f9ee2d0b,MaterialFamily,改黑铜-2,"[""改黑铜-2""]","[{""input_value"": ""改黑铜-2"", ""input_role"": ""canonical_name"", ""reference_value"": ""改黑铜-2"", ""reference_role"": ""canonical_name""}]",exact_canonical_or_synonym,1,1.0000,accepted,非密-危险特性汇总表.docx,36
ALNPD_5862240301a03c4c2549,MATPD_c67d8e63734d4b4440ff,Material,改黑铅铜一1,MATM91_a58b814b1b617dce48,Material,改黑铅铜一1,"[""改黑铅铜一1""]","[{""input_value"": ""改黑铅铜一1"", ""input_role"": ""canonical_name"", ""reference_value"": ""改黑铅铜一1"", ""reference_role"": ""canonical_name""}]",exact_requires_review,2,0.7000,pending,非密-危险特性汇总表.docx,37
ALNPD_84b2bb6c215ba146e102,MATPD_c67d8e63734d4b4440ff,Material,改黑铅铜一1,ENTM91_a4304a2fcef32c976e,MaterialFamily,改黑铅铜一1,"[""改黑铅铜一1"", ""GHATO—l""]","[{""input_value"": ""改黑铅铜一1"", ""input_role"": ""canonical_name"", ""reference_value"": ""改黑铅铜一1"", ""reference_role"": ""canonical_name""}, {""input_value"": ""GHATO—l"", ""input_role"": ""product_code"", ""reference_value"": ""GHATO-l"", ""reference_role"": ""model_code""}]",exact_requires_review,2,0.7000,pending,非密-危险特性汇总表.docx,37
ALNPD_eb1771a27278f4f670a7,MATPD_38eb7ccdfab047f6e76d,Material,改黑铅一2,ENTM91_545742e61d26a8a07a,MaterialFamily,改黑铅一2,"[""改黑铅一2""]","[{""input_value"": ""改黑铅一2"", ""input_role"": ""canonical_name"", ""reference_value"": ""改黑铅一2"", ""reference_role"": ""canonical_name""}]",exact_canonical_or_synonym,1,1.0000,accepted,非密-危险特性汇总表.docx,38
ALNPD_da0aee14e2358c1b1e7e,MATPD_6adc1a1c37ed7e22b103,Material,改黑铅一2A,ENTM91_ec887c09dfe847c005,MaterialFamily,改黑铅一2A,"[""改黑铅一2A""]","[{""input_value"": ""改黑铅一2A"", ""input_role"": ""canonical_name"", ""reference_value"": ""改黑铅一2A"", ""reference_role"": ""canonical_name""}]",exact_canonical_or_synonym,1,1.0000,accepted,非密-危险特性汇总表.docx,39
ALNPD_ef40d6c528d6b2b066c8,MATPD_1a8fe53d06d16550a507,Material,改黑铅一5,ENTM91_fea9d876f19d820e98,MaterialFamily,改黑铅一5,"[""改黑铅一5""]","[{""input_value"": ""改黑铅一5"", ""input_role"": ""canonical_name"", ""reference_value"": ""改黑铅一5"", ""reference_role"": ""canonical_name""}]",exact_canonical_or_synonym,1,1.0000,accepted,非密-危险特性汇总表.docx,40
ALNPD_6cd585d2da457c31a953,MATPD_66e2caa26904d88d9b6b,Material,改铵铜一I,MATM91_c58dc9de3638d2a6c4,Material,改铵铜一I,"[""改铵铜一I""]","[{""input_value"": ""改铵铜一I"", ""input_role"": ""canonical_name"", ""reference_value"": ""改铵铜一I"", ""reference_role"": ""canonical_name""}]",exact_requires_review,2,0.7000,pending,非密-危险特性汇总表.docx,41
ALNPD_5c247559deb5f3a96d49,MATPD_66e2caa26904d88d9b6b,Material,改铵铜一I,ENTM91_fcfbf072a2b3538ce3,MaterialFamily,改铵铜一I,"[""改铵铜一I"", ""GATo一l""]","[{""input_value"": ""改铵铜一I"", ""input_role"": ""canonical_name"", ""reference_value"": ""改铵铜一I"", ""reference_role"": ""canonical_name""}, {""input_value"": ""GATo一l"", ""input_role"": ""product_code"", ""reference_value"": ""GATo一l"", ""reference_role"": ""chemical_synonym""}]",exact_requires_review,2,0.7000,pending,非密-危险特性汇总表.docx,41
ALNPD_264bad51620d2c4ff94d,MATPD_f25d9d02c19dff2ad229,Material,改铵铜一2,ENTM91_b876af5a7854d73bd9,MaterialFamily,改铵铜一2,"[""改铵铜一2""]","[{""input_value"": ""改铵铜一2"", ""input_role"": ""canonical_name"", ""reference_value"": ""改铵铜一2"", ""reference_role"": ""canonical_name""}]",exact_canonical_or_synonym,1,1.0000,accepted,非密-危险特性汇总表.docx,42
ALNPD_7ff27ee45422d5d1f217,CMPPD_d5bda78088dae8ec1eb3,ChemicalComponent,高氯酸铵,ENTM92_d5bda78088dae8ec1e,ChemicalComponent,高氯酸铵,"[""高氯酸铵""]","[{""input_value"": ""高氯酸铵"", ""input_role"": ""canonical_name"", ""reference_value"": ""高氯酸铵"", ""reference_role"": ""canonical_name""}]",exact_canonical_or_synonym,1,1.0000,accepted,非密-危险特性汇总表.docx,62
ALNPD_bd415e308db4b6460b8a,MATPD_cd9af366d8892d4a7a5c,Material,改铵铜一3,ENTM91_898ca7555572c3ecda,MaterialFamily,改铵铜一3,"[""改铵铜一3""]","[{""input_value"": ""改铵铜一3"", ""input_role"": ""canonical_name"", ""reference_value"": ""改铵铜一3"", ""reference_role"": ""canonical_name""}]",exact_canonical_or_synonym,1,1.0000,accepted,非密-危险特性汇总表.docx,43
ALNPD_439008b2b514fe12325a,MATPD_2eb10262bc3b0e702a22,Material,200kg航弹发动机主装药,MATM91_2705d3a206d0117d54,Material,200kg航弹发动机主装药,"[""200kg航弹发动机主装药""]","[{""input_value"": ""200kg航弹发动机主装药"", ""input_role"": ""canonical_name"", ""reference_value"": ""200kg航弹发动机主装药"", ""reference_role"": ""canonical_name""}]",exact_requires_review,2,0.7000,pending,非密-危险特性汇总表.docx,44
ALNPD_d8d3e026a11c7e6d5137,MATPD_2eb10262bc3b0e702a22,Material,200kg航弹发动机主装药,ENTM91_8f98bcccc5b3e62aa4,MaterialFamily,200kg航弹发动机主装药,"[""200kg航弹发动机主装药"", ""SL—l""]","[{""input_value"": ""200kg航弹发动机主装药"", ""input_role"": ""canonical_name"", ""reference_value"": ""200kg航弹发动机主装药"", ""reference_role"": ""canonical_name""}, {""input_value"": ""SL—l"", ""input_role"": ""product_code"", ""reference_value"": ""SL-l"", ""reference_role"": ""model_code""}]",exact_requires_review,2,0.7000,pending,非密-危险特性汇总表.docx,44
ALNPD_652788fc6aa5cb954b40,MATPD_cca5628303164722aaa8,Material,改黑铅一1,MATM91_3ebc029f58ced39352,Material,改黑铅一1,"[""改黑铅一1""]","[{""input_value"": ""改黑铅一1"", ""input_role"": ""canonical_name"", ""reference_value"": ""改黑铅一1"", ""reference_role"": ""canonical_name""}]",exact_requires_review,2,0.7000,pending,非密-危险特性汇总表.docx,45
ALNPD_2da2c9bdefc60f3ff149,MATPD_cca5628303164722aaa8,Material,改黑铅一1,ENTM91_51ca9c5f7cd2c58d6c,MaterialFamily,改黑铅一1,"[""改黑铅一1"", ""GHQ—l""]","[{""input_value"": ""改黑铅一1"", ""input_role"": ""canonical_name"", ""reference_value"": ""改黑铅一1"", ""reference_role"": ""canonical_name""}, {""input_value"": ""GHQ—l"", ""input_role"": ""product_code"", ""reference_value"": ""GHQ-l"", ""reference_role"": ""model_code""}]",exact_requires_review,2,0.7000,pending,非密-危险特性汇总表.docx,45
ALNPD_cb332d3b8f631c1245f6,MATPD_7f0ca4da610f8122c08c,Material,改奥铅一l,ENTM91_8e449acec6941d6d4d,MaterialFamily,改奥铅一l,"[""改奥铅一l""]","[{""input_value"": ""改奥铅一l"", ""input_role"": ""canonical_name"", ""reference_value"": ""改奥铅一l"", ""reference_role"": ""canonical_name""}]",exact_requires_review,1,0.7000,pending,非密-危险特性汇总表.docx,46
ALNPD_85f2f19eb15470481c85,MATPD_bea1ee79beac4d343250,Material,改奥铅一2,ENTM91_33ee51ea6d638b2684,MaterialFamily,改奥铅一2,"[""改奥铅一2""]","[{""input_value"": ""改奥铅一2"", ""input_role"": ""canonical_name"", ""reference_value"": ""改奥铅一2"", ""reference_role"": ""canonical_name""}]",exact_canonical_or_synonym,1,1.0000,accepted,非密-危险特性汇总表.docx,47
ALNPD_ecdf4e53594ed4fef9cf,MATPD_3ed1b8b57d1956b32c83,Material,改奥铅一3,ENTM91_72d078e70990261c34,MaterialFamily,改奥铅一3,"[""改奥铅一3""]","[{""input_value"": ""改奥铅一3"", ""input_role"": ""canonical_name"", ""reference_value"": ""改奥铅一3"", ""reference_role"": ""canonical_name""}]",exact_canonical_or_synonym,1,1.0000,accepted,非密-危险特性汇总表.docx,48
ALNPD_e360df778fbd3d5150d5,MATPD_4e890ffa5ebb4fd76e5f,Material,改黑铅一3,ENTM91_13d841722ac9b64a98,MaterialFamily,改黑铅一3,"[""改黑铅一3""]","[{""input_value"": ""改黑铅一3"", ""input_role"": ""canonical_name"", ""reference_value"": ""改黑铅一3"", ""reference_role"": ""canonical_name""}]",exact_canonical_or_synonym,1,1.0000,accepted,非密-危险特性汇总表.docx,49
ALNPD_f2a08f1a2afed6a9fcd2,MATPD_2bac367a773e3bdf58f2,Material,聚硫推进剂,ENTM91_17ee5e842ab972c600,MaterialFamily,聚硫推进剂,"[""聚硫推进剂""]","[{""input_value"": ""聚硫推进剂"", ""input_role"": ""canonical_name"", ""reference_value"": ""聚硫推进剂"", ""reference_role"": ""canonical_name""}]",exact_canonical_or_synonym,1,1.0000,accepted,非密-危险特性汇总表.docx,51
ALNPD_c7fa504e49627f720388,MATPD_f7365a5e2aa550f81968,Material,端羟基聚丁二烯推进剂,ENTM91_544639736ae6d62c4d,MaterialFamily,端羟基聚丁二烯推进剂,"[""端羟基聚丁二烯推进剂""]","[{""input_value"": ""端羟基聚丁二烯推进剂"", ""input_role"": ""canonical_name"", ""reference_value"": ""端羟基聚丁二烯推进剂"", ""reference_role"": ""canonical_name""}]",exact_canonical_or_synonym,2,0.7000,pending,非密-危险特性汇总表.docx,52
ALNPD_ea865ed38b6520488270,MATPD_f7365a5e2aa550f81968,Material,端羟基聚丁二烯推进剂,MATM91_b031250039f438366a,Material,端羟基聚丁二烯推进剂(826A),"[""826A""]","[{""input_value"": ""826A"", ""input_role"": ""product_code"", ""reference_value"": ""826A"", ""reference_role"": ""model_code""}]",product_code_only,2,0.7000,pending,非密-危险特性汇总表.docx,52
ALNPD_b8d97db4adeb5c65b94c,MATPD_2cde6b8de59fe21778ef,Material,端羟基聚丁二烯推进剂,ENTM91_544639736ae6d62c4d,MaterialFamily,端羟基聚丁二烯推进剂,"[""端羟基聚丁二烯推进剂""]","[{""input_value"": ""端羟基聚丁二烯推进剂"", ""input_role"": ""canonical_name"", ""reference_value"": ""端羟基聚丁二烯推进剂"", ""reference_role"": ""canonical_name""}]",exact_canonical_or_synonym,1,1.0000,accepted,非密-危险特性汇总表.docx,53
ALNPD_529f8f75a6a9e42a761d,MATPD_39134798aa117b747108,Material,端羟聚丁二烯推进剂,ENTM91_121e5796b6ffefcbf2,MaterialFamily,端羟聚丁二烯推进剂,"[""端羟聚丁二烯推进剂""]","[{""input_value"": ""端羟聚丁二烯推进剂"", ""input_role"": ""canonical_name"", ""reference_value"": ""端羟聚丁二烯推进剂"", ""reference_role"": ""canonical_name""}]",exact_canonical_or_synonym,1,1.0000,accepted,非密-危险特性汇总表.docx,54
ALNPD_f0e0a02c04f2375ea66e,MATPD_4fd9b1aed3c618f5b3af,Material,端羟聚丁二烯推进剂,ENTM91_121e5796b6ffefcbf2,MaterialFamily,端羟聚丁二烯推进剂,"[""端羟聚丁二烯推进剂""]","[{""input_value"": ""端羟聚丁二烯推进剂"", ""input_role"": ""canonical_name"", ""reference_value"": ""端羟聚丁二烯推进剂"", ""reference_role"": ""canonical_name""}]",exact_canonical_or_synonym,1,1.0000,accepted,非密-危险特性汇总表.docx,55
ALNPD_a81806382522166e51d6,MATPD_ebe3e4c49de63c9a3893,Material,端羟聚丁二烯推进剂,ENTM91_121e5796b6ffefcbf2,MaterialFamily,端羟聚丁二烯推进剂,"[""端羟聚丁二烯推进剂""]","[{""input_value"": ""端羟聚丁二烯推进剂"", ""input_role"": ""canonical_name"", ""reference_value"": ""端羟聚丁二烯推进剂"", ""reference_role"": ""canonical_name""}]",exact_canonical_or_synonym,1,1.0000,accepted,非密-危险特性汇总表.docx,56
ALNPD_06f5b40402617f27ba34,MATPD_affdbeb358e077ec1092,Material,端羟聚丁二烯推进剂,ENTM91_121e5796b6ffefcbf2,MaterialFamily,端羟聚丁二烯推进剂,"[""端羟聚丁二烯推进剂""]","[{""input_value"": ""端羟聚丁二烯推进剂"", ""input_role"": ""canonical_name"", ""reference_value"": ""端羟聚丁二烯推进剂"", ""reference_role"": ""canonical_name""}]",exact_requires_review,1,0.7000,pending,非密-危险特性汇总表.docx,57
ALNPD_0f2ed75da037f556fa90,MATPD_2e494af60b3bda4af216,Material,端羟基聚丁二烯推进剂,ENTM91_544639736ae6d62c4d,MaterialFamily,端羟基聚丁二烯推进剂,"[""端羟基聚丁二烯推进剂""]","[{""input_value"": ""端羟基聚丁二烯推进剂"", ""input_role"": ""canonical_name"", ""reference_value"": ""端羟基聚丁二烯推进剂"", ""reference_role"": ""canonical_name""}]",exact_canonical_or_synonym,1,1.0000,accepted,非密-危险特性汇总表.docx,58
ALNPD_3cd5f938d4111d4fc2fe,MATPD_d5e3f8e0481727aa6c53,Material,端羟聚丁二烯推进剂,ENTM91_121e5796b6ffefcbf2,MaterialFamily,端羟聚丁二烯推进剂,"[""端羟聚丁二烯推进剂""]","[{""input_value"": ""端羟聚丁二烯推进剂"", ""input_role"": ""canonical_name"", ""reference_value"": ""端羟聚丁二烯推进剂"", ""reference_role"": ""canonical_name""}]",exact_canonical_or_synonym,1,1.0000,accepted,非密-危险特性汇总表.docx,59
ALNPD_253a6dc3b3fec487b764,MATPD_f6e273bd11b9df13dacd,Material,155底排药柱,ENTM91_7fad9c88020a6b9213,MaterialFamily,155底排药柱,"[""155底排药柱""]","[{""input_value"": ""155底排药柱"", ""input_role"": ""canonical_name"", ""reference_value"": ""155底排药柱"", ""reference_role"": ""canonical_name""}]",exact_canonical_or_synonym,2,0.7000,pending,非密-危险特性汇总表.docx,60
ALNPD_e7d1068d84c0d6d83815,MATPD_f6e273bd11b9df13dacd,Material,155底排药柱,MATM91_7ed09b8eee773dc084,Material,155底排药柱(DDB02),"[""DDB02""]","[{""input_value"": ""DDB02"", ""input_role"": ""product_code"", ""reference_value"": ""DDB02"", ""reference_role"": ""model_code""}]",product_code_only,2,0.7000,pending,非密-危险特性汇总表.docx,60
ALNPD_321f2bdb7c762448616e,CMPPD_f52ac3dfd3c16da953d9,ChemicalComponent,端羟基聚丁二烯,ENTM92_f52ac3dfd3c16da953,ChemicalComponent,端羟基聚丁二烯,"[""端羟基聚丁二烯""]","[{""input_value"": ""端羟基聚丁二烯"", ""input_role"": ""canonical_name"", ""reference_value"": ""端羟基聚丁二烯"", ""reference_role"": ""canonical_name""}]",exact_canonical_or_synonym,1,1.0000,accepted,非密-危险特性汇总表.docx,61
ALNPD_14b04931038171e4a3f9,MATPD_044a46fba878fda5a206,Material,丁羟燃--02底排药,MATM91_b08d2354163b3a9740,Material,丁羟燃-02底排药(DQR-02),"[""DQR--02""]","[{""input_value"": ""DQR--02"", ""input_role"": ""product_code"", ""reference_value"": ""DQR--02"", ""reference_role"": ""model_code""}]",product_code_only,1,0.7000,pending,非密-危险特性汇总表.docx,61
ALNPD_02005ae2f3e590165722,MATPD_36ebe0c992e6b65a4511,Material,聚氯乙烯推进剂,MATM91_eee51dd0631608efee,Material,聚氯乙烯推进剂,"[""聚氯乙烯推进剂""]","[{""input_value"": ""聚氯乙烯推进剂"", ""input_role"": ""canonical_name"", ""reference_value"": ""聚氯乙烯推进剂"", ""reference_role"": ""canonical_name""}]",exact_canonical_or_synonym,2,0.7000,pending,非密-危险特性汇总表.docx,62
ALNPD_5c990ece616963f3a8d2,MATPD_36ebe0c992e6b65a4511,Material,聚氯乙烯推进剂,ENTM91_76c2d18537ad276699,MaterialFamily,聚氯乙烯推进剂,"[""聚氯乙烯推进剂""]","[{""input_value"": ""聚氯乙烯推进剂"", ""input_role"": ""canonical_name"", ""reference_value"": ""聚氯乙烯推进剂"", ""reference_role"": ""canonical_name""}]",exact_canonical_or_synonym,2,0.7000,pending,非密-危险特性汇总表.docx,62
