issue_type,severity,field_name,raw_value,parsed_value,detail,review_id,product_id,product_name,source_file,table_index,table_row,review_status
unresolved_multinumber_sensitivity,high,性能,火焰感度：在常压条件下，标准黑药柱不能点燃GTG起爆药。静电火花感度：正极50%发火能量为1.73J，负极50%发火能量为2.50J,"{""max_value"":null,""min_value"":null,""nominal_value"":null,""tolerance"":null,""unit"":""""}",unresolved_multinumber_sensitivity,REVPD_463e93129e8933cb557b,MATPD_2bdeba018769c977ec8f,GTG单质起爆药,非密-危险特性汇总表.docx,0,16,pending
suspicious_low_detonation_velocity,high,性能,爆速795m／s,"{""max_value"":null,""min_value"":null,""nominal_value"":795.0,""tolerance"":null,""unit"":""m/s""}",suspicious_low_detonation_velocity,REVPD_4fc2bfa1aa2c9bdf8dbd,MATPD_7273a5ff6d574cf70bbc,3—硝基—1，2，4—三唑—5—酮,非密-危险特性汇总表.docx,1,15,pending
suspicious_detonation_velocity,medium,,,,爆速数值低于常见记录量级，请核对原文,REVPD_bb68a15bbbaa8393dedd,MATPD_7273a5ff6d574cf70bbc,3—硝基—1，2，4—三唑—5—酮,非密-危险特性汇总表.docx,1,15,pending
missing_composition_for_mixture,medium,,,,奥克氟儿炸药,REVPD_c102e1c9f3f2253e4b5f,MATPD_275af0133edd034daf49,奥克氟儿炸药,非密-危险特性汇总表.docx,2,10,pending
ambiguous_identifier_glyph,high,product_code,A—Ⅳ—I,,ambiguous_identifier_glyph:product_code,REVPD_401b0dae415cc96adf62,MATPD_d7efbd7900ec922c8079,钝化黑索今,非密-危险特性汇总表.docx,2,25,pending
composition_numeric_character_review,high,composition_raw,葵二酸二辛酯4.8,4.8,component_name_normalization_review,REVPD_f41c8834c5842f187e3b,MATPD_1a8513ad5342941174a2,塑黑—4炸药,非密-危险特性汇总表.docx,2,36,pending
composition_numeric_character_review,high,composition_raw,葵二酸二辛酯4.6,4.6,component_name_normalization_review,REVPD_c7328c6a592a47efb7a6,MATPD_228fc1358e19224d67f0,塑黑—5炸药,非密-危险特性汇总表.docx,2,37,pending
missing_composition_for_mixture,medium,,,,DH—1炸药,REVPD_7cd1c82d7e9323e60aa9,MATPD_80f8dabe19753c01b245,DH—1炸药,非密-危险特性汇总表.docx,2,41,pending
composition_numeric_character_review,high,composition_raw,二本胺1.0—2.0,1.0—2.0,component_name_normalization_review,REVPD_7e6062326bbb8ba74305,MATPD_24692923495c3f83482e,单钾—4／7石,非密-危险特性汇总表.docx,3,3,pending
composition_numeric_character_review,high,composition_raw,二本胺1.0—2.0,1.0—2.0,component_name_normalization_review,REVPD_f37e9a334707a01457c9,MATPD_d7b25d8529ad8267def2,单樟—2／1,非密-危险特性汇总表.docx,3,6,pending
composition_numeric_character_review,high,composition_raw,碳黑≤2.0,≤2.0,component_name_normalization_review,REVPD_cba5519200ef3b9f0cc6,MATPD_8a8a57da3044f82974c0,单碳—11,非密-危险特性汇总表.docx,3,8,pending
descending_range_possible_tolerance,high,药型尺寸,平均长度420—20mm,"{""max_value"":null,""min_value"":null,""nominal_value"":420.0,""tolerance"":20.0,""unit"":""mm""}",descending_range_possible_tolerance,REVPD_eab9303acf7efeef3dc0,MATPD_cb58df8dca499770bdf1,单—8／1—42、,非密-危险特性汇总表.docx,3,17,pending
descending_range_possible_tolerance,high,药型尺寸,平均长度270—12mm,"{""max_value"":null,""min_value"":null,""nominal_value"":270.0,""tolerance"":12.0,""unit"":""mm""}",descending_range_possible_tolerance,REVPD_2804b914301ba841aca4,MATPD_68fe331aab773030cbd5,单—12／1—27,非密-危险特性汇总表.docx,3,18,pending
descending_range_possible_tolerance,high,药型尺寸,平均长度720—30mm,"{""max_value"":null,""min_value"":null,""nominal_value"":720.0,""tolerance"":30.0,""unit"":""mm""}",descending_range_possible_tolerance,REVPD_37cd8d865814e3e2aa87,MATPD_f06ca5994e31b673208f,单—12／1—72,非密-危险特性汇总表.docx,3,19,pending
descending_range_possible_tolerance,high,药型尺寸,平均长度570—10mm,"{""max_value"":null,""min_value"":null,""nominal_value"":570.0,""tolerance"":10.0,""unit"":""mm""}",descending_range_possible_tolerance,REVPD_e675035ee6a109eb8627,MATPD_2322f1115bc714fef1cd,单—12／1—57、,非密-危险特性汇总表.docx,3,20,pending
descending_range_possible_tolerance,high,药型尺寸,平均长度350—12mm,"{""max_value"":null,""min_value"":null,""nominal_value"":350.0,""tolerance"":12.0,""unit"":""mm""}",descending_range_possible_tolerance,REVPD_0544f0c19827940a3dec,MATPD_f87cd19d59e5a15fd67b,单—16／1—35、,非密-危险特性汇总表.docx,3,21,pending
descending_range_possible_tolerance,high,药型尺寸,平均长度395—15mm,"{""max_value"":null,""min_value"":null,""nominal_value"":395.0,""tolerance"":15.0,""unit"":""mm""}",descending_range_possible_tolerance,REVPD_447cfbc4e2cb7ec7628b,MATPD_845a9cdf66ed4a5f67e3,单—18／1—39,非密-危险特性汇总表.docx,3,24,pending
descending_range_possible_tolerance,high,药型尺寸,平均长度395—15mm,"{""max_value"":null,""min_value"":null,""nominal_value"":395.0,""tolerance"":15.0,""unit"":""mm""}",descending_range_possible_tolerance,REVPD_59de3f55ccc4f84e9339,MATPD_e32c7151be51ffe33ec1,单—10／1—39松钾,非密-危险特性汇总表.docx,3,36,pending
descending_range_possible_tolerance,high,药型尺寸,平均长度305.5—8mm,"{""max_value"":null,""min_value"":null,""nominal_value"":305.5,""tolerance"":8.0,""unit"":""mm""}",descending_range_possible_tolerance,REVPD_482085fd4b2b9606224a,MATPD_5358d6529850ea0ed837,单硝碳—11,非密-危险特性汇总表.docx,3,45,pending
composition_numeric_character_review,high,composition_raw,苯二甲酸二丁酯6.0±1.0,6.0±1.0,component_name_normalization_review,REVPD_e3ed4ebe8e3066abb4c3,MATPD_905f2367b5e34eeb3ac0,单芳—14—12／7发射药,非密-危险特性汇总表.docx,3,55,pending
composition_numeric_character_review,high,composition_raw,苯二甲酸二丁酯4.9±1.0,4.9±1.0,component_name_normalization_review,REVPD_1c4e241c404ce673145c,MATPD_a4600262163720a81ec4,单芳—12—4／1,非密-危险特性汇总表.docx,3,57,pending
composition_numeric_character_review,high,composition_raw,苯二甲酸二丁酯4.9±1.0,4.9±1.0,component_name_normalization_review,REVPD_fcadde11994304b0254e,MATPD_bc1ddb5d6882d3ef917f,单芳—12—9／7发射药,非密-危险特性汇总表.docx,3,58,pending
composition_numeric_character_review,high,composition_raw,苯二甲酸二丁酯1.8±0.5,1.8±0.5,component_name_normalization_review,REVPD_c451724a231fe120afcc,MATPD_f92b23b03c0b66717694,单芳—13—20／19发射药,非密-危险特性汇总表.docx,3,59,pending
descending_range_possible_tolerance,high,药型尺寸,平均直径0.6—0.12mm,"{""max_value"":null,""min_value"":null,""nominal_value"":0.6,""tolerance"":0.12,""unit"":""mm""}",descending_range_possible_tolerance,REVPD_b99c46891a8acfba77fe,MATPD_bd90eadbdb7194fafe0f,双醋—12A—球23×90,非密-危险特性汇总表.docx,3,72,pending
composition_numeric_character_review,high,composition_raw,苯二甲酸二丁酯6.0±0.7,6.0±0.7,component_name_normalization_review,REVPD_1efaa58a0bf65f95fed4,MATPD_46c5ff82ebba09e1baf0,双芳—2—19／1—32,非密-危险特性汇总表.docx,3,82,pending
descending_range_possible_tolerance,high,药型尺寸,平均长度320—8mm,"{""max_value"":null,""min_value"":null,""nominal_value"":320.0,""tolerance"":8.0,""unit"":""mm""}",descending_range_possible_tolerance,REVPD_6de5cb3dd94da5d1d405,MATPD_46c5ff82ebba09e1baf0,双芳—2—19／1—32,非密-危险特性汇总表.docx,3,82,pending
composition_numeric_character_review,high,composition_raw,苯二甲酸二丁酯4.5±0.7,4.5±0.7,component_name_normalization_review,REVPD_1975bcb98fa50624aa48,MATPD_747b1ce55a7e8ccf5890,双芳—3,非密-危险特性汇总表.docx,3,83,pending
descending_range_possible_tolerance,high,药型尺寸,平均长度235—8mm,"{""max_value"":null,""min_value"":null,""nominal_value"":235.0,""tolerance"":8.0,""unit"":""mm""}",descending_range_possible_tolerance,REVPD_0b3c544a1aae49c8bc1a,MATPD_747b1ce55a7e8ccf5890,双芳—3,非密-危险特性汇总表.docx,3,83,pending
composition_numeric_character_review,high,composition_raw,苯二甲酸二丁酯4.5,4.5,component_name_normalization_review,REVPD_6f81b6b6fe64331f0ade,MATPD_9f0d17dcf28136054715,双芳—3—18／1—26（双球—35）,非密-危险特性汇总表.docx,3,84,pending
composition_numeric_character_review,high,composition_raw,苯二甲酸二丁酯4.5,4.5,component_name_normalization_review,REVPD_e9929dce3b7fb90b9d4e,MATPD_f461e48cce2526122752,双芳—3—16／1—23（双球—35）,非密-危险特性汇总表.docx,3,85,pending
suspicious_composition_percentage,high,composition_raw,硝化甘油256.5,"{""max_value"":null,""min_value"":null,""nominal_value"":256.5}",硝化甘油256.5,REVPD_ae2f16ac24f923d34d7b,MATPD_a745390fe990ad65fb2a,双芳—3—23／1—37（双球—35）,非密-危险特性汇总表.docx,3,86,pending
composition_numeric_character_review,high,composition_raw,苯二甲酸二丁酯4.5,4.5,component_name_normalization_review,REVPD_23a91b83f3c7496b2df8,MATPD_a745390fe990ad65fb2a,双芳—3—23／1—37（双球—35）,非密-危险特性汇总表.docx,3,86,pending
descending_range_possible_tolerance,high,药型尺寸,平均长度320—8mm,"{""max_value"":null,""min_value"":null,""nominal_value"":320.0,""tolerance"":8.0,""unit"":""mm""}",descending_range_possible_tolerance,REVPD_8ed4f328b33df1e65fd3,MATPD_5ebcb4f2dc71a11f3396,乙芳—3—19／1—32,非密-危险特性汇总表.docx,3,87,pending
composition_numeric_character_review,high,composition_raw,苯二甲酸二丁酯2.7±0.7,2.7±0.7,component_name_normalization_review,REVPD_2a617d101dbb44c6b7e8,MATPD_8541712c7dec8547ac91,双乙—2—19／1—32,非密-危险特性汇总表.docx,3,89,pending
descending_range_possible_tolerance,high,药型尺寸,平均长度328—8mm,"{""max_value"":null,""min_value"":null,""nominal_value"":328.0,""tolerance"":8.0,""unit"":""mm""}",descending_range_possible_tolerance,REVPD_726311ca742b204c3473,MATPD_8541712c7dec8547ac91,双乙—2—19／1—32,非密-危险特性汇总表.docx,3,89,pending
descending_range_possible_tolerance,high,性能,火药力1177—1128KJ／kg,"{""max_value"":null,""min_value"":null,""nominal_value"":1177.0,""tolerance"":1128.0,""unit"":""kJ/kg""}",descending_range_possible_tolerance,REVPD_86bd50077ad13f319a4d,MATPD_e23d983c958d8df1b2f2,GR5发射药,非密-危险特性汇总表.docx,3,109,pending
descending_range_possible_tolerance,high,性能,火药力1176—1128KJ／kg,"{""max_value"":null,""min_value"":null,""nominal_value"":1176.0,""tolerance"":1128.0,""unit"":""kJ/kg""}",descending_range_possible_tolerance,REVPD_aff4303fd9e2663e9ee0,MATPD_63e16a6b884e1dfb932b,三黑—12发射药,非密-危险特性汇总表.docx,3,110,pending
ambiguous_identifier_glyph,high,product_name,双铅一l,,ambiguous_identifier_glyph:product_name,REVPD_fe617dd924542ee4dd3c,MATPD_c078a4fbe01e9c35ba9b,双铅一l,非密-危险特性汇总表.docx,4,5,pending
ambiguous_identifier_glyph,high,product_code,SQ—l,,ambiguous_identifier_glyph:product_code,REVPD_18c96b3b418663a5ac34,MATPD_c078a4fbe01e9c35ba9b,双铅一l,非密-危险特性汇总表.docx,4,5,pending
ambiguous_identifier_glyph,high,product_name,双钴一l,,ambiguous_identifier_glyph:product_name,REVPD_d92bfc58036bb459bce8,MATPD_0c32d92626e5a3ad8490,双钴一l,非密-危险特性汇总表.docx,4,6,pending
ambiguous_identifier_glyph,high,product_code,SG—l,,ambiguous_identifier_glyph:product_code,REVPD_2c55b12e68acd3f0b8b4,MATPD_0c32d92626e5a3ad8490,双钴一l,非密-危险特性汇总表.docx,4,6,pending
ambiguous_identifier_glyph,high,product_name,双芳镁一l,,ambiguous_identifier_glyph:product_name,REVPD_40386b3c6e2b45668287,MATPD_8fbec213443813dc3d9e,双芳镁一l,非密-危险特性汇总表.docx,4,9,pending
ambiguous_identifier_glyph,high,product_code,SFM～l,,ambiguous_identifier_glyph:product_code,REVPD_afb536f0659ee6b6b381,MATPD_8fbec213443813dc3d9e,双芳镁一l,非密-危险特性汇总表.docx,4,9,pending
composition_numeric_character_review,high,composition_raw,苯二甲酸二丁酯2.0±0.5,2.0±0.5,component_name_normalization_review,REVPD_ebbf0248eb3b93e385d3,MATPD_8fbec213443813dc3d9e,双芳镁一l,非密-危险特性汇总表.docx,4,9,pending
composition_numeric_character_review,high,composition_raw,苯二甲酸二丁酯2.8±0.5,2.8±0.5,component_name_normalization_review,REVPD_4dc5f49855fc3b477496,MATPD_73dd86fcf485ce60a59b,双芳镁一2,非密-危险特性汇总表.docx,4,10,pending
composition_numeric_character_review,high,composition_raw,苯二甲酸二丁酯1.9±0.5,1.9±0.5,component_name_normalization_review,REVPD_56c9f0abfe8b3f5c723e,MATPD_b905ee6a3696e679600a,双芳镁一3,非密-危险特性汇总表.docx,4,11,pending
composition_numeric_character_review,high,composition_raw,硝化棉48.O,48.0,numeric_character_normalized,REVPD_8377cd24073a7826b9a4,MATPD_24933c1e2e75faa70acc,双乙醛一1A,非密-危险特性汇总表.docx,4,12,pending
composition_numeric_character_review,high,composition_raw,硝化棉56.O,56.0,numeric_character_normalized,REVPD_834d06cffbed6d35c23d,MATPD_d5b24d63c09770a530e3,中能平台,非密-危险特性汇总表.docx,4,13,pending
ambiguous_identifier_glyph,high,product_code,SZ-l,,ambiguous_identifier_glyph:product_code,REVPD_cb9d56c9c7a374aa88d4,MATPD_a0b8a4302ee3ede51e30,双基燃气 推进剂,非密-危险特性汇总表.docx,4,24,pending
ambiguous_identifier_glyph,high,product_name,改铝铅一I,,ambiguous_identifier_glyph:product_name,REVPD_f674c014964a18ae71e1,MATPD_05485a1fd7f492ffa539,改铝铅一I,非密-危险特性汇总表.docx,4,31,pending
ambiguous_identifier_glyph,high,product_code,GLQ—l,,ambiguous_identifier_glyph:product_code,REVPD_f28148b0c24587498087,MATPD_05485a1fd7f492ffa539,改铝铅一I,非密-危险特性汇总表.docx,4,31,pending
ambiguous_identifier_glyph,high,product_name,改黑碳～l,,ambiguous_identifier_glyph:product_name,REVPD_ecd1dd8e50f0191a9bc6,MATPD_b7464dfe1fe59b1c4fb8,改黑碳～l,非密-危险特性汇总表.docx,4,34,pending
ambiguous_identifier_glyph,high,product_code,G／HT—l,,ambiguous_identifier_glyph:product_code,REVPD_2619a082645f87065d82,MATPD_b7464dfe1fe59b1c4fb8,改黑碳～l,非密-危险特性汇总表.docx,4,34,pending
ambiguous_identifier_glyph,high,product_code,GHATO—l,,ambiguous_identifier_glyph:product_code,REVPD_b29b36f96f4be1334791,MATPD_c67d8e63734d4b4440ff,改黑铅铜一1,非密-危险特性汇总表.docx,4,37,pending
descending_range_possible_tolerance,high,性能,比冲2265—2234N·s／kg,"{""max_value"":null,""min_value"":null,""nominal_value"":2265.0,""tolerance"":2234.0,""unit"":""N·s/kg""}",descending_range_possible_tolerance,REVPD_9270e3d0b5de0160795f,MATPD_38eb7ccdfab047f6e76d,改黑铅一2,非密-危险特性汇总表.docx,4,38,pending
ambiguous_identifier_glyph,high,product_name,改铵铜一I,,ambiguous_identifier_glyph:product_name,REVPD_c40df33df68246284946,MATPD_66e2caa26904d88d9b6b,改铵铜一I,非密-危险特性汇总表.docx,4,41,pending
ambiguous_identifier_glyph,high,product_code,GATo一l,,ambiguous_identifier_glyph:product_code,REVPD_a6ecba919e32a653144a,MATPD_66e2caa26904d88d9b6b,改铵铜一I,非密-危险特性汇总表.docx,4,41,pending
ambiguous_identifier_glyph,high,product_code,SL—l,,ambiguous_identifier_glyph:product_code,REVPD_88aca2c2f4e597b9aed9,MATPD_2eb10262bc3b0e702a22,200kg航弹发动机主装药,非密-危险特性汇总表.docx,4,44,pending
ambiguous_identifier_glyph,high,product_code,GHQ—l,,ambiguous_identifier_glyph:product_code,REVPD_d7cff21b667d64e6cb15,MATPD_cca5628303164722aaa8,改黑铅一1,非密-危险特性汇总表.docx,4,45,pending
ambiguous_identifier_glyph,high,product_name,改奥铅一l,,ambiguous_identifier_glyph:product_name,REVPD_69c778c1242323604401,MATPD_7f0ca4da610f8122c08c,改奥铅一l,非密-危险特性汇总表.docx,4,46,pending
missing_composition_for_mixture,medium,,,,改黑铅一3,REVPD_065e58050be32585e18f,MATPD_4e890ffa5ebb4fd76e5f,改黑铅一3,非密-危险特性汇总表.docx,4,49,pending
composition_numeric_character_review,high,composition_raw,其他4.O,4.0,numeric_character_normalized,REVPD_35e66aca9ac8d0b0a398,MATPD_2bac367a773e3bdf58f2,聚硫推进剂,非密-危险特性汇总表.docx,4,51,pending
composition_numeric_character_review,high,composition_raw,AP68.O,68.0,numeric_character_normalized,REVPD_6ab7184b3b7864dd45ad,MATPD_f7365a5e2aa550f81968,端羟基聚丁二烯推进剂,非密-危险特性汇总表.docx,4,52,pending
composition_numeric_character_review,high,composition_raw,AL19.O,19.0,numeric_character_normalized,REVPD_67c4eb261784f6b4c853,MATPD_2cde6b8de59fe21778ef,端羟基聚丁二烯推进剂,非密-危险特性汇总表.docx,4,53,pending
composition_numeric_character_review,high,composition_raw,（DOS+ A键／B键）2．O,2．0,numeric_character_normalized,REVPD_fdc1d93de697b310dd52,MATPD_39134798aa117b747108,端羟聚丁二烯推进剂,非密-危险特性汇总表.docx,4,54,pending
composition_numeric_character_review,high,composition_raw,其他O．1,0．1,numeric_character_normalized,REVPD_6977e7cfa8aba9e9927b,MATPD_4fd9b1aed3c618f5b3af,端羟聚丁二烯推进剂,非密-危险特性汇总表.docx,4,55,pending
composition_numeric_character_review,high,composition_raw,其他O．15,0．15,numeric_character_normalized,REVPD_5228a2e704c4ac8b8f90,MATPD_ebe3e4c49de63c9a3893,端羟聚丁二烯推进剂,非密-危险特性汇总表.docx,4,56,pending
ambiguous_identifier_glyph,high,product_code,861lA,,ambiguous_identifier_glyph:product_code,REVPD_57c6c337f364eaadb971,MATPD_affdbeb358e077ec1092,端羟聚丁二烯推进剂,非密-危险特性汇总表.docx,4,57,pending
composition_numeric_character_review,high,composition_raw,AL7．O,7．0,numeric_character_normalized,REVPD_11a4dd57272ebcdc9393,MATPD_affdbeb358e077ec1092,端羟聚丁二烯推进剂,非密-危险特性汇总表.docx,4,57,pending
possible_ocr_character_confusion,medium,,,,数字中疑似包含字母O或l,REVPD_81d2cd3fb27db69b544f,MATPD_affdbeb358e077ec1092,端羟聚丁二烯推进剂,非密-危险特性汇总表.docx,4,57,pending
composition_numeric_character_review,high,composition_raw,AL13.O,13.0,numeric_character_normalized,REVPD_f9041bb1fece1c59732c,MATPD_2e494af60b3bda4af216,端羟基聚丁二烯推进剂,非密-危险特性汇总表.docx,4,58,pending
composition_numeric_character_review,high,composition_raw,AL5.O,5.0,numeric_character_normalized,REVPD_0611522b5deea5717d00,MATPD_d5e3f8e0481727aa6c53,端羟聚丁二烯推进剂,非密-危险特性汇总表.docx,4,59,pending
composition_numeric_character_review,high,composition_raw,三乙醇胺O.1,0.1,numeric_character_normalized,REVPD_87f9a449769d1084c677,MATPD_044a46fba878fda5a206,丁羟燃--02底排药,非密-危险特性汇总表.docx,4,61,pending
composition_numeric_character_review,high,composition_raw,三乙醇胺O.1,0.1,numeric_character_normalized,REVPD_146b5415b8b9dab8cc13,MATPD_36ebe0c992e6b65a4511,聚氯乙烯推进剂,非密-危险特性汇总表.docx,4,62,pending
