fact_id,scenario_id,主体实体,主体类型,主体属性_JSON,关系,尾实体,尾实体类型,尾实体属性_JSON,来源文档,来源章节,证据,置信度,抽取器
F_00000001,RS_000001,氧化剂准备,Process,"{""工序"": ""氧化剂准备"", ""操作步骤"": ""运输车辆到达工房外，打开车门准备卸料，上料岗位人员将药桶搬运至工房外，使用手推车推至暂存位置"", ""操作行为"": ""搬，推"", ""操作人数"": ""2人""}",包含操作步骤,运输车辆到达工房外,OperationStep,"{""完整步骤"": ""运输车辆到达工房外，打开车门准备卸料，上料岗位人员将药桶搬运至工房外，使用手推车推至暂存位置""}",手工作业类风险辨识知识图谱信息.xlsx,,[SHEET Sheet1] 手工作业模式的风险辨识 人员 | | | | | 物料 | | | | | 工艺及设备 | | | | | | 环境等危险源 | | | 本工序相关事故案例 | | | | 相关法规、规范 工序/岗位 | 操作步骤 | 操作行为 | 操作人数 | 导致危险源释放的因素 | 防范措施 | 危险物料 | 危险物料状态 | 危险特性 | 导致危险源释放的因素 | 防范措施 | 危险物料位置或部位 | 工艺参数 | 设备动作 | 设备缺陷/异常 | 导致,0.9,rules:manual_table
F_00000002,RS_000001,氧化剂准备,Process,"{""工序"": ""氧化剂准备"", ""操作步骤"": ""运输车辆到达工房外，打开车门准备卸料，上料岗位人员将药桶搬运至工房外，使用手推车推至暂存位置"", ""操作行为"": ""搬，推"", ""操作人数"": ""2人""}",需要人数,2人,Personnel,{},手工作业类风险辨识知识图谱信息.xlsx,,[SHEET Sheet1] 手工作业模式的风险辨识 人员 | | | | | 物料 | | | | | 工艺及设备 | | | | | | 环境等危险源 | | | 本工序相关事故案例 | | | | 相关法规、规范 工序/岗位 | 操作步骤 | 操作行为 | 操作人数 | 导致危险源释放的因素 | 防范措施 | 危险物料 | 危险物料状态 | 危险特性 | 导致危险源释放的因素 | 防范措施 | 危险物料位置或部位 | 工艺参数 | 设备动作 | 设备缺陷/异常 | 导致,0.86,rules:manual_table
F_00000003,RS_000001,氧化剂准备,Process,"{""工序"": ""氧化剂准备"", ""操作步骤"": ""运输车辆到达工房外，打开车门准备卸料，上料岗位人员将药桶搬运至工房外，使用手推车推至暂存位置"", ""操作行为"": ""搬，推"", ""操作人数"": ""2人""}",涉及物料,氧化剂（AP）,Material,"{""状态"": ""散状"", ""危险特性"": ""（物料参数库）""}",手工作业类风险辨识知识图谱信息.xlsx,,[SHEET Sheet1] 手工作业模式的风险辨识 人员 | | | | | 物料 | | | | | 工艺及设备 | | | | | | 环境等危险源 | | | 本工序相关事故案例 | | | | 相关法规、规范 工序/岗位 | 操作步骤 | 操作行为 | 操作人数 | 导致危险源释放的因素 | 防范措施 | 危险物料 | 危险物料状态 | 危险特性 | 导致危险源释放的因素 | 防范措施 | 危险物料位置或部位 | 工艺参数 | 设备动作 | 设备缺陷/异常 | 导致,0.9,rules:manual_table
F_00000004,RS_000002,氧化剂（AP）,Material,"{""危险物料"": ""氧化剂（AP）""}",具有状态,散状,HazardFactor,{},手工作业类风险辨识知识图谱信息.xlsx,,[SHEET Sheet1] 手工作业模式的风险辨识 人员 | | | | | 物料 | | | | | 工艺及设备 | | | | | | 环境等危险源 | | | 本工序相关事故案例 | | | | 相关法规、规范 工序/岗位 | 操作步骤 | 操作行为 | 操作人数 | 导致危险源释放的因素 | 防范措施 | 危险物料 | 危险物料状态 | 危险特性 | 导致危险源释放的因素 | 防范措施 | 危险物料位置或部位 | 工艺参数 | 设备动作 | 设备缺陷/异常 | 导致,0.72,rules:manual_table
F_00000005,RS_000003,氧化剂（AP）,Material,"{""危险物料"": ""氧化剂（AP）"", ""状态"": ""散状""}",具有危险性质,（物料参数库）,HazardFactor,{},手工作业类风险辨识知识图谱信息.xlsx,,[SHEET Sheet1] 手工作业模式的风险辨识 人员 | | | | | 物料 | | | | | 工艺及设备 | | | | | | 环境等危险源 | | | 本工序相关事故案例 | | | | 相关法规、规范 工序/岗位 | 操作步骤 | 操作行为 | 操作人数 | 导致危险源释放的因素 | 防范措施 | 危险物料 | 危险物料状态 | 危险特性 | 导致危险源释放的因素 | 防范措施 | 危险物料位置或部位 | 工艺参数 | 设备动作 | 设备缺陷/异常 | 导致,0.78,rules:manual_table
F_00000006,RS_000004,氧化剂准备,Process,"{""工序"": ""氧化剂准备"", ""操作步骤"": ""运输车辆到达工房外，打开车门准备卸料，上料岗位人员将药桶搬运至工房外，使用手推车推至暂存位置"", ""操作行为"": ""搬，推"", ""操作人数"": ""2人""}",存在危险因素,暴力搬运,HazardFactor,"{""工序"": ""氧化剂准备"", ""操作步骤"": ""运输车辆到达工房外，打开车门准备卸料，上料岗位人员将药桶搬运至工房外，使用手推车推至暂存位置"", ""操作行为"": ""搬，推"", ""操作人数"": ""2人"", ""风险维度"": ""人员""}",手工作业类风险辨识知识图谱信息.xlsx,,[SHEET Sheet1] 手工作业模式的风险辨识 人员 | | | | | 物料 | | | | | 工艺及设备 | | | | | | 环境等危险源 | | | 本工序相关事故案例 | | | | 相关法规、规范 工序/岗位 | 操作步骤 | 操作行为 | 操作人数 | 导致危险源释放的因素 | 防范措施 | 危险物料 | 危险物料状态 | 危险特性 | 导致危险源释放的因素 | 防范措施 | 危险物料位置或部位 | 工艺参数 | 设备动作 | 设备缺陷/异常 | 导致,0.92,rules:manual_table
F_00000007,RS_000004,暴力搬运,HazardFactor,"{""工序"": ""氧化剂准备"", ""操作步骤"": ""运输车辆到达工房外，打开车门准备卸料，上料岗位人员将药桶搬运至工房外，使用手推车推至暂存位置"", ""操作行为"": ""搬，推"", ""操作人数"": ""2人"", ""风险维度"": ""人员""}",属于风险维度,人员,RiskDimension,{},手工作业类风险辨识知识图谱信息.xlsx,,[SHEET Sheet1] 手工作业模式的风险辨识 人员 | | | | | 物料 | | | | | 工艺及设备 | | | | | | 环境等危险源 | | | 本工序相关事故案例 | | | | 相关法规、规范 工序/岗位 | 操作步骤 | 操作行为 | 操作人数 | 导致危险源释放的因素 | 防范措施 | 危险物料 | 危险物料状态 | 危险特性 | 导致危险源释放的因素 | 防范措施 | 危险物料位置或部位 | 工艺参数 | 设备动作 | 设备缺陷/异常 | 导致,0.82,rules:manual_table
F_00000008,RS_000004,暴力搬运,HazardFactor,"{""工序"": ""氧化剂准备"", ""操作步骤"": ""运输车辆到达工房外，打开车门准备卸料，上料岗位人员将药桶搬运至工房外，使用手推车推至暂存位置"", ""操作行为"": ""搬，推"", ""操作人数"": ""2人"", ""风险维度"": ""人员""}",可能导致,人员伤害,RiskEvent,{},手工作业类风险辨识知识图谱信息.xlsx,,[SHEET Sheet1] 手工作业模式的风险辨识 人员 | | | | | 物料 | | | | | 工艺及设备 | | | | | | 环境等危险源 | | | 本工序相关事故案例 | | | | 相关法规、规范 工序/岗位 | 操作步骤 | 操作行为 | 操作人数 | 导致危险源释放的因素 | 防范措施 | 危险物料 | 危险物料状态 | 危险特性 | 导致危险源释放的因素 | 防范措施 | 危险物料位置或部位 | 工艺参数 | 设备动作 | 设备缺陷/异常 | 导致,0.7,rules:manual_table
F_00000009,RS_000004,暴力搬运,HazardFactor,"{""工序"": ""氧化剂准备"", ""操作步骤"": ""运输车辆到达工房外，打开车门准备卸料，上料岗位人员将药桶搬运至工房外，使用手推车推至暂存位置"", ""操作行为"": ""搬，推"", ""操作人数"": ""2人"", ""风险维度"": ""人员""}",受控于,手推车设置接地线,ControlMeasure,"{""控制类型"": ""管理控制""}",手工作业类风险辨识知识图谱信息.xlsx,,[SHEET Sheet1] 手工作业模式的风险辨识 人员 | | | | | 物料 | | | | | 工艺及设备 | | | | | | 环境等危险源 | | | 本工序相关事故案例 | | | | 相关法规、规范 工序/岗位 | 操作步骤 | 操作行为 | 操作人数 | 导致危险源释放的因素 | 防范措施 | 危险物料 | 危险物料状态 | 危险特性 | 导致危险源释放的因素 | 防范措施 | 危险物料位置或部位 | 工艺参数 | 设备动作 | 设备缺陷/异常 | 导致,0.88,rules:manual_table
F_00000010,RS_000005,氧化剂准备,Process,"{""工序"": ""氧化剂准备"", ""操作步骤"": ""运输车辆到达工房外，打开车门准备卸料，上料岗位人员将药桶搬运至工房外，使用手推车推至暂存位置"", ""操作行为"": ""搬，推"", ""操作人数"": ""2人""}",存在危险因素,手推车未设置接地线,HazardFactor,"{""工序"": ""氧化剂准备"", ""操作步骤"": ""运输车辆到达工房外，打开车门准备卸料，上料岗位人员将药桶搬运至工房外，使用手推车推至暂存位置"", ""操作行为"": ""搬，推"", ""操作人数"": ""2人"", ""风险维度"": ""人员""}",手工作业类风险辨识知识图谱信息.xlsx,,[SHEET Sheet1] 手工作业模式的风险辨识 人员 | | | | | 物料 | | | | | 工艺及设备 | | | | | | 环境等危险源 | | | 本工序相关事故案例 | | | | 相关法规、规范 工序/岗位 | 操作步骤 | 操作行为 | 操作人数 | 导致危险源释放的因素 | 防范措施 | 危险物料 | 危险物料状态 | 危险特性 | 导致危险源释放的因素 | 防范措施 | 危险物料位置或部位 | 工艺参数 | 设备动作 | 设备缺陷/异常 | 导致,0.92,rules:manual_table
F_00000011,RS_000005,手推车未设置接地线,HazardFactor,"{""工序"": ""氧化剂准备"", ""操作步骤"": ""运输车辆到达工房外，打开车门准备卸料，上料岗位人员将药桶搬运至工房外，使用手推车推至暂存位置"", ""操作行为"": ""搬，推"", ""操作人数"": ""2人"", ""风险维度"": ""人员""}",属于风险维度,人员,RiskDimension,{},手工作业类风险辨识知识图谱信息.xlsx,,[SHEET Sheet1] 手工作业模式的风险辨识 人员 | | | | | 物料 | | | | | 工艺及设备 | | | | | | 环境等危险源 | | | 本工序相关事故案例 | | | | 相关法规、规范 工序/岗位 | 操作步骤 | 操作行为 | 操作人数 | 导致危险源释放的因素 | 防范措施 | 危险物料 | 危险物料状态 | 危险特性 | 导致危险源释放的因素 | 防范措施 | 危险物料位置或部位 | 工艺参数 | 设备动作 | 设备缺陷/异常 | 导致,0.82,rules:manual_table
F_00000012,RS_000005,手推车未设置接地线,HazardFactor,"{""工序"": ""氧化剂准备"", ""操作步骤"": ""运输车辆到达工房外，打开车门准备卸料，上料岗位人员将药桶搬运至工房外，使用手推车推至暂存位置"", ""操作行为"": ""搬，推"", ""操作人数"": ""2人"", ""风险维度"": ""人员""}",可能导致,静电积聚,RiskEvent,{},手工作业类风险辨识知识图谱信息.xlsx,,[SHEET Sheet1] 手工作业模式的风险辨识 人员 | | | | | 物料 | | | | | 工艺及设备 | | | | | | 环境等危险源 | | | 本工序相关事故案例 | | | | 相关法规、规范 工序/岗位 | 操作步骤 | 操作行为 | 操作人数 | 导致危险源释放的因素 | 防范措施 | 危险物料 | 危险物料状态 | 危险特性 | 导致危险源释放的因素 | 防范措施 | 危险物料位置或部位 | 工艺参数 | 设备动作 | 设备缺陷/异常 | 导致,0.7,rules:manual_table
F_00000013,RS_000005,手推车未设置接地线,HazardFactor,"{""工序"": ""氧化剂准备"", ""操作步骤"": ""运输车辆到达工房外，打开车门准备卸料，上料岗位人员将药桶搬运至工房外，使用手推车推至暂存位置"", ""操作行为"": ""搬，推"", ""操作人数"": ""2人"", ""风险维度"": ""人员""}",可能导致,燃烧,RiskEvent,{},手工作业类风险辨识知识图谱信息.xlsx,,[SHEET Sheet1] 手工作业模式的风险辨识 人员 | | | | | 物料 | | | | | 工艺及设备 | | | | | | 环境等危险源 | | | 本工序相关事故案例 | | | | 相关法规、规范 工序/岗位 | 操作步骤 | 操作行为 | 操作人数 | 导致危险源释放的因素 | 防范措施 | 危险物料 | 危险物料状态 | 危险特性 | 导致危险源释放的因素 | 防范措施 | 危险物料位置或部位 | 工艺参数 | 设备动作 | 设备缺陷/异常 | 导致,0.7,rules:manual_table
F_00000014,RS_000005,手推车未设置接地线,HazardFactor,"{""工序"": ""氧化剂准备"", ""操作步骤"": ""运输车辆到达工房外，打开车门准备卸料，上料岗位人员将药桶搬运至工房外，使用手推车推至暂存位置"", ""操作行为"": ""搬，推"", ""操作人数"": ""2人"", ""风险维度"": ""人员""}",可能导致,爆炸,RiskEvent,{},手工作业类风险辨识知识图谱信息.xlsx,,[SHEET Sheet1] 手工作业模式的风险辨识 人员 | | | | | 物料 | | | | | 工艺及设备 | | | | | | 环境等危险源 | | | 本工序相关事故案例 | | | | 相关法规、规范 工序/岗位 | 操作步骤 | 操作行为 | 操作人数 | 导致危险源释放的因素 | 防范措施 | 危险物料 | 危险物料状态 | 危险特性 | 导致危险源释放的因素 | 防范措施 | 危险物料位置或部位 | 工艺参数 | 设备动作 | 设备缺陷/异常 | 导致,0.7,rules:manual_table
F_00000015,RS_000005,手推车未设置接地线,HazardFactor,"{""工序"": ""氧化剂准备"", ""操作步骤"": ""运输车辆到达工房外，打开车门准备卸料，上料岗位人员将药桶搬运至工房外，使用手推车推至暂存位置"", ""操作行为"": ""搬，推"", ""操作人数"": ""2人"", ""风险维度"": ""人员""}",受控于,手推车设置接地线,ControlMeasure,"{""控制类型"": ""管理控制""}",手工作业类风险辨识知识图谱信息.xlsx,,[SHEET Sheet1] 手工作业模式的风险辨识 人员 | | | | | 物料 | | | | | 工艺及设备 | | | | | | 环境等危险源 | | | 本工序相关事故案例 | | | | 相关法规、规范 工序/岗位 | 操作步骤 | 操作行为 | 操作人数 | 导致危险源释放的因素 | 防范措施 | 危险物料 | 危险物料状态 | 危险特性 | 导致危险源释放的因素 | 防范措施 | 危险物料位置或部位 | 工艺参数 | 设备动作 | 设备缺陷/异常 | 导致,0.88,rules:manual_table
F_00000016,RS_000006,氧化剂准备,Process,"{""工序"": ""氧化剂准备"", ""操作步骤"": ""运输车辆到达工房外，打开车门准备卸料，上料岗位人员将药桶搬运至工房外，使用手推车推至暂存位置"", ""操作行为"": ""搬，推"", ""操作人数"": ""2人""}",存在危险因素,未穿戴防护用品,HazardFactor,"{""工序"": ""氧化剂准备"", ""操作步骤"": ""运输车辆到达工房外，打开车门准备卸料，上料岗位人员将药桶搬运至工房外，使用手推车推至暂存位置"", ""操作行为"": ""搬，推"", ""操作人数"": ""2人"", ""风险维度"": ""人员""}",手工作业类风险辨识知识图谱信息.xlsx,,[SHEET Sheet1] 手工作业模式的风险辨识 人员 | | | | | 物料 | | | | | 工艺及设备 | | | | | | 环境等危险源 | | | 本工序相关事故案例 | | | | 相关法规、规范 工序/岗位 | 操作步骤 | 操作行为 | 操作人数 | 导致危险源释放的因素 | 防范措施 | 危险物料 | 危险物料状态 | 危险特性 | 导致危险源释放的因素 | 防范措施 | 危险物料位置或部位 | 工艺参数 | 设备动作 | 设备缺陷/异常 | 导致,0.92,rules:manual_table
F_00000017,RS_000006,未穿戴防护用品,HazardFactor,"{""工序"": ""氧化剂准备"", ""操作步骤"": ""运输车辆到达工房外，打开车门准备卸料，上料岗位人员将药桶搬运至工房外，使用手推车推至暂存位置"", ""操作行为"": ""搬，推"", ""操作人数"": ""2人"", ""风险维度"": ""人员""}",属于风险维度,人员,RiskDimension,{},手工作业类风险辨识知识图谱信息.xlsx,,[SHEET Sheet1] 手工作业模式的风险辨识 人员 | | | | | 物料 | | | | | 工艺及设备 | | | | | | 环境等危险源 | | | 本工序相关事故案例 | | | | 相关法规、规范 工序/岗位 | 操作步骤 | 操作行为 | 操作人数 | 导致危险源释放的因素 | 防范措施 | 危险物料 | 危险物料状态 | 危险特性 | 导致危险源释放的因素 | 防范措施 | 危险物料位置或部位 | 工艺参数 | 设备动作 | 设备缺陷/异常 | 导致,0.82,rules:manual_table
F_00000018,RS_000006,未穿戴防护用品,HazardFactor,"{""工序"": ""氧化剂准备"", ""操作步骤"": ""运输车辆到达工房外，打开车门准备卸料，上料岗位人员将药桶搬运至工房外，使用手推车推至暂存位置"", ""操作行为"": ""搬，推"", ""操作人数"": ""2人"", ""风险维度"": ""人员""}",可能导致,人员伤害,RiskEvent,{},手工作业类风险辨识知识图谱信息.xlsx,,[SHEET Sheet1] 手工作业模式的风险辨识 人员 | | | | | 物料 | | | | | 工艺及设备 | | | | | | 环境等危险源 | | | 本工序相关事故案例 | | | | 相关法规、规范 工序/岗位 | 操作步骤 | 操作行为 | 操作人数 | 导致危险源释放的因素 | 防范措施 | 危险物料 | 危险物料状态 | 危险特性 | 导致危险源释放的因素 | 防范措施 | 危险物料位置或部位 | 工艺参数 | 设备动作 | 设备缺陷/异常 | 导致,0.7,rules:manual_table
F_00000019,RS_000006,未穿戴防护用品,HazardFactor,"{""工序"": ""氧化剂准备"", ""操作步骤"": ""运输车辆到达工房外，打开车门准备卸料，上料岗位人员将药桶搬运至工房外，使用手推车推至暂存位置"", ""操作行为"": ""搬，推"", ""操作人数"": ""2人"", ""风险维度"": ""人员""}",受控于,手推车设置接地线,ControlMeasure,"{""控制类型"": ""管理控制""}",手工作业类风险辨识知识图谱信息.xlsx,,[SHEET Sheet1] 手工作业模式的风险辨识 人员 | | | | | 物料 | | | | | 工艺及设备 | | | | | | 环境等危险源 | | | 本工序相关事故案例 | | | | 相关法规、规范 工序/岗位 | 操作步骤 | 操作行为 | 操作人数 | 导致危险源释放的因素 | 防范措施 | 危险物料 | 危险物料状态 | 危险特性 | 导致危险源释放的因素 | 防范措施 | 危险物料位置或部位 | 工艺参数 | 设备动作 | 设备缺陷/异常 | 导致,0.88,rules:manual_table
F_00000020,RS_000007,氧化剂准备,Process,"{""工序"": ""氧化剂准备"", ""操作步骤"": ""运输车辆到达工房外，打开车门准备卸料，上料岗位人员将药桶搬运至工房外，使用手推车推至暂存位置"", ""操作行为"": ""搬，推"", ""操作人数"": ""2人""}",存在危险因素,摩擦,HazardFactor,"{""工序"": ""氧化剂准备"", ""操作步骤"": ""运输车辆到达工房外，打开车门准备卸料，上料岗位人员将药桶搬运至工房外，使用手推车推至暂存位置"", ""操作行为"": ""搬，推"", ""操作人数"": ""2人"", ""风险维度"": ""物料"", ""危险物料"": ""氧化剂（AP）""}",手工作业类风险辨识知识图谱信息.xlsx,,[SHEET Sheet1] 手工作业模式的风险辨识 人员 | | | | | 物料 | | | | | 工艺及设备 | | | | | | 环境等危险源 | | | 本工序相关事故案例 | | | | 相关法规、规范 工序/岗位 | 操作步骤 | 操作行为 | 操作人数 | 导致危险源释放的因素 | 防范措施 | 危险物料 | 危险物料状态 | 危险特性 | 导致危险源释放的因素 | 防范措施 | 危险物料位置或部位 | 工艺参数 | 设备动作 | 设备缺陷/异常 | 导致,0.92,rules:manual_table
F_00000021,RS_000007,摩擦,HazardFactor,"{""工序"": ""氧化剂准备"", ""操作步骤"": ""运输车辆到达工房外，打开车门准备卸料，上料岗位人员将药桶搬运至工房外，使用手推车推至暂存位置"", ""操作行为"": ""搬，推"", ""操作人数"": ""2人"", ""风险维度"": ""物料"", ""危险物料"": ""氧化剂（AP）""}",属于风险维度,物料,RiskDimension,{},手工作业类风险辨识知识图谱信息.xlsx,,[SHEET Sheet1] 手工作业模式的风险辨识 人员 | | | | | 物料 | | | | | 工艺及设备 | | | | | | 环境等危险源 | | | 本工序相关事故案例 | | | | 相关法规、规范 工序/岗位 | 操作步骤 | 操作行为 | 操作人数 | 导致危险源释放的因素 | 防范措施 | 危险物料 | 危险物料状态 | 危险特性 | 导致危险源释放的因素 | 防范措施 | 危险物料位置或部位 | 工艺参数 | 设备动作 | 设备缺陷/异常 | 导致,0.82,rules:manual_table
F_00000022,RS_000007,摩擦,HazardFactor,"{""工序"": ""氧化剂准备"", ""操作步骤"": ""运输车辆到达工房外，打开车门准备卸料，上料岗位人员将药桶搬运至工房外，使用手推车推至暂存位置"", ""操作行为"": ""搬，推"", ""操作人数"": ""2人"", ""风险维度"": ""物料"", ""危险物料"": ""氧化剂（AP）""}",可能导致,燃烧,RiskEvent,{},手工作业类风险辨识知识图谱信息.xlsx,,[SHEET Sheet1] 手工作业模式的风险辨识 人员 | | | | | 物料 | | | | | 工艺及设备 | | | | | | 环境等危险源 | | | 本工序相关事故案例 | | | | 相关法规、规范 工序/岗位 | 操作步骤 | 操作行为 | 操作人数 | 导致危险源释放的因素 | 防范措施 | 危险物料 | 危险物料状态 | 危险特性 | 导致危险源释放的因素 | 防范措施 | 危险物料位置或部位 | 工艺参数 | 设备动作 | 设备缺陷/异常 | 导致,0.7,rules:manual_table
F_00000023,RS_000007,摩擦,HazardFactor,"{""工序"": ""氧化剂准备"", ""操作步骤"": ""运输车辆到达工房外，打开车门准备卸料，上料岗位人员将药桶搬运至工房外，使用手推车推至暂存位置"", ""操作行为"": ""搬，推"", ""操作人数"": ""2人"", ""风险维度"": ""物料"", ""危险物料"": ""氧化剂（AP）""}",可能导致,爆炸,RiskEvent,{},手工作业类风险辨识知识图谱信息.xlsx,,[SHEET Sheet1] 手工作业模式的风险辨识 人员 | | | | | 物料 | | | | | 工艺及设备 | | | | | | 环境等危险源 | | | 本工序相关事故案例 | | | | 相关法规、规范 工序/岗位 | 操作步骤 | 操作行为 | 操作人数 | 导致危险源释放的因素 | 防范措施 | 危险物料 | 危险物料状态 | 危险特性 | 导致危险源释放的因素 | 防范措施 | 危险物料位置或部位 | 工艺参数 | 设备动作 | 设备缺陷/异常 | 导致,0.7,rules:manual_table
F_00000024,RS_000008,氧化剂准备,Process,"{""工序"": ""氧化剂准备"", ""操作步骤"": ""运输车辆到达工房外，打开车门准备卸料，上料岗位人员将药桶搬运至工房外，使用手推车推至暂存位置"", ""操作行为"": ""搬，推"", ""操作人数"": ""2人""}",存在危险因素,撞击,HazardFactor,"{""工序"": ""氧化剂准备"", ""操作步骤"": ""运输车辆到达工房外，打开车门准备卸料，上料岗位人员将药桶搬运至工房外，使用手推车推至暂存位置"", ""操作行为"": ""搬，推"", ""操作人数"": ""2人"", ""风险维度"": ""物料"", ""危险物料"": ""氧化剂（AP）""}",手工作业类风险辨识知识图谱信息.xlsx,,[SHEET Sheet1] 手工作业模式的风险辨识 人员 | | | | | 物料 | | | | | 工艺及设备 | | | | | | 环境等危险源 | | | 本工序相关事故案例 | | | | 相关法规、规范 工序/岗位 | 操作步骤 | 操作行为 | 操作人数 | 导致危险源释放的因素 | 防范措施 | 危险物料 | 危险物料状态 | 危险特性 | 导致危险源释放的因素 | 防范措施 | 危险物料位置或部位 | 工艺参数 | 设备动作 | 设备缺陷/异常 | 导致,0.92,rules:manual_table
F_00000025,RS_000008,撞击,HazardFactor,"{""工序"": ""氧化剂准备"", ""操作步骤"": ""运输车辆到达工房外，打开车门准备卸料，上料岗位人员将药桶搬运至工房外，使用手推车推至暂存位置"", ""操作行为"": ""搬，推"", ""操作人数"": ""2人"", ""风险维度"": ""物料"", ""危险物料"": ""氧化剂（AP）""}",属于风险维度,物料,RiskDimension,{},手工作业类风险辨识知识图谱信息.xlsx,,[SHEET Sheet1] 手工作业模式的风险辨识 人员 | | | | | 物料 | | | | | 工艺及设备 | | | | | | 环境等危险源 | | | 本工序相关事故案例 | | | | 相关法规、规范 工序/岗位 | 操作步骤 | 操作行为 | 操作人数 | 导致危险源释放的因素 | 防范措施 | 危险物料 | 危险物料状态 | 危险特性 | 导致危险源释放的因素 | 防范措施 | 危险物料位置或部位 | 工艺参数 | 设备动作 | 设备缺陷/异常 | 导致,0.82,rules:manual_table
F_00000026,RS_000008,撞击,HazardFactor,"{""工序"": ""氧化剂准备"", ""操作步骤"": ""运输车辆到达工房外，打开车门准备卸料，上料岗位人员将药桶搬运至工房外，使用手推车推至暂存位置"", ""操作行为"": ""搬，推"", ""操作人数"": ""2人"", ""风险维度"": ""物料"", ""危险物料"": ""氧化剂（AP）""}",可能导致,燃烧,RiskEvent,{},手工作业类风险辨识知识图谱信息.xlsx,,[SHEET Sheet1] 手工作业模式的风险辨识 人员 | | | | | 物料 | | | | | 工艺及设备 | | | | | | 环境等危险源 | | | 本工序相关事故案例 | | | | 相关法规、规范 工序/岗位 | 操作步骤 | 操作行为 | 操作人数 | 导致危险源释放的因素 | 防范措施 | 危险物料 | 危险物料状态 | 危险特性 | 导致危险源释放的因素 | 防范措施 | 危险物料位置或部位 | 工艺参数 | 设备动作 | 设备缺陷/异常 | 导致,0.7,rules:manual_table
F_00000027,RS_000008,撞击,HazardFactor,"{""工序"": ""氧化剂准备"", ""操作步骤"": ""运输车辆到达工房外，打开车门准备卸料，上料岗位人员将药桶搬运至工房外，使用手推车推至暂存位置"", ""操作行为"": ""搬，推"", ""操作人数"": ""2人"", ""风险维度"": ""物料"", ""危险物料"": ""氧化剂（AP）""}",可能导致,爆炸,RiskEvent,{},手工作业类风险辨识知识图谱信息.xlsx,,[SHEET Sheet1] 手工作业模式的风险辨识 人员 | | | | | 物料 | | | | | 工艺及设备 | | | | | | 环境等危险源 | | | 本工序相关事故案例 | | | | 相关法规、规范 工序/岗位 | 操作步骤 | 操作行为 | 操作人数 | 导致危险源释放的因素 | 防范措施 | 危险物料 | 危险物料状态 | 危险特性 | 导致危险源释放的因素 | 防范措施 | 危险物料位置或部位 | 工艺参数 | 设备动作 | 设备缺陷/异常 | 导致,0.7,rules:manual_table
F_00000028,RS_000009,氧化剂准备,Process,"{""工序"": ""氧化剂准备"", ""操作步骤"": ""运输车辆到达工房外，打开车门准备卸料，上料岗位人员将药桶搬运至工房外，使用手推车推至暂存位置"", ""操作行为"": ""搬，推"", ""操作人数"": ""2人""}",存在危险因素,静电,HazardFactor,"{""工序"": ""氧化剂准备"", ""操作步骤"": ""运输车辆到达工房外，打开车门准备卸料，上料岗位人员将药桶搬运至工房外，使用手推车推至暂存位置"", ""操作行为"": ""搬，推"", ""操作人数"": ""2人"", ""风险维度"": ""物料"", ""危险物料"": ""氧化剂（AP）""}",手工作业类风险辨识知识图谱信息.xlsx,,[SHEET Sheet1] 手工作业模式的风险辨识 人员 | | | | | 物料 | | | | | 工艺及设备 | | | | | | 环境等危险源 | | | 本工序相关事故案例 | | | | 相关法规、规范 工序/岗位 | 操作步骤 | 操作行为 | 操作人数 | 导致危险源释放的因素 | 防范措施 | 危险物料 | 危险物料状态 | 危险特性 | 导致危险源释放的因素 | 防范措施 | 危险物料位置或部位 | 工艺参数 | 设备动作 | 设备缺陷/异常 | 导致,0.92,rules:manual_table
F_00000029,RS_000009,静电,HazardFactor,"{""工序"": ""氧化剂准备"", ""操作步骤"": ""运输车辆到达工房外，打开车门准备卸料，上料岗位人员将药桶搬运至工房外，使用手推车推至暂存位置"", ""操作行为"": ""搬，推"", ""操作人数"": ""2人"", ""风险维度"": ""物料"", ""危险物料"": ""氧化剂（AP）""}",属于风险维度,物料,RiskDimension,{},手工作业类风险辨识知识图谱信息.xlsx,,[SHEET Sheet1] 手工作业模式的风险辨识 人员 | | | | | 物料 | | | | | 工艺及设备 | | | | | | 环境等危险源 | | | 本工序相关事故案例 | | | | 相关法规、规范 工序/岗位 | 操作步骤 | 操作行为 | 操作人数 | 导致危险源释放的因素 | 防范措施 | 危险物料 | 危险物料状态 | 危险特性 | 导致危险源释放的因素 | 防范措施 | 危险物料位置或部位 | 工艺参数 | 设备动作 | 设备缺陷/异常 | 导致,0.82,rules:manual_table
F_00000030,RS_000009,静电,HazardFactor,"{""工序"": ""氧化剂准备"", ""操作步骤"": ""运输车辆到达工房外，打开车门准备卸料，上料岗位人员将药桶搬运至工房外，使用手推车推至暂存位置"", ""操作行为"": ""搬，推"", ""操作人数"": ""2人"", ""风险维度"": ""物料"", ""危险物料"": ""氧化剂（AP）""}",可能导致,燃烧,RiskEvent,{},手工作业类风险辨识知识图谱信息.xlsx,,[SHEET Sheet1] 手工作业模式的风险辨识 人员 | | | | | 物料 | | | | | 工艺及设备 | | | | | | 环境等危险源 | | | 本工序相关事故案例 | | | | 相关法规、规范 工序/岗位 | 操作步骤 | 操作行为 | 操作人数 | 导致危险源释放的因素 | 防范措施 | 危险物料 | 危险物料状态 | 危险特性 | 导致危险源释放的因素 | 防范措施 | 危险物料位置或部位 | 工艺参数 | 设备动作 | 设备缺陷/异常 | 导致,0.7,rules:manual_table
F_00000031,RS_000009,静电,HazardFactor,"{""工序"": ""氧化剂准备"", ""操作步骤"": ""运输车辆到达工房外，打开车门准备卸料，上料岗位人员将药桶搬运至工房外，使用手推车推至暂存位置"", ""操作行为"": ""搬，推"", ""操作人数"": ""2人"", ""风险维度"": ""物料"", ""危险物料"": ""氧化剂（AP）""}",可能导致,爆炸,RiskEvent,{},手工作业类风险辨识知识图谱信息.xlsx,,[SHEET Sheet1] 手工作业模式的风险辨识 人员 | | | | | 物料 | | | | | 工艺及设备 | | | | | | 环境等危险源 | | | 本工序相关事故案例 | | | | 相关法规、规范 工序/岗位 | 操作步骤 | 操作行为 | 操作人数 | 导致危险源释放的因素 | 防范措施 | 危险物料 | 危险物料状态 | 危险特性 | 导致危险源释放的因素 | 防范措施 | 危险物料位置或部位 | 工艺参数 | 设备动作 | 设备缺陷/异常 | 导致,0.7,rules:manual_table
F_00000032,RS_000010,氧化剂准备,Process,"{""工序"": ""氧化剂准备"", ""操作步骤"": ""运输车辆到达工房外，打开车门准备卸料，上料岗位人员将药桶搬运至工房外，使用手推车推至暂存位置"", ""操作行为"": ""搬，推"", ""操作人数"": ""2人""}",存在危险因素,定时检查温湿度/采用自动温湿度控制系统,HazardFactor,"{""工序"": ""氧化剂准备"", ""操作步骤"": ""运输车辆到达工房外，打开车门准备卸料，上料岗位人员将药桶搬运至工房外，使用手推车推至暂存位置"", ""操作行为"": ""搬，推"", ""操作人数"": ""2人"", ""风险维度"": ""湿度过低"", ""危险物料"": ""氧化剂（AP）""}",手工作业类风险辨识知识图谱信息.xlsx,,[SHEET Sheet1] 手工作业模式的风险辨识 人员 | | | | | 物料 | | | | | 工艺及设备 | | | | | | 环境等危险源 | | | 本工序相关事故案例 | | | | 相关法规、规范 工序/岗位 | 操作步骤 | 操作行为 | 操作人数 | 导致危险源释放的因素 | 防范措施 | 危险物料 | 危险物料状态 | 危险特性 | 导致危险源释放的因素 | 防范措施 | 危险物料位置或部位 | 工艺参数 | 设备动作 | 设备缺陷/异常 | 导致,0.92,rules:manual_table
F_00000033,RS_000010,定时检查温湿度/采用自动温湿度控制系统,HazardFactor,"{""工序"": ""氧化剂准备"", ""操作步骤"": ""运输车辆到达工房外，打开车门准备卸料，上料岗位人员将药桶搬运至工房外，使用手推车推至暂存位置"", ""操作行为"": ""搬，推"", ""操作人数"": ""2人"", ""风险维度"": ""湿度过低"", ""危险物料"": ""氧化剂（AP）""}",属于风险维度,湿度过低,RiskDimension,{},手工作业类风险辨识知识图谱信息.xlsx,,[SHEET Sheet1] 手工作业模式的风险辨识 人员 | | | | | 物料 | | | | | 工艺及设备 | | | | | | 环境等危险源 | | | 本工序相关事故案例 | | | | 相关法规、规范 工序/岗位 | 操作步骤 | 操作行为 | 操作人数 | 导致危险源释放的因素 | 防范措施 | 危险物料 | 危险物料状态 | 危险特性 | 导致危险源释放的因素 | 防范措施 | 危险物料位置或部位 | 工艺参数 | 设备动作 | 设备缺陷/异常 | 导致,0.82,rules:manual_table
F_00000034,RS_000011,危险场所清扫,Process,{},受控于,检修前清扫,ControlMeasure,"{""控制类型"": ""清洁去污""}",中刚开发多孔粒状（成品）铵油炸药生产安全操作规程.docx,7.2 节假日或长期停产的清扫：应对作业现场、设备的残余物料进行彻底的清扫、冲洗，直至无可见剩余物料。清扫后由安全、生产、技术等部门联合组织验收。,7.3危险场所或设备设施检修的清扫：应停止生产，对相关设备、管道、周围环境等的危险物质进行彻底清理和清扫，涉及夹层、夹缝、空心轴的设备及电器开关须经特殊处理，由安全管理部门和检修单位进行检查确认。,0.8,rules:management
F_00000035,RS_000012,机械伤害,RiskEvent,{},触发应急处置,停止机械运转,EmergencyAction,"{""动作类型"": ""应急处置""}",中刚开发多孔粒状（成品）铵油炸药生产安全操作规程.docx,8.1 作业现场发生机械伤害、触电类人身事故（险情）时现场人员或最先发现伤害情况的人员要立即进行现场处置并与安全管理部门联系。,8.1.1机械伤害处置：若为挤压、冲撞等运动型机械伤害，最先发现者应立即停止机械运转；如伤者为四肢活动性出血，现场人员首先将受伤者出血靠近心脏方向扎紧，以减少出血。 8.1.2低压触电处置：第一发现人应采取措施迅速切断电源或用绝缘材料使触电人员脱离电源，若触电者呼吸停止，则用人工呼吸法进行抢救；若触电者心脏停止跳动，则用胸外挤压法进行抢救；,0.9,rules:emergency
F_00000036,RS_000012,触电,RiskEvent,{},触发应急处置,切断电源,EmergencyAction,"{""动作类型"": ""应急处置""}",中刚开发多孔粒状（成品）铵油炸药生产安全操作规程.docx,8.1 作业现场发生机械伤害、触电类人身事故（险情）时现场人员或最先发现伤害情况的人员要立即进行现场处置并与安全管理部门联系。,8.1.1机械伤害处置：若为挤压、冲撞等运动型机械伤害，最先发现者应立即停止机械运转；如伤者为四肢活动性出血，现场人员首先将受伤者出血靠近心脏方向扎紧，以减少出血。 8.1.2低压触电处置：第一发现人应采取措施迅速切断电源或用绝缘材料使触电人员脱离电源，若触电者呼吸停止，则用人工呼吸法进行抢救；若触电者心脏停止跳动，则用胸外挤压法进行抢救；,0.9,rules:emergency
F_00000037,RS_000012,触电,RiskEvent,{},触发应急处置,脱离电源,EmergencyAction,"{""动作类型"": ""应急处置""}",中刚开发多孔粒状（成品）铵油炸药生产安全操作规程.docx,8.1 作业现场发生机械伤害、触电类人身事故（险情）时现场人员或最先发现伤害情况的人员要立即进行现场处置并与安全管理部门联系。,8.1.1机械伤害处置：若为挤压、冲撞等运动型机械伤害，最先发现者应立即停止机械运转；如伤者为四肢活动性出血，现场人员首先将受伤者出血靠近心脏方向扎紧，以减少出血。 8.1.2低压触电处置：第一发现人应采取措施迅速切断电源或用绝缘材料使触电人员脱离电源，若触电者呼吸停止，则用人工呼吸法进行抢救；若触电者心脏停止跳动，则用胸外挤压法进行抢救；,0.9,rules:emergency
F_00000038,RS_000012,触电,RiskEvent,{},触发应急处置,人工呼吸,EmergencyAction,"{""动作类型"": ""应急处置""}",中刚开发多孔粒状（成品）铵油炸药生产安全操作规程.docx,8.1 作业现场发生机械伤害、触电类人身事故（险情）时现场人员或最先发现伤害情况的人员要立即进行现场处置并与安全管理部门联系。,8.1.1机械伤害处置：若为挤压、冲撞等运动型机械伤害，最先发现者应立即停止机械运转；如伤者为四肢活动性出血，现场人员首先将受伤者出血靠近心脏方向扎紧，以减少出血。 8.1.2低压触电处置：第一发现人应采取措施迅速切断电源或用绝缘材料使触电人员脱离电源，若触电者呼吸停止，则用人工呼吸法进行抢救；若触电者心脏停止跳动，则用胸外挤压法进行抢救；,0.9,rules:emergency
F_00000039,RS_000012,爆炸事故,RiskEvent,{},触发应急处置,紧急避险,EmergencyAction,"{""动作类型"": ""应急处置""}",中刚开发多孔粒状（成品）铵油炸药生产安全操作规程.docx,8.3 发生爆炸,8.3.1当爆炸事故发生后，现场人员应迅速沿疏散通道或疏散窗有序向外撤离，紧急避险，确保人员安全，并在第一时间向公司总经理报告发生爆炸的时间、地点。,0.9,rules:emergency
F_00000040,RS_000013,动火动焊作业,Process,{},需要审批,动火证,ManagementRule,"{""许可类型"": ""特许作业""}",中刚开发多孔粒状（成品）铵油炸药生产安全操作规程.docx,9.1 动火、动焊审批,9.1.1作业前须向安全生产技术部提出申请，经审查批准后持有动火证后方可动火、动焊。,0.92,rules:permit
F_00000041,RS_000013,动火动焊作业,Process,{},需要审批,动火证,ManagementRule,"{""许可类型"": ""特许作业""}",中刚开发多孔粒状（成品）铵油炸药生产安全操作规程.docx,9.1.2 动火动焊前检查、处理内容：,（1）将动火、动焊部件及周围等清洗干净； （2）设备走料的管线，应拆卸下来，里外彻底清洗后移置室外作业。 （3）上述工作结束后应由安全生产技术部进行安全条件符合性确认。,0.92,rules:permit
F_00000042,RS_000013,动火动焊作业,Process,{},受控于,清洗动火部件,ControlMeasure,"{""控制类型"": ""特许作业控制""}",中刚开发多孔粒状（成品）铵油炸药生产安全操作规程.docx,9.1.2 动火动焊前检查、处理内容：,（1）将动火、动焊部件及周围等清洗干净； （2）设备走料的管线，应拆卸下来，里外彻底清洗后移置室外作业。 （3）上述工作结束后应由安全生产技术部进行安全条件符合性确认。,0.88,rules:permit
F_00000043,RS_000013,动火动焊作业,Process,{},需要审批,动火证,ManagementRule,"{""许可类型"": ""特许作业""}",中刚开发多孔粒状（成品）铵油炸药生产安全操作规程.docx,9.1.4 动火、动焊过程管理内容：,（1）动火、动焊前进行安全检查，动火、动焊过程安全监护和现场清理。 （2）动焊结束后到现场进行复查，从动火、动焊结束后<PARAM>开始，每隔<PARAM>查一次，共须复查三次。,0.92,rules:permit
F_00000044,RS_000013,动火动焊作业,Process,{},受控于,现场安全监护,ControlMeasure,"{""控制类型"": ""特许作业控制""}",中刚开发多孔粒状（成品）铵油炸药生产安全操作规程.docx,9.1.4 动火、动焊过程管理内容：,（1）动火、动焊前进行安全检查，动火、动焊过程安全监护和现场清理。 （2）动焊结束后到现场进行复查，从动火、动焊结束后<PARAM>开始，每隔<PARAM>查一次，共须复查三次。,0.88,rules:permit
F_00000045,RS_000013,动火动焊作业,Process,{},受控于,作业后复查,ControlMeasure,"{""控制类型"": ""特许作业控制""}",中刚开发多孔粒状（成品）铵油炸药生产安全操作规程.docx,9.1.4 动火、动焊过程管理内容：,（1）动火、动焊前进行安全检查，动火、动焊过程安全监护和现场清理。 （2）动焊结束后到现场进行复查，从动火、动焊结束后<PARAM>开始，每隔<PARAM>查一次，共须复查三次。,0.88,rules:permit
F_00000046,RS_000014,受限空间作业,Process,{},需要审批,受限空间安全作业证,ManagementRule,"{""许可类型"": ""特许作业""}",中刚开发多孔粒状（成品）铵油炸药生产安全操作规程.docx,9.2.2 作业前检查、处理内容：,（1）应对作业空间氧含量、可燃气体浓度和有毒气体含量进行检测，确保符合规定。 （2）受限空间与其他系统连通的可能危及安全作业的管道，应采取有效隔离措施，孔洞应进行严密封堵。 （3）受限空间带有搅拌器等用电设备时，应在停机后切断电源，上锁并加 挂警示牌。,0.92,rules:permit
F_00000047,RS_000014,受限空间作业,Process,{},受控于,气体检测,ControlMeasure,"{""控制类型"": ""特许作业控制""}",中刚开发多孔粒状（成品）铵油炸药生产安全操作规程.docx,9.2.2 作业前检查、处理内容：,（1）应对作业空间氧含量、可燃气体浓度和有毒气体含量进行检测，确保符合规定。 （2）受限空间与其他系统连通的可能危及安全作业的管道，应采取有效隔离措施，孔洞应进行严密封堵。 （3）受限空间带有搅拌器等用电设备时，应在停机后切断电源，上锁并加 挂警示牌。,0.88,rules:permit
F_00000048,RS_000014,受限空间作业,Process,{},受控于,有效隔离,ControlMeasure,"{""控制类型"": ""特许作业控制""}",中刚开发多孔粒状（成品）铵油炸药生产安全操作规程.docx,9.2.2 作业前检查、处理内容：,（1）应对作业空间氧含量、可燃气体浓度和有毒气体含量进行检测，确保符合规定。 （2）受限空间与其他系统连通的可能危及安全作业的管道，应采取有效隔离措施，孔洞应进行严密封堵。 （3）受限空间带有搅拌器等用电设备时，应在停机后切断电源，上锁并加 挂警示牌。,0.88,rules:permit
F_00000049,RS_000014,受限空间作业,Process,{},受控于,断电上锁挂牌,ControlMeasure,"{""控制类型"": ""特许作业控制""}",中刚开发多孔粒状（成品）铵油炸药生产安全操作规程.docx,9.2.2 作业前检查、处理内容：,（1）应对作业空间氧含量、可燃气体浓度和有毒气体含量进行检测，确保符合规定。 （2）受限空间与其他系统连通的可能危及安全作业的管道，应采取有效隔离措施，孔洞应进行严密封堵。 （3）受限空间带有搅拌器等用电设备时，应在停机后切断电源，上锁并加 挂警示牌。,0.88,rules:permit
F_00000050,RS_000014,受限空间作业,Process,{},需要审批,受限空间安全作业证,ManagementRule,"{""许可类型"": ""特许作业""}",中刚开发多孔粒状（成品）铵油炸药生产安全操作规程.docx,9.2.3 作业过程管理内容：,（1）在受限空间外应设有专人监护，进入受限空间前，监护人应同作业人员检查安全措施，统一联系信号。 （2）作业结束使用单位和作业单位应共同检查受限空间内外，确认无问题方可撤离。 工艺规程,0.92,rules:permit
F_00000051,RS_000014,受限空间作业,Process,{},受控于,专人监护,ControlMeasure,"{""控制类型"": ""特许作业控制""}",中刚开发多孔粒状（成品）铵油炸药生产安全操作规程.docx,9.2.3 作业过程管理内容：,（1）在受限空间外应设有专人监护，进入受限空间前，监护人应同作业人员检查安全措施，统一联系信号。 （2）作业结束使用单位和作业单位应共同检查受限空间内外，确认无问题方可撤离。 工艺规程,0.88,rules:permit
F_00000052,RS_000014,受限空间作业,Process,{},受控于,作业后共同检查,ControlMeasure,"{""控制类型"": ""特许作业控制""}",中刚开发多孔粒状（成品）铵油炸药生产安全操作规程.docx,9.2.3 作业过程管理内容：,（1）在受限空间外应设有专人监护，进入受限空间前，监护人应同作业人员检查安全措施，统一联系信号。 （2）作业结束使用单位和作业单位应共同检查受限空间内外，确认无问题方可撤离。 工艺规程,0.88,rules:permit
F_00000053,RS_000012,多孔粒状硝酸铵,Material,{},不相容对象,酸类物质,Material,{},中刚开发多孔粒状（成品）铵油炸药生产安全操作规程.docx,1 生产工艺流程简述,多孔粒状硝酸铵经防爆叉车运转至生产工房外，经起吊装置提升到加料仓，机械拆袋后投入料仓，由定量螺旋输送机送入混料螺旋输送机，在定量螺旋出料口与柴油计量泵连续定量输入的柴油在混药螺旋内进行充分混合，再由输送螺旋送入包装机贮存料斗进行自动计量装成大包装产品，缝包后由皮带运输机传送至中转站台入库，工艺流程框图如下：,0.78,rules:material
F_00000054,RS_000012,多孔粒状硝酸铵,Material,{},不相容对象,酸类物质,Material,{},中刚开发多孔粒状（成品）铵油炸药生产安全操作规程.docx,2.3 料仓安全检查：,生产前应仔细检查多孔粒状硝酸铵进料仓内有无异物发现应立即清除，除铁磁棒固定是否牢固。,0.78,rules:material
F_00000055,RS_000012,硝酸铵,Material,{},不相容对象,酸类物质,Material,{},中刚开发多孔粒状（成品）铵油炸药生产安全操作规程.docx,3.1 关闭柴油过渡罐底部出口阀门，启动柴油储罐输油泵，按当班计划生产量输入柴油，当液位达到数值关闭输油泵后再打开底部阀门。,3.2 打开柴油泵进出口阀门，在供料系统控制柜触摸屏上点击“运行”按钮，启动顺序为2台混料螺旋启动，0.5秒后柴油泵启动，6秒后定量螺旋输送机启动，系统自动按配方要求将硝酸铵和柴油送入混料螺旋内。,0.78,rules:material
F_00000056,RS_000012,硝酸铵,Material,{},不相容对象,酸类物质,Material,{},中刚开发多孔粒状（成品）铵油炸药生产安全操作规程.docx,3.2 正常生产中，经常检查多孔粒状硝酸铵进料仓内料位情况，投料应均匀、适量。,3.4生产过程应随柴油过渡罐液位变化关注柴油瞬时流量，通过手动调整输送泵出口阀门，确保柴油按配方要求准确加入定量螺旋出口与硝酸铵充分混合。,0.78,rules:material
F_00000057,RS_000015,生产操作,Process,"{""风险维度"": ""人员操作"", ""作业内容"": ""生产操作""}",存在危险因素,对潜在风险认识不足,HazardFactor,"{""风险维度"": ""人员操作"", ""原始危险因素"": ""对潜在风险认识不足"", ""作业内容"": ""生产操作""}",中刚开发多孔粒状（成品）铵油炸药生产安全操作规程.docx,三、 本规程解释权限归属安全技术部。,,0.94,rules:table
F_00000058,RS_000016,对潜在风险认识不足,HazardFactor,"{""风险维度"": ""人员操作"", ""原始危险因素"": ""对潜在风险认识不足"", ""作业内容"": ""生产操作""}",可能导致,事故发生,RiskEvent,"{""来源"": ""潜在风险列""}",中刚开发多孔粒状（成品）铵油炸药生产安全操作规程.docx,三、 本规程解释权限归属安全技术部。,,0.9,rules:table
F_00000059,RS_000017,生产操作,Process,"{""风险维度"": ""人员操作"", ""作业内容"": ""生产操作""}",存在危险因素,误操作,HazardFactor,"{""风险维度"": ""人员操作"", ""原始危险因素"": ""误操作"", ""作业内容"": ""生产操作""}",中刚开发多孔粒状（成品）铵油炸药生产安全操作规程.docx,三、 本规程解释权限归属安全技术部。,,0.94,rules:table
F_00000060,RS_000018,误操作,HazardFactor,"{""风险维度"": ""人员操作"", ""原始危险因素"": ""误操作"", ""作业内容"": ""生产操作""}",可能导致,事故发生,RiskEvent,"{""来源"": ""潜在风险列""}",中刚开发多孔粒状（成品）铵油炸药生产安全操作规程.docx,三、 本规程解释权限归属安全技术部。,,0.9,rules:table
F_00000061,RS_000019,混合,Process,"{""风险维度"": ""过程"", ""作业内容"": ""系统自动按配方要求将多孔粒状硝酸铵和柴油送入混料螺旋内进行充分混合""}",涉及物料,多孔粒状硝酸铵,Material,"{""来源"": ""作业内容""}",中刚开发多孔粒状（成品）铵油炸药生产安全操作规程.docx,三、 本规程解释权限归属安全技术部。,,0.86,rules:table
F_00000062,RS_000019,混合,Process,"{""风险维度"": ""过程"", ""作业内容"": ""系统自动按配方要求将多孔粒状硝酸铵和柴油送入混料螺旋内进行充分混合""}",涉及物料,柴油,Material,"{""来源"": ""作业内容""}",中刚开发多孔粒状（成品）铵油炸药生产安全操作规程.docx,三、 本规程解释权限归属安全技术部。,,0.86,rules:table
F_00000063,RS_000019,混合,Process,"{""风险维度"": ""过程"", ""作业内容"": ""系统自动按配方要求将多孔粒状硝酸铵和柴油送入混料螺旋内进行充分混合""}",涉及设备,混料螺旋,Equipment,{},中刚开发多孔粒状（成品）铵油炸药生产安全操作规程.docx,三、 本规程解释权限归属安全技术部。,,0.82,rules:table
F_00000064,RS_000020,混合,Process,"{""风险维度"": ""过程"", ""作业内容"": ""系统自动按配方要求将多孔粒状硝酸铵和柴油送入混料螺旋内进行充分混合""}",存在危险因素,设备故障物料受到强烈摩擦、撞击、或静电火花作用,HazardFactor,"{""风险维度"": ""过程"", ""原始危险因素"": ""设备故障物料受到强烈摩擦、撞击、或静电火花作用"", ""作业内容"": ""系统自动按配方要求将多孔粒状硝酸铵和柴油送入混料螺旋内进行充分混合""}",中刚开发多孔粒状（成品）铵油炸药生产安全操作规程.docx,三、 本规程解释权限归属安全技术部。,,0.94,rules:table
F_00000065,RS_000021,设备故障物料受到强烈摩擦、撞击、或静电火花作用,HazardFactor,"{""风险维度"": ""过程"", ""原始危险因素"": ""设备故障物料受到强烈摩擦、撞击、或静电火花作用"", ""作业内容"": ""系统自动按配方要求将多孔粒状硝酸铵和柴油送入混料螺旋内进行充分混合""}",可能导致,爆炸,RiskEvent,"{""来源"": ""潜在风险列""}",中刚开发多孔粒状（成品）铵油炸药生产安全操作规程.docx,三、 本规程解释权限归属安全技术部。,,0.9,rules:table
F_00000066,RS_000021,设备故障物料受到强烈摩擦、撞击、或静电火花作用,HazardFactor,"{""风险维度"": ""过程"", ""原始危险因素"": ""设备故障物料受到强烈摩擦、撞击、或静电火花作用"", ""作业内容"": ""系统自动按配方要求将多孔粒状硝酸铵和柴油送入混料螺旋内进行充分混合""}",可能导致,燃烧,RiskEvent,"{""来源"": ""潜在风险列""}",中刚开发多孔粒状（成品）铵油炸药生产安全操作规程.docx,三、 本规程解释权限归属安全技术部。,,0.9,rules:table
F_00000067,RS_000021,设备故障物料受到强烈摩擦、撞击、或静电火花作用,HazardFactor,"{""风险维度"": ""过程"", ""原始危险因素"": ""设备故障物料受到强烈摩擦、撞击、或静电火花作用"", ""作业内容"": ""系统自动按配方要求将多孔粒状硝酸铵和柴油送入混料螺旋内进行充分混合""}",受控于,按设备管理规程进行保养、检修，严禁设备带病运行,ControlMeasure,"{""控制类型"": ""设备/系统维护""}",中刚开发多孔粒状（成品）铵油炸药生产安全操作规程.docx,三、 本规程解释权限归属安全技术部。,,0.88,rules:table
F_00000068,RS_000021,设备故障物料受到强烈摩擦、撞击、或静电火花作用,HazardFactor,"{""风险维度"": ""过程"", ""原始危险因素"": ""设备故障物料受到强烈摩擦、撞击、或静电火花作用"", ""作业内容"": ""系统自动按配方要求将多孔粒状硝酸铵和柴油送入混料螺旋内进行充分混合""}",受控于,每月定期对自动控制系统有效性进行安全性验证,ControlMeasure,"{""控制类型"": ""设备/系统维护""}",中刚开发多孔粒状（成品）铵油炸药生产安全操作规程.docx,三、 本规程解释权限归属安全技术部。,,0.88,rules:table
F_00000069,RS_000022,混合,Process,"{""风险维度"": ""过程"", ""作业内容"": ""系统自动按配方要求将多孔粒状硝酸铵和柴油送入混料螺旋内进行充分混合""}",存在危险因素,设备未定期检查,HazardFactor,"{""风险维度"": ""过程"", ""原始危险因素"": ""设备未定期检查"", ""作业内容"": ""系统自动按配方要求将多孔粒状硝酸铵和柴油送入混料螺旋内进行充分混合""}",中刚开发多孔粒状（成品）铵油炸药生产安全操作规程.docx,三、 本规程解释权限归属安全技术部。,,0.94,rules:table
F_00000070,RS_000023,设备未定期检查,HazardFactor,"{""风险维度"": ""过程"", ""原始危险因素"": ""设备未定期检查"", ""作业内容"": ""系统自动按配方要求将多孔粒状硝酸铵和柴油送入混料螺旋内进行充分混合""}",可能导致,爆炸,RiskEvent,"{""来源"": ""潜在风险列""}",中刚开发多孔粒状（成品）铵油炸药生产安全操作规程.docx,三、 本规程解释权限归属安全技术部。,,0.9,rules:table
F_00000071,RS_000023,设备未定期检查,HazardFactor,"{""风险维度"": ""过程"", ""原始危险因素"": ""设备未定期检查"", ""作业内容"": ""系统自动按配方要求将多孔粒状硝酸铵和柴油送入混料螺旋内进行充分混合""}",可能导致,燃烧,RiskEvent,"{""来源"": ""潜在风险列""}",中刚开发多孔粒状（成品）铵油炸药生产安全操作规程.docx,三、 本规程解释权限归属安全技术部。,,0.9,rules:table
F_00000072,RS_000023,设备未定期检查,HazardFactor,"{""风险维度"": ""过程"", ""原始危险因素"": ""设备未定期检查"", ""作业内容"": ""系统自动按配方要求将多孔粒状硝酸铵和柴油送入混料螺旋内进行充分混合""}",受控于,按设备管理规程进行保养、检修，严禁设备带病运行,ControlMeasure,"{""控制类型"": ""设备/系统维护""}",中刚开发多孔粒状（成品）铵油炸药生产安全操作规程.docx,三、 本规程解释权限归属安全技术部。,,0.88,rules:table
F_00000073,RS_000023,设备未定期检查,HazardFactor,"{""风险维度"": ""过程"", ""原始危险因素"": ""设备未定期检查"", ""作业内容"": ""系统自动按配方要求将多孔粒状硝酸铵和柴油送入混料螺旋内进行充分混合""}",受控于,每月定期对自动控制系统有效性进行安全性验证,ControlMeasure,"{""控制类型"": ""设备/系统维护""}",中刚开发多孔粒状（成品）铵油炸药生产安全操作规程.docx,三、 本规程解释权限归属安全技术部。,,0.88,rules:table
F_00000074,RS_000024,混合,Process,"{""风险维度"": ""过程"", ""作业内容"": ""系统自动按配方要求将多孔粒状硝酸铵和柴油送入混料螺旋内进行充分混合""}",存在危险因素,有零件落入设备内,HazardFactor,"{""风险维度"": ""过程"", ""原始危险因素"": ""有零件落入设备内"", ""作业内容"": ""系统自动按配方要求将多孔粒状硝酸铵和柴油送入混料螺旋内进行充分混合""}",中刚开发多孔粒状（成品）铵油炸药生产安全操作规程.docx,三、 本规程解释权限归属安全技术部。,,0.94,rules:table
F_00000075,RS_000025,有零件落入设备内,HazardFactor,"{""风险维度"": ""过程"", ""原始危险因素"": ""有零件落入设备内"", ""作业内容"": ""系统自动按配方要求将多孔粒状硝酸铵和柴油送入混料螺旋内进行充分混合""}",可能导致,爆炸,RiskEvent,"{""来源"": ""潜在风险列""}",中刚开发多孔粒状（成品）铵油炸药生产安全操作规程.docx,三、 本规程解释权限归属安全技术部。,,0.9,rules:table
F_00000076,RS_000025,有零件落入设备内,HazardFactor,"{""风险维度"": ""过程"", ""原始危险因素"": ""有零件落入设备内"", ""作业内容"": ""系统自动按配方要求将多孔粒状硝酸铵和柴油送入混料螺旋内进行充分混合""}",可能导致,燃烧,RiskEvent,"{""来源"": ""潜在风险列""}",中刚开发多孔粒状（成品）铵油炸药生产安全操作规程.docx,三、 本规程解释权限归属安全技术部。,,0.9,rules:table
F_00000077,RS_000025,有零件落入设备内,HazardFactor,"{""风险维度"": ""过程"", ""原始危险因素"": ""有零件落入设备内"", ""作业内容"": ""系统自动按配方要求将多孔粒状硝酸铵和柴油送入混料螺旋内进行充分混合""}",受控于,按设备管理规程进行保养、检修，严禁设备带病运行,ControlMeasure,"{""控制类型"": ""设备/系统维护""}",中刚开发多孔粒状（成品）铵油炸药生产安全操作规程.docx,三、 本规程解释权限归属安全技术部。,,0.88,rules:table
F_00000078,RS_000025,有零件落入设备内,HazardFactor,"{""风险维度"": ""过程"", ""原始危险因素"": ""有零件落入设备内"", ""作业内容"": ""系统自动按配方要求将多孔粒状硝酸铵和柴油送入混料螺旋内进行充分混合""}",受控于,每月定期对自动控制系统有效性进行安全性验证,ControlMeasure,"{""控制类型"": ""设备/系统维护""}",中刚开发多孔粒状（成品）铵油炸药生产安全操作规程.docx,三、 本规程解释权限归属安全技术部。,,0.88,rules:table
F_00000079,RS_000026,混合,Process,"{""风险维度"": ""过程"", ""作业内容"": ""系统自动按配方要求将多孔粒状硝酸铵和柴油送入混料螺旋内进行充分混合""}",存在危险因素,自动控制系统故障,HazardFactor,"{""风险维度"": ""过程"", ""原始危险因素"": ""自动控制系统故障"", ""作业内容"": ""系统自动按配方要求将多孔粒状硝酸铵和柴油送入混料螺旋内进行充分混合""}",中刚开发多孔粒状（成品）铵油炸药生产安全操作规程.docx,三、 本规程解释权限归属安全技术部。,,0.94,rules:table
F_00000080,RS_000027,自动控制系统故障,HazardFactor,"{""风险维度"": ""过程"", ""原始危险因素"": ""自动控制系统故障"", ""作业内容"": ""系统自动按配方要求将多孔粒状硝酸铵和柴油送入混料螺旋内进行充分混合""}",可能导致,爆炸,RiskEvent,"{""来源"": ""潜在风险列""}",中刚开发多孔粒状（成品）铵油炸药生产安全操作规程.docx,三、 本规程解释权限归属安全技术部。,,0.9,rules:table
F_00000081,RS_000027,自动控制系统故障,HazardFactor,"{""风险维度"": ""过程"", ""原始危险因素"": ""自动控制系统故障"", ""作业内容"": ""系统自动按配方要求将多孔粒状硝酸铵和柴油送入混料螺旋内进行充分混合""}",可能导致,燃烧,RiskEvent,"{""来源"": ""潜在风险列""}",中刚开发多孔粒状（成品）铵油炸药生产安全操作规程.docx,三、 本规程解释权限归属安全技术部。,,0.9,rules:table
F_00000082,RS_000027,自动控制系统故障,HazardFactor,"{""风险维度"": ""过程"", ""原始危险因素"": ""自动控制系统故障"", ""作业内容"": ""系统自动按配方要求将多孔粒状硝酸铵和柴油送入混料螺旋内进行充分混合""}",受控于,按设备管理规程进行保养、检修，严禁设备带病运行,ControlMeasure,"{""控制类型"": ""设备/系统维护""}",中刚开发多孔粒状（成品）铵油炸药生产安全操作规程.docx,三、 本规程解释权限归属安全技术部。,,0.88,rules:table
F_00000083,RS_000027,自动控制系统故障,HazardFactor,"{""风险维度"": ""过程"", ""原始危险因素"": ""自动控制系统故障"", ""作业内容"": ""系统自动按配方要求将多孔粒状硝酸铵和柴油送入混料螺旋内进行充分混合""}",受控于,每月定期对自动控制系统有效性进行安全性验证,ControlMeasure,"{""控制类型"": ""设备/系统维护""}",中刚开发多孔粒状（成品）铵油炸药生产安全操作规程.docx,三、 本规程解释权限归属安全技术部。,,0.88,rules:table
F_00000084,RS_000028,混合,Process,"{""风险维度"": ""过程"", ""作业内容"": ""系统自动按配方要求将多孔粒状硝酸铵和柴油送入混料螺旋内进行充分混合""}",存在危险因素,停机并报警功能失效,HazardFactor,"{""风险维度"": ""过程"", ""原始危险因素"": ""停机并报警功能失效"", ""作业内容"": ""系统自动按配方要求将多孔粒状硝酸铵和柴油送入混料螺旋内进行充分混合""}",中刚开发多孔粒状（成品）铵油炸药生产安全操作规程.docx,三、 本规程解释权限归属安全技术部。,,0.94,rules:table
F_00000085,RS_000029,停机并报警功能失效,HazardFactor,"{""风险维度"": ""过程"", ""原始危险因素"": ""停机并报警功能失效"", ""作业内容"": ""系统自动按配方要求将多孔粒状硝酸铵和柴油送入混料螺旋内进行充分混合""}",可能导致,爆炸,RiskEvent,"{""来源"": ""潜在风险列""}",中刚开发多孔粒状（成品）铵油炸药生产安全操作规程.docx,三、 本规程解释权限归属安全技术部。,,0.9,rules:table
F_00000086,RS_000029,停机并报警功能失效,HazardFactor,"{""风险维度"": ""过程"", ""原始危险因素"": ""停机并报警功能失效"", ""作业内容"": ""系统自动按配方要求将多孔粒状硝酸铵和柴油送入混料螺旋内进行充分混合""}",可能导致,燃烧,RiskEvent,"{""来源"": ""潜在风险列""}",中刚开发多孔粒状（成品）铵油炸药生产安全操作规程.docx,三、 本规程解释权限归属安全技术部。,,0.9,rules:table
F_00000087,RS_000029,停机并报警功能失效,HazardFactor,"{""风险维度"": ""过程"", ""原始危险因素"": ""停机并报警功能失效"", ""作业内容"": ""系统自动按配方要求将多孔粒状硝酸铵和柴油送入混料螺旋内进行充分混合""}",受控于,按设备管理规程进行保养、检修，严禁设备带病运行,ControlMeasure,"{""控制类型"": ""设备/系统维护""}",中刚开发多孔粒状（成品）铵油炸药生产安全操作规程.docx,三、 本规程解释权限归属安全技术部。,,0.88,rules:table
F_00000088,RS_000029,停机并报警功能失效,HazardFactor,"{""风险维度"": ""过程"", ""原始危险因素"": ""停机并报警功能失效"", ""作业内容"": ""系统自动按配方要求将多孔粒状硝酸铵和柴油送入混料螺旋内进行充分混合""}",受控于,每月定期对自动控制系统有效性进行安全性验证,ControlMeasure,"{""控制类型"": ""设备/系统维护""}",中刚开发多孔粒状（成品）铵油炸药生产安全操作规程.docx,三、 本规程解释权限归属安全技术部。,,0.88,rules:table
F_00000089,RS_000030,包装,Process,"{""风险维度"": ""过程"", ""作业内容"": ""人工套袋，包装机自动夹袋、自动下料计量，当物料达到设定重量后卸袋、缝包""}",涉及设备,包装机,Equipment,{},中刚开发多孔粒状（成品）铵油炸药生产安全操作规程.docx,三、 本规程解释权限归属安全技术部。,,0.82,rules:table
F_00000090,RS_000031,包装,Process,"{""风险维度"": ""过程"", ""作业内容"": ""人工套袋，包装机自动夹袋、自动下料计量，当物料达到设定重量后卸袋、缝包""}",存在危险因素,设备故障物料受到强烈摩擦、撞击、或静电火花作用,HazardFactor,"{""风险维度"": ""过程"", ""原始危险因素"": ""设备故障物料受到强烈摩擦、撞击、或静电火花作用"", ""作业内容"": ""人工套袋，包装机自动夹袋、自动下料计量，当物料达到设定重量后卸袋、缝包""}",中刚开发多孔粒状（成品）铵油炸药生产安全操作规程.docx,三、 本规程解释权限归属安全技术部。,,0.94,rules:table
F_00000091,RS_000021,设备故障物料受到强烈摩擦、撞击、或静电火花作用,HazardFactor,"{""风险维度"": ""过程"", ""原始危险因素"": ""设备故障物料受到强烈摩擦、撞击、或静电火花作用"", ""作业内容"": ""人工套袋，包装机自动夹袋、自动下料计量，当物料达到设定重量后卸袋、缝包""}",受控于,严禁设备在运转过程中，处理任何机械故障,ControlMeasure,"{""控制类型"": ""管理控制""}",中刚开发多孔粒状（成品）铵油炸药生产安全操作规程.docx,三、 本规程解释权限归属安全技术部。,,0.88,rules:table
F_00000092,RS_000021,设备故障物料受到强烈摩擦、撞击、或静电火花作用,HazardFactor,"{""风险维度"": ""过程"", ""原始危险因素"": ""设备故障物料受到强烈摩擦、撞击、或静电火花作用"", ""作业内容"": ""人工套袋，包装机自动夹袋、自动下料计量，当物料达到设定重量后卸袋、缝包""}",受控于,每月进行安全联锁联控系统有效性验证,ControlMeasure,"{""控制类型"": ""设备/系统维护""}",中刚开发多孔粒状（成品）铵油炸药生产安全操作规程.docx,三、 本规程解释权限归属安全技术部。,,0.88,rules:table
F_00000093,RS_000032,包装,Process,"{""风险维度"": ""过程"", ""作业内容"": ""人工套袋，包装机自动夹袋、自动下料计量，当物料达到设定重量后卸袋、缝包""}",存在危险因素,联锁联控系统故障，故障提示与停机报警功能失效,HazardFactor,"{""风险维度"": ""过程"", ""原始危险因素"": ""联锁联控系统故障，故障提示与停机报警功能失效"", ""作业内容"": ""人工套袋，包装机自动夹袋、自动下料计量，当物料达到设定重量后卸袋、缝包""}",中刚开发多孔粒状（成品）铵油炸药生产安全操作规程.docx,三、 本规程解释权限归属安全技术部。,,0.94,rules:table
F_00000094,RS_000033,联锁联控系统故障，故障提示与停机报警功能失效,HazardFactor,"{""风险维度"": ""过程"", ""原始危险因素"": ""联锁联控系统故障，故障提示与停机报警功能失效"", ""作业内容"": ""人工套袋，包装机自动夹袋、自动下料计量，当物料达到设定重量后卸袋、缝包""}",可能导致,爆炸,RiskEvent,"{""来源"": ""潜在风险列""}",中刚开发多孔粒状（成品）铵油炸药生产安全操作规程.docx,三、 本规程解释权限归属安全技术部。,,0.9,rules:table
F_00000095,RS_000033,联锁联控系统故障，故障提示与停机报警功能失效,HazardFactor,"{""风险维度"": ""过程"", ""原始危险因素"": ""联锁联控系统故障，故障提示与停机报警功能失效"", ""作业内容"": ""人工套袋，包装机自动夹袋、自动下料计量，当物料达到设定重量后卸袋、缝包""}",可能导致,燃烧,RiskEvent,"{""来源"": ""潜在风险列""}",中刚开发多孔粒状（成品）铵油炸药生产安全操作规程.docx,三、 本规程解释权限归属安全技术部。,,0.9,rules:table
F_00000096,RS_000033,联锁联控系统故障，故障提示与停机报警功能失效,HazardFactor,"{""风险维度"": ""过程"", ""原始危险因素"": ""联锁联控系统故障，故障提示与停机报警功能失效"", ""作业内容"": ""人工套袋，包装机自动夹袋、自动下料计量，当物料达到设定重量后卸袋、缝包""}",受控于,严禁设备在运转过程中，处理任何机械故障,ControlMeasure,"{""控制类型"": ""管理控制""}",中刚开发多孔粒状（成品）铵油炸药生产安全操作规程.docx,三、 本规程解释权限归属安全技术部。,,0.88,rules:table
F_00000097,RS_000033,联锁联控系统故障，故障提示与停机报警功能失效,HazardFactor,"{""风险维度"": ""过程"", ""原始危险因素"": ""联锁联控系统故障，故障提示与停机报警功能失效"", ""作业内容"": ""人工套袋，包装机自动夹袋、自动下料计量，当物料达到设定重量后卸袋、缝包""}",受控于,每月进行安全联锁联控系统有效性验证,ControlMeasure,"{""控制类型"": ""设备/系统维护""}",中刚开发多孔粒状（成品）铵油炸药生产安全操作规程.docx,三、 本规程解释权限归属安全技术部。,,0.88,rules:table
F_00000098,RS_000012,生产线安全联锁联控系统,SafetyFacility,{},执行动作,报警,ControlMeasure,"{""控制类型"": ""联锁联控""}",中刚开发多孔粒状（成品）铵油炸药生产安全操作规程.docx,三、 本规程解释权限归属安全技术部。,,0.78,rules:facility
F_00000099,RS_000012,多孔粒状硝酸铵,Material,{},不相容对象,酸类物质,Material,{},中刚开发多孔粒状（成品）铵油炸药生产安全操作规程.docx,三、 本规程解释权限归属安全技术部。,,0.78,rules:material
F_00000100,RS_000012,多孔粒状硝酸铵,Material,{},不相容对象,酸类物质,Material,{},中刚开发多孔粒状（成品）铵油炸药生产安全操作规程.docx,,[TABLE 6] 组分名称 | 多孔粒状硝酸铵 | 柴油 [TABLE 7] 序号 | 项目 | 指标 | 指标 序号 | 项目 | 一等品 | 合格品,0.78,rules:material
F_00000101,RS_000034,危险品生产工房,Process,{},受控于,定员定量管理,ManagementRule,"{""控制类型"": ""人员与存量控制""}",中刚开发多孔粒状（成品）铵油炸药生产安全操作规程.docx,4 | 定量（编织袋+内套薄膜）总定重（g） | 140±5,[TABLE 10] 工序 | 项目 | 指标 | 检测频次 包装 | 缝包质量 | 缝线严密，平直 | 随机抽查 包装 | 可追溯性标识 | 完整、清晰 | 随机抽查 [TABLE 11] 序号 | 项目 | 单位 | 指标,0.82,rules:management
F_00000102,RS_000012,硝酸铵,Material,{},不相容对象,酸类物质,Material,{},中刚开发多孔粒状（成品）铵油炸药生产安全操作规程.docx,,[TABLE 14] 产品批号： | 产品批号： | 生产日期： 年 月 日 | 生产日期： 年 月 日 多孔硝酸铵 批号: | 多孔硝酸铵 批号: | 柴油 批号: | 柴油 批号: 定量螺旋频率 | Hz | 柴油泵频率: Hz | 瞬时流量： L/h 投料量 | 每袋 kg 合计 袋 | 生产前累计流量读数(L) | 投料量 | 每袋 kg 合计 袋 | 生产后累计流量读数(L) | 总投料量（t） | | 生产总用量(L) | 开始生产时间 | | 结束时间 | 压缩,0.78,rules:material
F_00000103,RS_000030,包装,Process,"{""关联章节"": ""<RESTRICTED_VALUE>.<RESTRICTED_VALUE>系统设置了故障保护、紧急停机、缺料故障提示、和操作故障提示四种安全保护。""}",需要监测,报警状态,MonitorVariable,"{""来源参数"": ""（"", ""参数类型"": ""alarm_threshold""}",中刚开发多孔粒状（成品）铵油炸药生产安全操作规程.docx,<RESTRICTED_VALUE>.<RESTRICTED_VALUE>系统设置了故障保护、紧急停机、缺料故障提示、和操作故障提示四种安全保护。,（<RESTRICTED_VALUE>）所有电机、变频器均有热继电器保护，当热继电器动作时，自动停止该设备和其他所有设备，给出报警；包装机出现故障报警，系统将自动停止其它所有设备给出报警。,0.7,parameter_index
F_00000104,RS_000030,包装,Process,"{""关联章节"": ""<RESTRICTED_VALUE>.<RESTRICTED_VALUE>系统设置了故障保护、紧急停机、缺料故障提示、和操作故障提示四种安全保护。""}",需要监测,停机状态,MonitorVariable,"{""来源参数"": ""（"", ""参数类型"": ""shutdown_threshold""}",中刚开发多孔粒状（成品）铵油炸药生产安全操作规程.docx,<RESTRICTED_VALUE>.<RESTRICTED_VALUE>系统设置了故障保护、紧急停机、缺料故障提示、和操作故障提示四种安全保护。,（<RESTRICTED_VALUE>) 紧急停机：螺旋输送机或包装机按下急停，全线停车。,0.7,parameter_index
F_00000105,RS_000035,<RESTRICTED_VALUE>.<RESTRICTED_VALUE>系统设置了故障保护、紧急停机、缺料故障提示、和操作故障提示四种安全保护,Process,"{""关联章节"": ""<RESTRICTED_VALUE>.<RESTRICTED_VALUE>系统设置了故障保护、紧急停机、缺料故障提示、和操作故障提示四种安全保护。""}",需要监测,报警状态,MonitorVariable,"{""来源参数"": ""（"", ""参数类型"": ""alarm_threshold""}",中刚开发多孔粒状（成品）铵油炸药生产安全操作规程.docx,<RESTRICTED_VALUE>.<RESTRICTED_VALUE>系统设置了故障保护、紧急停机、缺料故障提示、和操作故障提示四种安全保护。,（<RESTRICTED_VALUE>）操作故障提示：在生产模式下，如果设备的启动条件不具备，或停止条件不具备，将弹出警告对话框，提醒操作员按正确的顺序启停设备，避免误动作；同时操作未按正确的工艺要求进行操作时，系统将弹出报警提示，操作员处理故障并重新按照操作手册操作。,0.7,parameter_index
F_00000106,RS_000036,<RESTRICTED_VALUE>发生爆炸,Process,"{""关联章节"": ""<RESTRICTED_VALUE>发生爆炸""}",需要监测,工艺参数状态,MonitorVariable,"{""来源参数"": ""."", ""参数类型"": ""process_or_quality_parameter""}",中刚开发多孔粒状（成品）铵油炸药生产安全操作规程.docx,<RESTRICTED_VALUE>发生爆炸,<RESTRICTED_VALUE>.<RESTRICTED_VALUE>当爆炸事故发生后，现场人员应迅速沿疏散通道或疏散窗有序向外撤离，紧急避险，确保人员安全，并在第一时间向公司总经理报告发生爆炸的时间、地点。,0.7,parameter_index
F_00000107,RS_000037,<RESTRICTED_VALUE>.<RESTRICTED_VALUE>作业前检查、处理内容,Process,"{""关联章节"": ""<RESTRICTED_VALUE>.<RESTRICTED_VALUE>作业前检查、处理内容：""}",需要监测,工艺参数状态,MonitorVariable,"{""来源参数"": ""（"", ""参数类型"": ""process_or_quality_parameter""}",中刚开发多孔粒状（成品）铵油炸药生产安全操作规程.docx,<RESTRICTED_VALUE>.<RESTRICTED_VALUE>作业前检查、处理内容：,（<RESTRICTED_VALUE>）应对作业空间氧含量、可燃气体浓度和有毒气体含量进行检测，确保符合规定。,0.7,parameter_index
F_00000108,RS_000037,<RESTRICTED_VALUE>.<RESTRICTED_VALUE>作业前检查、处理内容,Process,"{""关联章节"": ""<RESTRICTED_VALUE>.<RESTRICTED_VALUE>作业前检查、处理内容：""}",需要监测,停机状态,MonitorVariable,"{""来源参数"": ""（"", ""参数类型"": ""shutdown_threshold""}",中刚开发多孔粒状（成品）铵油炸药生产安全操作规程.docx,<RESTRICTED_VALUE>.<RESTRICTED_VALUE>作业前检查、处理内容：,（<RESTRICTED_VALUE>）受限空间带有搅拌器等用电设备时，应在停机后切断电源，上锁并加 挂警示牌。,0.7,parameter_index
F_00000109,RS_000038,<RESTRICTED_VALUE>产能：<RESTRICTED_VALUE>/h,Process,"{""关联章节"": ""<RESTRICTED_VALUE>产能：<RESTRICTED_VALUE>/h""}",参数索引,定量频率：（,Parameter,"{""参数类型"": ""flow_parameter"", ""敏感等级"": ""restricted"", ""数值策略"": ""exact_value_not_exported; bind from controlled_parameter_store or telemetry_state""}",中刚开发多孔粒状（成品）铵油炸药生产安全操作规程.docx,<RESTRICTED_VALUE>产能：<RESTRICTED_VALUE>/h,<RESTRICTED_VALUE>定量频率：（<RESTRICTED_VALUE>）Hz，根据当班产能标定<RESTRICTED_VALUE>的流量值进行设置,0.72,parameter_index
F_00000110,RS_000038,<RESTRICTED_VALUE>产能：<RESTRICTED_VALUE>/h,Process,"{""关联章节"": ""<RESTRICTED_VALUE>产能：<RESTRICTED_VALUE>/h""}",需要监测,流量状态,MonitorVariable,"{""来源参数"": ""定量频率：（"", ""参数类型"": ""flow_parameter""}",中刚开发多孔粒状（成品）铵油炸药生产安全操作规程.docx,<RESTRICTED_VALUE>产能：<RESTRICTED_VALUE>/h,<RESTRICTED_VALUE>定量频率：（<RESTRICTED_VALUE>）Hz，根据当班产能标定<RESTRICTED_VALUE>的流量值进行设置,0.7,parameter_index
F_00000111,RS_000030,包装,Process,"{""关联章节"": ""<RESTRICTED_VALUE>点动检验大袋包装机、自动缝包机等设备各运动部件是否灵活可靠，各联接件是否牢固，确认开机条件是否一切正常。""}",需要监测,报警状态,MonitorVariable,"{""来源参数"": ""启动缝包皮带机，将包装机旋扭打到自动，当触摸屏上显示运行时将成品包装袋套入自动包装机出口，触动行程开关，包装机则自动夹袋"", ""参数类型"": ""alarm_threshold""}",中刚开发多孔粒状（成品）铵油炸药生产安全操作规程.docx,<RESTRICTED_VALUE>点动检验大袋包装机、自动缝包机等设备各运动部件是否灵活可靠，各联接件是否牢固，确认开机条件是否一切正常。,<RESTRICTED_VALUE>启动缝包皮带机，将包装机旋扭打到自动，当触摸屏上显示运行时将成品包装袋套入自动包装机出口，触动行程开关，包装机则自动夹袋，开始自动下料，当物料达到设定重量范围，系统自动卸袋，同时开始下一袋的操作，如果超出重量范围系统会报警提示不会自动卸袋，这时需要按报警确认按钮后才会卸袋。,0.7,parameter_index
F_00000112,RS_000039,油相,Process,"{""关联章节"": ""三、 本规程解释权限归属安全技术部。""}",参数索引,柴油柴油,Parameter,"{""参数类型"": ""temperature_parameter"", ""敏感等级"": ""restricted"", ""数值策略"": ""exact_value_not_exported; bind from controlled_parameter_store or telemetry_state""}",中刚开发多孔粒状（成品）铵油炸药生产安全操作规程.docx,三、 本规程解释权限归属安全技术部。,| 柴油 | 柴油 | <RESTRICTED_VALUE>油相材料是可燃物，易挥发物当环境温度过高及周围有明火时，容易发生燃烧，导致火灾事故； <RESTRICTED_VALUE>对皮肤有脱脂作用，反复接触会使皮肤干燥、皲裂，高浓度柴油蒸汽吸入会有麻醉、昏迷症状。 | 燃烧 爆炸 | <RESTRICTED_VALUE>储存处应阴凉通风，容器应密闭，远离火种、热源； <RESTRICTED_VALUE>装卸要防止水分、杂质进入，并防止,0.72,parameter_index
F_00000113,RS_000039,油相,Process,"{""关联章节"": ""三、 本规程解释权限归属安全技术部。""}",需要监测,温度状态,MonitorVariable,"{""来源参数"": ""柴油 柴油"", ""参数类型"": ""temperature_parameter""}",中刚开发多孔粒状（成品）铵油炸药生产安全操作规程.docx,三、 本规程解释权限归属安全技术部。,| 柴油 | 柴油 | <RESTRICTED_VALUE>油相材料是可燃物，易挥发物当环境温度过高及周围有明火时，容易发生燃烧，导致火灾事故； <RESTRICTED_VALUE>对皮肤有脱脂作用，反复接触会使皮肤干燥、皲裂，高浓度柴油蒸汽吸入会有麻醉、昏迷症状。 | 燃烧 爆炸 | <RESTRICTED_VALUE>储存处应阴凉通风，容器应密闭，远离火种、热源； <RESTRICTED_VALUE>装卸要防止水分、杂质进入，并防止,0.7,parameter_index
F_00000114,RS_000040,本规程解释权限归属安全技术部,Process,"{""关联章节"": ""三、 本规程解释权限归属安全技术部。""}",参数索引,混合系统自动按配方要求将多孔粒状硝酸铵和柴油送入混料螺旋内进行充分混合系统自动按配方要求将多孔粒状硝酸铵和柴,Parameter,"{""参数类型"": ""alarm_threshold"", ""敏感等级"": ""restricted"", ""数值策略"": ""exact_value_not_exported; bind from controlled_parameter_store or telemetry_state""}",中刚开发多孔粒状（成品）铵油炸药生产安全操作规程.docx,三、 本规程解释权限归属安全技术部。,混合 | 系统自动按配方要求将多孔粒状硝酸铵和柴油送入混料螺旋内进行充分混合 | 系统自动按配方要求将多孔粒状硝酸铵和柴油送入混料螺旋内进行充分混合 | <RESTRICTED_VALUE>设备故障物料受到强烈摩擦、撞击、或静电火花作用；设备未定期检查，有零件落入设备内； <RESTRICTED_VALUE>自动控制系统故障，停机并报警功能失效； | 炸药 燃烧 爆炸 | <RESTRICTED_VALUE>按设备管理规程进行保养、检修,0.72,parameter_index
F_00000115,RS_000040,本规程解释权限归属安全技术部,Process,"{""关联章节"": ""三、 本规程解释权限归属安全技术部。""}",需要监测,报警状态,MonitorVariable,"{""来源参数"": ""混合 系统自动按配方要求将多孔粒状硝酸铵和柴油送入混料螺旋内进行充分混合 系统自动按配方要求将多孔粒状硝酸铵和柴"", ""参数类型"": ""alarm_threshold""}",中刚开发多孔粒状（成品）铵油炸药生产安全操作规程.docx,三、 本规程解释权限归属安全技术部。,混合 | 系统自动按配方要求将多孔粒状硝酸铵和柴油送入混料螺旋内进行充分混合 | 系统自动按配方要求将多孔粒状硝酸铵和柴油送入混料螺旋内进行充分混合 | <RESTRICTED_VALUE>设备故障物料受到强烈摩擦、撞击、或静电火花作用；设备未定期检查，有零件落入设备内； <RESTRICTED_VALUE>自动控制系统故障，停机并报警功能失效； | 炸药 燃烧 爆炸 | <RESTRICTED_VALUE>按设备管理规程进行保养、检修,0.7,parameter_index
F_00000116,RS_000030,包装,Process,"{""关联章节"": ""三、 本规程解释权限归属安全技术部。""}",需要监测,报警状态,MonitorVariable,"{""来源参数"": ""包装 人工套袋，包装机自动夹袋、自动下料计量，当物料达到设定重量后卸袋、缝包 人工套袋，包装机自动夹袋、自动下料"", ""参数类型"": ""alarm_threshold""}",中刚开发多孔粒状（成品）铵油炸药生产安全操作规程.docx,三、 本规程解释权限归属安全技术部。,包装 | 人工套袋，包装机自动夹袋、自动下料计量，当物料达到设定重量后卸袋、缝包 | 人工套袋，包装机自动夹袋、自动下料计量，当物料达到设定重量后卸袋、缝包 | <RESTRICTED_VALUE>设备故障物料受到强烈摩擦、撞击、或静电火花作用； <RESTRICTED_VALUE>联锁联控系统故障，故障提示与停机报警功能失效； | 炸药 燃烧 爆炸 | <RESTRICTED_VALUE>严禁设备在运转过程中，处理任何机械故障； <R,0.7,parameter_index
F_00000117,RS_000041,成品,Process,"{""关联章节"": ""<RESTRICTED_VALUE>| 成品转运站台 | <RESTRICTED_VALUE>| 搬运 | <RESTRICTED_VALUE>| <RESTRICTED_VALUE>| <RESTRICTED_VALUE>""}",参数索引,含量要求(%),Parameter,"{""参数类型"": ""process_or_quality_parameter"", ""敏感等级"": ""restricted"", ""数值策略"": ""exact_value_not_exported; bind from controlled_parameter_store or telemetry_state""}",中刚开发多孔粒状（成品）铵油炸药生产安全操作规程.docx,<RESTRICTED_VALUE>| 成品转运站台 | <RESTRICTED_VALUE>| 搬运 | <RESTRICTED_VALUE>| <RESTRICTED_VALUE>| <RESTRICTED_VALUE>,含量要求(%) | <RESTRICTED_VALUE>| <RESTRICTED_VALUE>,0.72,parameter_index
F_00000118,RS_000041,成品,Process,"{""关联章节"": ""<RESTRICTED_VALUE>| 成品转运站台 | <RESTRICTED_VALUE>| 搬运 | <RESTRICTED_VALUE>| <RESTRICTED_VALUE>| <RESTRICTED_VALUE>""}",需要监测,工艺参数状态,MonitorVariable,"{""来源参数"": ""含量要求(%)"", ""参数类型"": ""process_or_quality_parameter""}",中刚开发多孔粒状（成品）铵油炸药生产安全操作规程.docx,<RESTRICTED_VALUE>| 成品转运站台 | <RESTRICTED_VALUE>| 搬运 | <RESTRICTED_VALUE>| <RESTRICTED_VALUE>| <RESTRICTED_VALUE>,含量要求(%) | <RESTRICTED_VALUE>| <RESTRICTED_VALUE>,0.7,parameter_index
