formula_id,active,applicable_system,asset_path,confidence,latex,mathml,raw_text,review_status,source_formula_no,source_type
SAFETY_FORMULA_2_11_001,true,,word/embeddings/oleObject63.bin,medium,,,,source_preserved,2.25,OLE
SAFETY_FORMULA_2_11_002,true,,word/embeddings/oleObject64.bin,medium,,,,source_preserved,2.26,OLE
SAFETY_FORMULA_2_11_003,true,,word/embeddings/oleObject65.bin,medium,,,,source_preserved,2.27,OLE
SAFETY_FORMULA_2_11_004,true,,word/embeddings/oleObject66.bin,medium,,,,source_preserved,2.28,OLE
SAFETY_FORMULA_2_11_005,true,,word/embeddings/oleObject67.bin,medium,,,,source_preserved,,OLE
SAFETY_FORMULA_2_11_006,true,,word/embeddings/oleObject68.bin,medium,,,,source_preserved,2.29,OLE
SAFETY_FORMULA_2_11_007,true,,word/embeddings/oleObject69.bin,medium,,,,source_preserved,2.30,OLE
SAFETY_FORMULA_2_11_008,true,,word/embeddings/oleObject70.bin,medium,,,,source_preserved,2.31,OLE
SAFETY_FORMULA_2_11_009,true,,word/embeddings/oleObject71.bin,medium,,,,source_preserved,,OLE
SAFETY_FORMULA_2_11_010,true,,word/embeddings/oleObject72.bin,medium,,,,source_preserved,2.32,OLE
SAFETY_FORMULA_2_11_011,true,,word/embeddings/oleObject73.bin,medium,,,,source_preserved,2.33,OLE
SAFETY_FORMULA_2_11_012,true,,word/embeddings/oleObject74.bin,medium,,,,source_preserved,,OLE
SAFETY_FORMULA_2_11_013,true,,word/embeddings/oleObject75.bin,medium,,,,source_preserved,2.34,OLE
SAFETY_FORMULA_2_11_014,true,,word/embeddings/oleObject76.bin,medium,,,,source_preserved,2.35,OLE
SAFETY_FORMULA_2_11_015,true,,word/embeddings/oleObject77.bin,medium,,,,source_preserved,,OLE
SAFETY_FORMULA_2_11_016,true,,word/embeddings/oleObject78.bin,medium,,,,source_preserved,2.36,OLE
SAFETY_FORMULA_2_11_017,true,,word/embeddings/oleObject79.bin,medium,,,,source_preserved,2.37,OLE
SAFETY_FORMULA_2_11_018,true,,word/embeddings/oleObject80.bin,medium,,,,source_preserved,2.38,OLE
SAFETY_FORMULA_2_11_019,true,,word/embeddings/oleObject81.bin,medium,,,,source_preserved,,OLE
SAFETY_FORMULA_2_11_020,true,,word/embeddings/oleObject82.bin,medium,,,,source_preserved,,OLE
SAFETY_FORMULA_2_11_021,true,,word/embeddings/oleObject83.bin,medium,,,,source_preserved,2.39,OLE
SAFETY_FORMULA_2_12_001,true,典型炸药爆炸,word/embeddings/oleObject84.bin,medium,,,,source_preserved,2.40,OLE
SAFETY_FORMULA_2_13_001,true,典型炸药,word/embeddings/oleObject85.bin,medium,,,,source_preserved,,OLE
SAFETY_FORMULA_2_13_002,true,典型炸药,word/embeddings/oleObject86.bin,medium,,,,source_preserved,,OLE
SAFETY_FORMULA_2_13_003,true,典型炸药,word/embeddings/oleObject87.bin,medium,,,,source_preserved,2.41,OLE
SAFETY_FORMULA_2_13_004,true,典型炸药,word/embeddings/oleObject88.bin,medium,,,,source_preserved,2.41,OLE
SAFETY_FORMULA_2_13_005,true,典型炸药,word/embeddings/oleObject89.bin,medium,,,,source_preserved,,OLE
SAFETY_FORMULA_2_13_006,true,典型炸药,word/embeddings/oleObject90.bin,medium,,,,source_preserved,,OLE
SAFETY_FORMULA_2_13_007,true,典型炸药,word/embeddings/oleObject91.bin,medium,,,,source_preserved,2.42,OLE
SAFETY_FORMULA_2_13_008,true,典型炸药,word/embeddings/oleObject92.bin,medium,,,,source_preserved,2.42,OLE
SAFETY_FORMULA_2_13_009,true,典型炸药,word/embeddings/oleObject93.bin,medium,,,,source_preserved,,OLE
SAFETY_FORMULA_2_13_010,true,典型炸药,word/embeddings/oleObject94.bin,medium,,,,source_preserved,,OLE
SAFETY_FORMULA_2_14_001,true,典型炸药,word/embeddings/oleObject95.bin,medium,,,,source_preserved,,OLE
SAFETY_FORMULA_2_14_002,true,典型炸药,word/embeddings/oleObject96.bin,medium,,,,source_preserved,,OLE
SAFETY_FORMULA_2_14_003,true,典型炸药,word/embeddings/oleObject97.bin,medium,,,,source_preserved,2.43,OLE
SAFETY_FORMULA_2_14_004,true,典型炸药,word/embeddings/oleObject98.bin,medium,,,,source_preserved,2.44,OLE
SAFETY_FORMULA_2_14_005,true,典型炸药,word/embeddings/oleObject99.bin,medium,,,,source_preserved,,OLE
SAFETY_FORMULA_2_14_006,true,典型炸药,word/embeddings/oleObject100.bin,medium,,,,source_preserved,2.45,OLE
SAFETY_FORMULA_2_14_007,true,典型炸药,word/embeddings/oleObject101.bin,medium,,,,source_preserved,,OLE
SAFETY_FORMULA_2_14_008,true,典型炸药,word/embeddings/oleObject102.bin,medium,,,,source_preserved,2.46,OLE
SAFETY_FORMULA_2_14_009,true,典型炸药,word/embeddings/oleObject103.bin,medium,,,,source_preserved,,OLE
SAFETY_FORMULA_2_14_010,true,典型炸药,word/embeddings/oleObject104.bin,medium,,,,source_preserved,,OLE
SAFETY_FORMULA_2_15_001,true,典型炸药,word/embeddings/oleObject105.bin,medium,,,,source_preserved,,OLE
SAFETY_FORMULA_2_15_002,true,典型炸药,word/embeddings/oleObject106.bin,medium,,,,source_preserved,,OLE
SAFETY_FORMULA_2_15_003,true,典型炸药,word/embeddings/oleObject107.bin,medium,,,,source_preserved,2.47,OLE
SAFETY_FORMULA_2_15_004,true,典型炸药,word/embeddings/oleObject108.bin,medium,,,,source_preserved,,OLE
SAFETY_FORMULA_2_15_005,true,典型炸药,word/embeddings/oleObject109.bin,medium,,,,source_preserved,,OLE
SAFETY_FORMULA_2_16_001,true,典型炸药,word/embeddings/oleObject110.bin,medium,,,,source_preserved,,OLE
SAFETY_FORMULA_2_16_002,true,典型炸药,word/embeddings/oleObject111.bin,medium,,,,source_preserved,,OLE
SAFETY_FORMULA_2_16_003,true,典型炸药,word/embeddings/oleObject112.bin,medium,,,,source_preserved,2.48,OLE
SAFETY_FORMULA_2_16_004,true,典型炸药,word/embeddings/oleObject113.bin,medium,,,,source_preserved,2.49,OLE
SAFETY_FORMULA_2_16_005,true,典型炸药,word/embeddings/oleObject114.bin,medium,,,,source_preserved,,OLE
SAFETY_FORMULA_2_16_006,true,典型炸药,word/embeddings/oleObject115.bin,medium,,,,source_preserved,,OLE
SAFETY_FORMULA_2_17_001,true,典型炸药,word/embeddings/oleObject116.bin,medium,,,,source_preserved,,OLE
SAFETY_FORMULA_2_17_002,true,典型炸药,word/embeddings/oleObject117.bin,medium,,,,source_preserved,,OLE
SAFETY_FORMULA_2_17_003,true,典型炸药,word/embeddings/oleObject118.bin,medium,,,,source_preserved,2.50,OLE
SAFETY_FORMULA_2_17_004,true,典型炸药,word/embeddings/oleObject119.bin,medium,,,,source_preserved,,OLE
SAFETY_FORMULA_2_17_005,true,典型炸药,word/embeddings/oleObject120.bin,medium,,,,source_preserved,2.51,OLE
SAFETY_FORMULA_2_17_006,true,典型炸药,word/embeddings/oleObject121.bin,medium,,,,source_preserved,,OLE
SAFETY_FORMULA_2_17_007,true,典型炸药,word/embeddings/oleObject122.bin,medium,,,,source_preserved,2.52,OLE
SAFETY_FORMULA_2_17_008,true,典型炸药,word/embeddings/oleObject123.bin,medium,,,,source_preserved,,OLE
SAFETY_FORMULA_2_18_001,true,典型炸药,word/embeddings/oleObject124.bin,medium,,,,source_preserved,,OLE
SAFETY_FORMULA_2_18_002,true,典型炸药,word/embeddings/oleObject125.bin,medium,,,,source_preserved,,OLE
SAFETY_FORMULA_2_18_003,true,典型炸药,word/embeddings/oleObject126.bin,medium,,,,source_preserved,2.53,OLE
SAFETY_FORMULA_2_18_004,true,典型炸药,word/embeddings/oleObject127.bin,medium,,,,source_preserved,,OLE
SAFETY_FORMULA_2_19_001,true,非含铝炸药,word/embeddings/oleObject128.bin,medium,,,,source_preserved,,OLE
SAFETY_FORMULA_2_19_002,true,非含铝炸药,word/embeddings/oleObject129.bin,medium,,,,source_preserved,,OLE
SAFETY_FORMULA_2_19_003,true,非含铝炸药,word/embeddings/oleObject130.bin,medium,,,,source_preserved,2.54,OLE
SAFETY_FORMULA_2_19_004,true,非含铝炸药,word/embeddings/oleObject131.bin,medium,,,,source_preserved,2.55,OLE
SAFETY_FORMULA_2_19_005,true,非含铝炸药,word/embeddings/oleObject132.bin,medium,,,,source_preserved,,OLE
SAFETY_FORMULA_2_19_006,true,非含铝炸药,word/embeddings/oleObject133.bin,medium,,,,source_preserved,2.56,OLE
SAFETY_FORMULA_2_19_007,true,非含铝炸药,word/embeddings/oleObject134.bin,medium,,,,source_preserved,,OLE
SAFETY_FORMULA_2_19_008,true,非含铝炸药,word/embeddings/oleObject135.bin,medium,,,,source_preserved,,OLE
SAFETY_FORMULA_2_1_001,true,球形TNT裸装药在无限空气中爆炸,word/embeddings/oleObject1.bin,medium,,,,source_preserved,2.1,OLE
SAFETY_FORMULA_2_1_002,true,球形TNT裸装药在无限空气中爆炸,word/embeddings/oleObject2.bin,medium,,,,source_preserved,2.1,OLE
SAFETY_FORMULA_2_1_003,true,球形TNT裸装药在无限空气中爆炸,word/embeddings/oleObject3.bin,medium,,,,source_preserved,2.2,OLE
SAFETY_FORMULA_2_1_004,true,,word/embeddings/oleObject4.bin,medium,,,,source_preserved,2.3,OLE
SAFETY_FORMULA_2_1_005,true,,word/embeddings/oleObject5.bin,medium,,,,source_preserved,,OLE
SAFETY_FORMULA_2_1_006,true,,word/embeddings/oleObject6.bin,medium,,,,source_preserved,,OLE
SAFETY_FORMULA_2_1_007,true,,word/embeddings/oleObject7.bin,medium,,,,source_preserved,2.4,OLE
SAFETY_FORMULA_2_1_008,true,,word/embeddings/oleObject8.bin,medium,,,,source_preserved,2.4,OLE
SAFETY_FORMULA_2_1_009,true,,word/embeddings/oleObject9.bin,medium,,,,source_preserved,2.5,OLE
SAFETY_FORMULA_2_1_010,true,,word/embeddings/oleObject10.bin,medium,,,,source_preserved,2.5,OLE
SAFETY_FORMULA_2_1_011,true,,word/embeddings/oleObject11.bin,medium,,,,source_preserved,2.6,OLE
SAFETY_FORMULA_2_1_012,true,,word/embeddings/oleObject12.bin,medium,,,,source_preserved,2.6,OLE
SAFETY_FORMULA_2_1_013,true,,word/embeddings/oleObject13.bin,medium,,,,source_preserved,,OLE
SAFETY_FORMULA_2_20_001,true,含铝和非含铝炸药,word/embeddings/oleObject136.bin,medium,,,,source_preserved,,OLE
SAFETY_FORMULA_2_20_002,true,含铝和非含铝炸药,word/embeddings/oleObject137.bin,medium,,,,source_preserved,,OLE
SAFETY_FORMULA_2_20_003,true,含铝和非含铝炸药,word/embeddings/oleObject138.bin,medium,,,,source_preserved,2.57,OLE
SAFETY_FORMULA_2_20_004,true,含铝和非含铝炸药,word/embeddings/oleObject139.bin,medium,,,,source_preserved,,OLE
SAFETY_FORMULA_2_20_005,true,含铝和非含铝炸药,word/embeddings/oleObject140.bin,medium,,,,source_preserved,,OLE
SAFETY_FORMULA_2_21_1_001,true,,word/embeddings/oleObject141.bin,medium,,,,source_preserved,2.58,OLE
SAFETY_FORMULA_2_21_1_002,true,,word/embeddings/oleObject142.bin,medium,,,,source_preserved,2.59,OLE
SAFETY_FORMULA_2_21_1_003,true,,word/embeddings/oleObject143.bin,medium,,,,source_preserved,2.60,OLE
SAFETY_FORMULA_2_21_1_004,true,,word/embeddings/oleObject144.bin,medium,,,,source_preserved,2.61,OLE
SAFETY_FORMULA_2_21_1_005,true,,word/embeddings/oleObject145.bin,medium,,,,source_preserved,2.62,OLE
SAFETY_FORMULA_2_21_1_006,true,,word/embeddings/oleObject146.bin,medium,,,,source_preserved,,OLE
SAFETY_FORMULA_2_21_1_007,true,,word/embeddings/oleObject147.bin,medium,,,,source_preserved,2.63,OLE
SAFETY_FORMULA_2_21_1_008,true,,word/embeddings/oleObject148.bin,medium,,,,source_preserved,2.64,OLE
SAFETY_FORMULA_2_21_1_009,true,,word/embeddings/oleObject149.bin,medium,,,,source_preserved,2.65,OLE
SAFETY_FORMULA_2_21_1_010,true,,word/embeddings/oleObject150.bin,medium,,,,source_preserved,2.66,OLE
SAFETY_FORMULA_2_21_1_011,true,,word/embeddings/oleObject151.bin,medium,,,,source_preserved,,OLE
SAFETY_FORMULA_2_21_1_012,true,,word/embeddings/oleObject152.bin,medium,,,,source_preserved,2.67,OLE
SAFETY_FORMULA_2_21_1_013,true,,word/embeddings/oleObject153.bin,medium,,,,source_preserved,2.68,OLE
SAFETY_FORMULA_2_21_1_014,true,,word/embeddings/oleObject154.bin,medium,,,,source_preserved,2.69,OLE
SAFETY_FORMULA_2_21_1_015,true,,word/embeddings/oleObject155.bin,medium,,,,source_preserved,2.70,OLE
SAFETY_FORMULA_2_21_1_016,true,,word/embeddings/oleObject156.bin,medium,,,,source_preserved,,OLE
SAFETY_FORMULA_2_21_1_017,true,,word/embeddings/oleObject157.bin,medium,,,,source_preserved,2.71,OLE
SAFETY_FORMULA_2_21_1_018,true,,word/embeddings/oleObject158.bin,medium,,,,source_preserved,2.72,OLE
SAFETY_FORMULA_2_21_1_019,true,,word/embeddings/oleObject159.bin,medium,,,,source_preserved,2.73,OLE
SAFETY_FORMULA_2_21_1_020,true,,word/embeddings/oleObject160.bin,medium,,,,source_preserved,2.74,OLE
SAFETY_FORMULA_2_21_1_021,true,,word/embeddings/oleObject161.bin,medium,,,,source_preserved,2.75,OLE
SAFETY_FORMULA_2_21_1_022,true,,word/embeddings/oleObject162.bin,medium,,,,source_preserved,,OLE
SAFETY_FORMULA_2_21_2_001,true,,word/embeddings/oleObject163.bin,medium,,,,source_preserved,2.76,OLE
SAFETY_FORMULA_2_21_2_002,true,,word/embeddings/oleObject164.bin,medium,,,,source_preserved,,OLE
SAFETY_FORMULA_2_21_3_001,true,,word/embeddings/oleObject165.bin,medium,,,,source_preserved,2.77,OLE
SAFETY_FORMULA_2_21_3_002,true,,word/embeddings/oleObject166.bin,medium,,,,source_preserved,,OLE
SAFETY_FORMULA_2_22_001,true,,word/embeddings/oleObject167.bin,medium,,,,source_preserved,2.78,OLE
SAFETY_FORMULA_2_22_002,true,,word/embeddings/oleObject168.bin,medium,,,,source_preserved,2.79,OLE
SAFETY_FORMULA_2_22_003,true,,word/embeddings/oleObject169.bin,medium,,,,source_preserved,2.80,OLE
SAFETY_FORMULA_2_22_004,true,,word/embeddings/oleObject170.bin,medium,,,,source_preserved,,OLE
SAFETY_FORMULA_2_22_005,true,,word/embeddings/oleObject171.bin,medium,,,,source_preserved,2.81,OLE
SAFETY_FORMULA_2_22_006,true,,word/embeddings/oleObject172.bin,medium,,,,source_preserved,2.82,OLE
SAFETY_FORMULA_2_23_001,true,,word/embeddings/oleObject173.bin,medium,,,,source_preserved,,OLE
SAFETY_FORMULA_2_23_002,true,,word/embeddings/oleObject174.bin,medium,,,,source_preserved,2.83,OLE
SAFETY_FORMULA_2_23_003,true,,word/embeddings/oleObject175.bin,medium,,,,source_preserved,2.84,OLE
SAFETY_FORMULA_2_23_004,true,,word/embeddings/oleObject176.bin,medium,,,,source_preserved,2.85,OLE
SAFETY_FORMULA_2_23_005,true,,word/embeddings/oleObject177.bin,medium,,,,source_preserved,2.86,OLE
SAFETY_FORMULA_2_23_006,true,,word/embeddings/oleObject178.bin,medium,,,,source_preserved,,OLE
SAFETY_FORMULA_2_23_007,true,,word/embeddings/oleObject179.bin,medium,,,,source_preserved,2.87,OLE
SAFETY_FORMULA_2_23_008,true,,word/embeddings/oleObject180.bin,medium,,,,source_preserved,2.88,OLE
SAFETY_FORMULA_2_23_009,true,,word/embeddings/oleObject181.bin,medium,,,,source_preserved,,OLE
SAFETY_FORMULA_2_24_001,true,,word/embeddings/oleObject182.bin,medium,,,,source_preserved,2.89,OLE
SAFETY_FORMULA_2_24_002,true,,word/embeddings/oleObject183.bin,medium,,,,source_preserved,2.90,OLE
SAFETY_FORMULA_2_24_003,true,,word/embeddings/oleObject184.bin,medium,,,,source_preserved,2.91,OLE
SAFETY_FORMULA_2_24_004,true,,word/embeddings/oleObject185.bin,medium,,,,source_preserved,2.92,OLE
SAFETY_FORMULA_2_24_005,true,,word/embeddings/oleObject186.bin,medium,,,,source_preserved,2.93,OLE
SAFETY_FORMULA_2_25_001,true,锥形/楔形药型罩,word/embeddings/oleObject187.bin,medium,,,,source_preserved,2.94,OLE
SAFETY_FORMULA_2_25_002,true,锥形/楔形药型罩,word/embeddings/oleObject188.bin,medium,,,,source_preserved,2.95,OLE
SAFETY_FORMULA_2_25_003,true,锥形/楔形药型罩,word/embeddings/oleObject189.bin,medium,,,,source_preserved,2.96,OLE
SAFETY_FORMULA_2_25_004,true,锥形/楔形药型罩,word/embeddings/oleObject190.bin,medium,,,,source_preserved,2.97,OLE
SAFETY_FORMULA_2_25_005,true,锥形/楔形药型罩,word/embeddings/oleObject191.bin,medium,,,,source_preserved,2.98,OLE
SAFETY_FORMULA_2_25_006,true,锥形/楔形药型罩,word/embeddings/oleObject192.bin,medium,,,,source_preserved,2.99,OLE
SAFETY_FORMULA_2_25_007,true,锥形/楔形药型罩,word/embeddings/oleObject193.bin,medium,,,,source_preserved,2.100,OLE
SAFETY_FORMULA_2_26_001,true,,word/embeddings/oleObject194.bin,medium,,,,source_preserved,2.101,OLE
SAFETY_FORMULA_2_26_002,true,,word/embeddings/oleObject195.bin,medium,,,,source_preserved,2.102,OLE
SAFETY_FORMULA_2_26_003,true,,word/embeddings/oleObject196.bin,medium,,,,source_preserved,2.103,OLE
SAFETY_FORMULA_2_26_004,true,,word/embeddings/oleObject197.bin,medium,,,,source_preserved,2.104,OLE
SAFETY_FORMULA_2_26_005,true,,word/embeddings/oleObject198.bin,medium,,,,source_preserved,2.105,OLE
SAFETY_FORMULA_2_27_001,true,EFP,word/embeddings/oleObject199.bin,medium,,,,source_preserved,2.106,OLE
SAFETY_FORMULA_2_27_002,true,EFP,word/embeddings/oleObject200.bin,medium,,,,source_preserved,2.107,OLE
SAFETY_FORMULA_2_29_001,true,,word/embeddings/oleObject201.bin,medium,,,,source_preserved,2.108,OLE
SAFETY_FORMULA_2_29_002,true,,word/embeddings/oleObject202.bin,medium,,,,source_preserved,2.109,OLE
SAFETY_FORMULA_2_29_003,true,,word/embeddings/oleObject203.bin,medium,,,,source_preserved,2.110,OLE
SAFETY_FORMULA_2_29_004,true,,word/embeddings/oleObject204.bin,medium,,,,source_preserved,2.111,OLE
SAFETY_FORMULA_2_29_005,true,,word/embeddings/oleObject205.bin,medium,,,,source_preserved,2.112,OLE
SAFETY_FORMULA_2_29_006,true,,word/embeddings/oleObject206.bin,medium,,,,source_preserved,2.113,OLE
SAFETY_FORMULA_2_29_007,true,,word/embeddings/oleObject207.bin,medium,,,,source_preserved,,OLE
SAFETY_FORMULA_2_29_008,true,,word/embeddings/oleObject208.bin,medium,,,,source_preserved,,OLE
SAFETY_FORMULA_2_29_009,true,,word/embeddings/oleObject209.bin,medium,,,,source_preserved,,OLE
SAFETY_FORMULA_2_29_010,true,,word/embeddings/oleObject210.bin,medium,,,,source_preserved,2.114,OLE
SAFETY_FORMULA_2_2_001,true,球形TNT装药,word/embeddings/oleObject14.bin,medium,,,,source_preserved,,OLE
SAFETY_FORMULA_2_2_002,true,,word/embeddings/oleObject15.bin,medium,,,,source_preserved,,OLE
SAFETY_FORMULA_2_2_003,true,,word/embeddings/oleObject16.bin,medium,,,,source_preserved,,OLE
SAFETY_FORMULA_2_2_004,true,,word/embeddings/oleObject17.bin,medium,,,,source_preserved,,OLE
SAFETY_FORMULA_2_2_005,true,,word/embeddings/oleObject18.bin,medium,,,,source_preserved,,OLE
SAFETY_FORMULA_2_2_006,true,,word/embeddings/oleObject19.bin,medium,,,,source_preserved,,OLE
SAFETY_FORMULA_2_2_007,true,,word/embeddings/oleObject20.bin,medium,,,,source_preserved,,OLE
SAFETY_FORMULA_2_2_008,true,,word/embeddings/oleObject21.bin,medium,,,,source_preserved,,OLE
SAFETY_FORMULA_2_30_001,true,,word/embeddings/oleObject211.bin,medium,,,,source_preserved,2.115,OLE
SAFETY_FORMULA_2_30_002,true,,word/embeddings/oleObject212.bin,medium,,,,source_preserved,2.116,OLE
SAFETY_FORMULA_2_30_003,true,,word/embeddings/oleObject213.bin,medium,,,,source_preserved,2.117,OLE
SAFETY_FORMULA_2_30_004,true,,word/embeddings/oleObject214.bin,medium,,,,source_preserved,2.118,OLE
SAFETY_FORMULA_2_30_005,true,,word/embeddings/oleObject215.bin,medium,,,,source_preserved,2.119,OLE
SAFETY_FORMULA_2_30_006,true,,word/embeddings/oleObject216.bin,medium,,,,source_preserved,2.120,OLE
SAFETY_FORMULA_2_30_007,true,,word/embeddings/oleObject217.bin,medium,,,,source_preserved,2.121,OLE
SAFETY_FORMULA_2_31_001,true,,word/embeddings/oleObject218.bin,medium,,,,source_preserved,2.122,OLE
SAFETY_FORMULA_2_31_002,true,,word/embeddings/oleObject219.bin,medium,,,,source_preserved,2.123,OLE
SAFETY_FORMULA_2_32_001,true,,word/embeddings/oleObject220.bin,medium,,,,source_preserved,2.124,OLE
SAFETY_FORMULA_2_32_002,true,,word/embeddings/oleObject221.bin,medium,,,,source_preserved,2.125,OLE
SAFETY_FORMULA_2_32_003,true,,word/embeddings/oleObject222.bin,medium,,,,source_preserved,,OLE
SAFETY_FORMULA_2_32_004,true,,word/embeddings/oleObject223.bin,medium,,,,source_preserved,,OLE
SAFETY_FORMULA_2_32_005,true,,word/embeddings/oleObject224.bin,medium,,,,source_preserved,2.126,OLE
SAFETY_FORMULA_2_32_006,true,,word/embeddings/oleObject225.bin,medium,,,,source_preserved,2.127,OLE
SAFETY_FORMULA_2_32_007,true,,word/embeddings/oleObject226.bin,medium,,,,source_preserved,,OLE
SAFETY_FORMULA_2_32_008,true,,word/embeddings/oleObject227.bin,medium,,,,source_preserved,,OLE
SAFETY_FORMULA_2_32_009,true,,word/embeddings/oleObject228.bin,medium,,,,source_preserved,2.128,OLE
SAFETY_FORMULA_2_32_010,true,,word/embeddings/oleObject229.bin,medium,,,,source_preserved,2.129,OLE
SAFETY_FORMULA_2_32_011,true,,word/embeddings/oleObject230.bin,medium,,,,source_preserved,,OLE
SAFETY_FORMULA_2_32_012,true,,word/embeddings/oleObject231.bin,medium,,,,source_preserved,,OLE
SAFETY_FORMULA_2_32_013,true,,word/embeddings/oleObject232.bin,medium,,,,source_preserved,2.130,OLE
SAFETY_FORMULA_2_32_014,true,,word/embeddings/oleObject233.bin,medium,,,,source_preserved,2.131,OLE
SAFETY_FORMULA_2_32_015,true,,word/embeddings/oleObject234.bin,medium,,,,source_preserved,2.132,OLE
SAFETY_FORMULA_2_32_016,true,,word/embeddings/oleObject235.bin,medium,,,,source_preserved,2.133,OLE
SAFETY_FORMULA_2_32_017,true,,word/embeddings/oleObject236.bin,medium,,,,source_preserved,2.134,OLE
SAFETY_FORMULA_2_32_018,true,,word/embeddings/oleObject237.bin,medium,,,,source_preserved,2.135,OLE
SAFETY_FORMULA_2_32_019,true,,word/embeddings/oleObject238.bin,medium,,,,source_preserved,,OLE
SAFETY_FORMULA_2_3_001,true,TNT等理想炸药、含铝炸药等非理想球形炸药在无限空气中爆炸,word/embeddings/oleObject22.bin,medium,,,,source_preserved,2.7,OLE
SAFETY_FORMULA_2_3_002,true,TNT等理想炸药、含铝炸药等非理想球形炸药在无限空气中爆炸,word/embeddings/oleObject23.bin,medium,,,,source_preserved,2.7,OLE
SAFETY_FORMULA_2_3_003,true,TNT等理想炸药、含铝炸药等非理想球形炸药在无限空气中爆炸,word/embeddings/oleObject24.bin,medium,,,,source_preserved,2.8,OLE
SAFETY_FORMULA_2_3_004,true,TNT等理想炸药、含铝炸药等非理想球形炸药在无限空气中爆炸,word/embeddings/oleObject25.bin,medium,,,,source_preserved,2.8,OLE
SAFETY_FORMULA_2_4_001,true,圆柱形带壳装药在无限空气中爆炸,word/embeddings/oleObject26.bin,medium,,,,source_preserved,2.9,OLE
SAFETY_FORMULA_2_4_002,true,圆柱形带壳装药在无限空气中爆炸,word/embeddings/oleObject27.bin,medium,,,,source_preserved,2.9,OLE
SAFETY_FORMULA_2_4_003,true,圆柱形带壳装药在无限空气中爆炸,word/embeddings/oleObject28.bin,medium,,,,source_preserved,2.10,OLE
SAFETY_FORMULA_2_4_004,true,圆柱形带壳装药在无限空气中爆炸,word/embeddings/oleObject29.bin,medium,,,,source_preserved,2.10,OLE
SAFETY_FORMULA_2_4_005,true,圆柱形带壳装药在无限空气中爆炸,word/embeddings/oleObject30.bin,medium,,,,source_preserved,2.11,OLE
SAFETY_FORMULA_2_4_006,true,圆柱形带壳装药在无限空气中爆炸,word/embeddings/oleObject31.bin,medium,,,,source_preserved,2.11,OLE
SAFETY_FORMULA_2_5_001,true,,word/embeddings/oleObject32.bin,medium,,,,source_preserved,,OLE
SAFETY_FORMULA_2_5_002,true,,word/embeddings/oleObject33.bin,medium,,,,source_preserved,2.12,OLE
SAFETY_FORMULA_2_5_003,true,,word/embeddings/oleObject34.bin,medium,,,,source_preserved,2.12,OLE
SAFETY_FORMULA_2_5_004,true,,word/embeddings/oleObject35.bin,medium,,,,source_preserved,,OLE
SAFETY_FORMULA_2_5_005,true,,word/embeddings/oleObject36.bin,medium,,,,source_preserved,2.13,OLE
SAFETY_FORMULA_2_5_006,true,,word/embeddings/oleObject37.bin,medium,,,,source_preserved,2.13,OLE
SAFETY_FORMULA_2_5_007,true,,word/embeddings/oleObject38.bin,medium,,,,source_preserved,2.14,OLE
SAFETY_FORMULA_2_5_008,true,,word/embeddings/oleObject39.bin,medium,,,,source_preserved,2.14,OLE
SAFETY_FORMULA_2_5_009,true,,word/embeddings/oleObject40.bin,medium,,,,source_preserved,2.15,OLE
SAFETY_FORMULA_2_5_010,true,,word/embeddings/oleObject41.bin,medium,,,,source_preserved,2.15,OLE
SAFETY_FORMULA_2_5_011,true,,word/embeddings/oleObject42.bin,medium,,,,source_preserved,,OLE
SAFETY_FORMULA_2_5_012,true,,word/embeddings/oleObject43.bin,medium,,,,source_preserved,,OLE
SAFETY_FORMULA_2_5_013,true,,word/embeddings/oleObject44.bin,medium,,,,source_preserved,,OLE
SAFETY_FORMULA_2_5_014,true,,word/embeddings/oleObject45.bin,medium,,,,source_preserved,2.16,OLE
SAFETY_FORMULA_2_5_015,true,,word/embeddings/oleObject46.bin,medium,,,,source_preserved,2.16,OLE
SAFETY_FORMULA_2_5_016,true,,word/embeddings/oleObject47.bin,medium,,,,source_preserved,2.17,OLE
SAFETY_FORMULA_2_5_017,true,,word/embeddings/oleObject48.bin,medium,,,,source_preserved,2.17,OLE
SAFETY_FORMULA_2_5_018,true,,word/embeddings/oleObject49.bin,medium,,,,source_preserved,2.18,OLE
SAFETY_FORMULA_2_5_019,true,,word/embeddings/oleObject50.bin,medium,,,,source_preserved,2.18,OLE
SAFETY_FORMULA_2_5_020,true,,word/embeddings/oleObject51.bin,medium,,,,source_preserved,,OLE
SAFETY_FORMULA_2_6_001,true,球形TNT裸装药在无限空气中爆炸,word/embeddings/oleObject52.bin,medium,,,,source_preserved,2.19,OLE
SAFETY_FORMULA_2_6_002,true,球形TNT裸装药在无限空气中爆炸,word/embeddings/oleObject53.bin,medium,,,,source_preserved,2.19,OLE
SAFETY_FORMULA_2_6_003,true,球形TNT裸装药在无限空气中爆炸,word/embeddings/oleObject54.bin,medium,,,,source_preserved,2.20,OLE
SAFETY_FORMULA_2_6_004,true,球形TNT裸装药在无限空气中爆炸,word/embeddings/oleObject55.bin,medium,,,,source_preserved,2.21,OLE
SAFETY_FORMULA_2_6_005,true,球形TNT裸装药在无限空气中爆炸,word/embeddings/oleObject56.bin,medium,,,,source_preserved,,OLE
SAFETY_FORMULA_2_7_001,true,装药爆炸,word/embeddings/oleObject57.bin,medium,,,,source_preserved,,OLE
SAFETY_FORMULA_2_8_001,true,,word/embeddings/oleObject58.bin,medium,,,,source_preserved,2.22,OLE
SAFETY_FORMULA_2_8_002,true,,word/embeddings/oleObject59.bin,medium,,,,source_preserved,2.22,OLE
SAFETY_FORMULA_2_8_003,true,,word/embeddings/oleObject60.bin,medium,,,,source_preserved,2.23,OLE
SAFETY_FORMULA_2_8_004,true,,word/embeddings/oleObject61.bin,medium,,,,source_preserved,2.24,OLE
SAFETY_FORMULA_2_8_005,true,,word/embeddings/oleObject62.bin,medium,,,,source_preserved,,OLE
SAFETY_FORMULA_3_10_001,true,EFP速度低于破碎穿孔阶段的极限速度，EFP对混凝土靶的侵彻进入刚体侵彻阶段,word/embeddings/oleObject424.bin,medium,,,,source_preserved,3.44,OLE
SAFETY_FORMULA_3_10_002,true,EFP速度低于破碎穿孔阶段的极限速度，EFP对混凝土靶的侵彻进入刚体侵彻阶段,word/embeddings/oleObject425.bin,medium,,,,source_preserved,3.45,OLE
SAFETY_FORMULA_3_10_003,true,EFP速度低于破碎穿孔阶段的极限速度，EFP对混凝土靶的侵彻进入刚体侵彻阶段,word/embeddings/oleObject426.bin,medium,,,,source_preserved,3.46,OLE
SAFETY_FORMULA_3_10_004,true,,word/embeddings/oleObject427.bin,medium,,,,source_preserved,3.47,OLE
SAFETY_FORMULA_3_10_005,true,,word/embeddings/oleObject428.bin,medium,,,,source_preserved,3.48,OLE
SAFETY_FORMULA_3_10_006,true,,word/embeddings/oleObject429.bin,medium,,,,source_preserved,3.49,OLE
SAFETY_FORMULA_3_11_001,true,,word/embeddings/oleObject430.bin,medium,,,,source_preserved,3.50,OLE
SAFETY_FORMULA_3_11_002,true,,word/embeddings/oleObject431.bin,medium,,,,source_preserved,3.51,OLE
SAFETY_FORMULA_3_11_003,true,,word/embeddings/oleObject432.bin,medium,,,,source_preserved,3.52,OLE
SAFETY_FORMULA_3_11_004,true,,word/embeddings/oleObject433.bin,medium,,,,source_preserved,3.53,OLE
SAFETY_FORMULA_3_11_005,true,,word/embeddings/oleObject434.bin,medium,,,,source_preserved,3.54,OLE
SAFETY_FORMULA_3_11_006,true,,word/embeddings/oleObject435.bin,medium,,,,source_preserved,3.55,OLE
SAFETY_FORMULA_3_11_007,true,,word/embeddings/oleObject436.bin,medium,,,,source_preserved,3.56,OLE
SAFETY_FORMULA_3_11_008,true,,word/embeddings/oleObject437.bin,medium,,,,source_preserved,3.57,OLE
SAFETY_FORMULA_3_12_001,true,,word/embeddings/oleObject438.bin,medium,,,,source_preserved,3.58,OLE
SAFETY_FORMULA_3_12_002,true,,word/embeddings/oleObject439.bin,medium,,,,source_preserved,,OLE
SAFETY_FORMULA_3_12_003,true,,word/embeddings/oleObject440.bin,medium,,,,source_preserved,3.59,OLE
SAFETY_FORMULA_3_12_004,true,,word/embeddings/oleObject441.bin,medium,,,,source_preserved,3.60,OLE
SAFETY_FORMULA_3_13_001,true,各种强度的混凝土靶,word/embeddings/oleObject442.bin,medium,,,,source_preserved,,OLE
SAFETY_FORMULA_3_13_002,true,各种强度的混凝土靶,word/embeddings/oleObject443.bin,medium,,,,source_preserved,3.61,OLE
SAFETY_FORMULA_3_13_003,true,各种强度的混凝土靶,word/embeddings/oleObject444.bin,medium,,,,source_preserved,,OLE
SAFETY_FORMULA_3_13_004,true,各种强度的混凝土靶,word/embeddings/oleObject445.bin,medium,,,,source_preserved,,OLE
SAFETY_FORMULA_3_13_005,true,各种强度的混凝土靶,word/embeddings/oleObject446.bin,medium,,,,source_preserved,,OLE
SAFETY_FORMULA_3_13_006,true,各种强度的混凝土靶,word/embeddings/oleObject447.bin,medium,,,,source_preserved,3.62,OLE
SAFETY_FORMULA_3_13_007,true,各种强度的混凝土靶,word/embeddings/oleObject448.bin,medium,,,,source_preserved,,OLE
SAFETY_FORMULA_3_13_008,true,各种强度的混凝土靶,word/embeddings/oleObject449.bin,medium,,,,source_preserved,,OLE
SAFETY_FORMULA_3_13_009,true,各种强度的混凝土靶,word/embeddings/oleObject450.bin,medium,,,,source_preserved,,OLE
SAFETY_FORMULA_3_13_010,true,各种强度的混凝土靶,word/embeddings/oleObject451.bin,medium,,,,source_preserved,,OLE
SAFETY_FORMULA_3_13_011,true,各种强度的混凝土靶,word/embeddings/oleObject452.bin,medium,,,,source_preserved,,OLE
SAFETY_FORMULA_3_13_012,true,各种强度的混凝土靶,word/embeddings/oleObject453.bin,medium,,,,source_preserved,,OLE
SAFETY_FORMULA_3_13_013,true,各种强度的混凝土靶,word/embeddings/oleObject454.bin,medium,,,,source_preserved,,OLE
SAFETY_FORMULA_3_13_014,true,各种强度的混凝土靶,word/embeddings/oleObject455.bin,medium,,,,source_preserved,3.63,OLE
SAFETY_FORMULA_3_13_015,true,各种强度的混凝土靶,word/embeddings/oleObject456.bin,medium,,,,source_preserved,,OLE
SAFETY_FORMULA_3_13_016,true,各种强度的混凝土靶,word/embeddings/oleObject457.bin,medium,,,,source_preserved,,OLE
SAFETY_FORMULA_3_13_017,true,各种强度的混凝土靶,word/embeddings/oleObject458.bin,medium,,,,source_preserved,,OLE
SAFETY_FORMULA_3_13_018,true,各种强度的混凝土靶,word/embeddings/oleObject459.bin,medium,,,,source_preserved,,OLE
SAFETY_FORMULA_3_13_019,true,各种强度的混凝土靶,word/embeddings/oleObject460.bin,medium,,,,source_preserved,,OLE
SAFETY_FORMULA_3_13_020,true,各种强度的混凝土靶,word/embeddings/oleObject461.bin,medium,,,,source_preserved,,OLE
SAFETY_FORMULA_3_14_001,true,活性药型罩靶后超压,word/embeddings/oleObject462.bin,medium,,,,source_preserved,,OLE
SAFETY_FORMULA_3_14_002,true,活性药型罩靶后超压,word/embeddings/oleObject463.bin,medium,,,,source_preserved,,OLE
SAFETY_FORMULA_3_14_003,true,活性药型罩靶后超压,word/embeddings/oleObject464.bin,medium,,,,source_preserved,,OLE
SAFETY_FORMULA_3_14_004,true,活性药型罩靶后超压,word/embeddings/oleObject465.bin,medium,,,,source_preserved,,OLE
SAFETY_FORMULA_3_14_005,true,活性药型罩靶后超压,word/embeddings/oleObject466.bin,medium,,,,source_preserved,3.64,OLE
SAFETY_FORMULA_3_14_006,true,活性药型罩靶后超压,word/embeddings/oleObject467.bin,medium,,,,source_preserved,,OLE
SAFETY_FORMULA_3_14_007,true,活性药型罩靶后超压,word/embeddings/oleObject468.bin,medium,,,,source_preserved,,OLE
SAFETY_FORMULA_3_14_008,true,活性药型罩靶后超压,word/embeddings/oleObject469.bin,medium,,,,source_preserved,,OLE
SAFETY_FORMULA_3_14_009,true,活性药型罩靶后超压,word/embeddings/oleObject470.bin,medium,,,,source_preserved,,OLE
SAFETY_FORMULA_3_14_010,true,活性药型罩靶后超压,word/embeddings/oleObject471.bin,medium,,,,source_preserved,,OLE
SAFETY_FORMULA_3_14_011,true,活性药型罩靶后超压,word/embeddings/oleObject472.bin,medium,,,,source_preserved,,OLE
SAFETY_FORMULA_3_14_012,true,活性药型罩靶后超压,word/embeddings/oleObject473.bin,medium,,,,source_preserved,,OLE
SAFETY_FORMULA_3_14_013,true,活性药型罩靶后超压,word/embeddings/oleObject474.bin,medium,,,,source_preserved,,OLE
SAFETY_FORMULA_3_14_014,true,活性药型罩靶后超压,word/embeddings/oleObject475.bin,medium,,,,source_preserved,,OLE
SAFETY_FORMULA_3_14_015,true,活性药型罩靶后超压,word/embeddings/oleObject476.bin,medium,,,,source_preserved,,OLE
SAFETY_FORMULA_3_14_016,true,活性药型罩靶后超压,word/embeddings/oleObject477.bin,medium,,,,source_preserved,,OLE
SAFETY_FORMULA_3_14_017,true,活性药型罩靶后超压,word/embeddings/oleObject478.bin,medium,,,,source_preserved,,OLE
SAFETY_FORMULA_3_14_018,true,活性药型罩靶后超压,word/embeddings/oleObject479.bin,medium,,,,source_preserved,,OLE
SAFETY_FORMULA_3_14_019,true,活性药型罩靶后超压,word/embeddings/oleObject480.bin,medium,,,,source_preserved,,OLE
SAFETY_FORMULA_3_14_020,true,活性药型罩靶后超压,word/embeddings/oleObject481.bin,medium,,,,source_preserved,,OLE
SAFETY_FORMULA_3_14_021,true,活性药型罩靶后超压,word/embeddings/oleObject482.bin,medium,,,,source_preserved,,OLE
SAFETY_FORMULA_3_14_022,true,活性药型罩靶后超压,word/embeddings/oleObject483.bin,medium,,,,source_preserved,,OLE
SAFETY_FORMULA_3_15_001,true,活性射流靶后超压,word/embeddings/oleObject484.bin,medium,,,,source_preserved,,OLE
SAFETY_FORMULA_3_15_002,true,活性射流靶后超压,word/embeddings/oleObject485.bin,medium,,,,source_preserved,,OLE
SAFETY_FORMULA_3_15_003,true,活性射流靶后超压,word/embeddings/oleObject486.bin,medium,,,,source_preserved,,OLE
SAFETY_FORMULA_3_15_004,true,活性射流靶后超压,word/embeddings/oleObject487.bin,medium,,,,source_preserved,,OLE
SAFETY_FORMULA_3_15_005,true,活性射流靶后超压,word/embeddings/oleObject488.bin,medium,,,,source_preserved,3.65,OLE
SAFETY_FORMULA_3_15_006,true,活性射流靶后超压,word/embeddings/oleObject489.bin,medium,,,,source_preserved,,OLE
SAFETY_FORMULA_3_15_007,true,活性射流靶后超压,word/embeddings/oleObject490.bin,medium,,,,source_preserved,,OLE
SAFETY_FORMULA_3_15_008,true,活性射流靶后超压,word/embeddings/oleObject491.bin,medium,,,,source_preserved,,OLE
SAFETY_FORMULA_3_15_009,true,活性射流靶后超压,word/embeddings/oleObject492.bin,medium,,,,source_preserved,,OLE
SAFETY_FORMULA_3_15_010,true,活性射流靶后超压,word/embeddings/oleObject493.bin,medium,,,,source_preserved,,OLE
SAFETY_FORMULA_3_15_011,true,活性射流靶后超压,word/embeddings/oleObject494.bin,medium,,,,source_preserved,,OLE
SAFETY_FORMULA_3_15_012,true,活性射流靶后超压,word/embeddings/oleObject495.bin,medium,,,,source_preserved,,OLE
SAFETY_FORMULA_3_15_013,true,活性射流靶后超压,word/embeddings/oleObject496.bin,medium,,,,source_preserved,3.66,OLE
SAFETY_FORMULA_3_15_014,true,活性射流靶后超压,word/embeddings/oleObject497.bin,medium,,,,source_preserved,,OLE
SAFETY_FORMULA_3_15_015,true,活性射流靶后超压,word/embeddings/oleObject498.bin,medium,,,,source_preserved,3.67,OLE
SAFETY_FORMULA_3_15_016,true,活性射流靶后超压,word/embeddings/oleObject499.bin,medium,,,,source_preserved,3.68,OLE
SAFETY_FORMULA_3_15_017,true,活性射流靶后超压,word/embeddings/oleObject500.bin,medium,,,,source_preserved,3.69,OLE
SAFETY_FORMULA_3_15_018,true,活性射流靶后超压,word/embeddings/oleObject501.bin,medium,,,,source_preserved,,OLE
SAFETY_FORMULA_3_15_019,true,活性射流靶后超压,word/embeddings/oleObject502.bin,medium,,,,source_preserved,,OLE
SAFETY_FORMULA_3_15_020,true,活性射流靶后超压,word/embeddings/oleObject503.bin,medium,,,,source_preserved,,OLE
SAFETY_FORMULA_3_15_021,true,活性射流靶后超压,word/embeddings/oleObject504.bin,medium,,,,source_preserved,,OLE
SAFETY_FORMULA_3_15_022,true,活性射流靶后超压,word/embeddings/oleObject505.bin,medium,,,,source_preserved,,OLE
SAFETY_FORMULA_3_16_001,true,活性聚能侵彻体侵彻混凝土靶,word/embeddings/oleObject506.bin,medium,,,,source_preserved,3.70,OLE
SAFETY_FORMULA_3_17_001,true,活性聚能侵彻体侵彻混凝土靶,word/embeddings/oleObject507.bin,medium,,,,source_preserved,3.71,OLE
SAFETY_FORMULA_3_1_001,true,,word/embeddings/oleObject239.bin,medium,,,,source_preserved,3.1,OLE
SAFETY_FORMULA_3_1_002,true,,word/embeddings/oleObject240.bin,medium,,,,source_preserved,,OLE
SAFETY_FORMULA_3_1_003,true,,word/embeddings/oleObject241.bin,medium,,,,source_preserved,3.2,OLE
SAFETY_FORMULA_3_1_004,true,,word/embeddings/oleObject242.bin,medium,,,,source_preserved,,OLE
SAFETY_FORMULA_3_1_005,true,,word/embeddings/oleObject243.bin,medium,,,,source_preserved,3.3,OLE
SAFETY_FORMULA_3_1_006,true,,word/embeddings/oleObject244.bin,medium,,,,source_preserved,,OLE
SAFETY_FORMULA_3_1_007,true,,word/embeddings/oleObject245.bin,medium,,,,source_preserved,,OLE
SAFETY_FORMULA_3_1_008,true,,word/embeddings/oleObject246.bin,medium,,,,source_preserved,,OLE
SAFETY_FORMULA_3_1_009,true,,word/embeddings/oleObject247.bin,medium,,,,source_preserved,,OLE
SAFETY_FORMULA_3_1_010,true,,word/embeddings/oleObject248.bin,medium,,,,source_preserved,,OLE
SAFETY_FORMULA_3_1_011,true,,word/embeddings/oleObject249.bin,medium,,,,source_preserved,,OLE
SAFETY_FORMULA_3_1_012,true,,word/embeddings/oleObject250.bin,medium,,,,source_preserved,,OLE
SAFETY_FORMULA_3_1_013,true,,word/embeddings/oleObject251.bin,medium,,,,source_preserved,,OLE
SAFETY_FORMULA_3_1_014,true,,word/embeddings/oleObject252.bin,medium,,,,source_preserved,,OLE
SAFETY_FORMULA_3_1_015,true,,word/embeddings/oleObject253.bin,medium,,,,source_preserved,,OLE
SAFETY_FORMULA_3_1_016,true,,word/embeddings/oleObject254.bin,medium,,,,source_preserved,,OLE
SAFETY_FORMULA_3_1_017,true,,,high,,,x,structured,,OMML
SAFETY_FORMULA_3_1_018,true,,word/embeddings/oleObject255.bin,medium,,,,source_preserved,,OLE
SAFETY_FORMULA_3_1_019,true,,,high,,,x,structured,,OMML
SAFETY_FORMULA_3_1_020,true,,word/embeddings/oleObject256.bin,medium,,,,source_preserved,3.4,OLE
SAFETY_FORMULA_3_1_021,true,,word/embeddings/oleObject257.bin,medium,,,,source_preserved,,OLE
SAFETY_FORMULA_3_1_022,true,,word/embeddings/oleObject258.bin,medium,,,,source_preserved,3.5,OLE
SAFETY_FORMULA_3_1_023,true,,word/embeddings/oleObject259.bin,medium,,,,source_preserved,,OLE
SAFETY_FORMULA_3_1_024,true,,word/embeddings/oleObject260.bin,medium,,,,source_preserved,,OLE
SAFETY_FORMULA_3_1_025,true,,word/embeddings/oleObject261.bin,medium,,,,source_preserved,3.6,OLE
SAFETY_FORMULA_3_1_026,true,,word/embeddings/oleObject262.bin,medium,,,,source_preserved,,OLE
SAFETY_FORMULA_3_1_027,true,,word/embeddings/oleObject263.bin,medium,,,,source_preserved,,OLE
SAFETY_FORMULA_3_1_028,true,,word/embeddings/oleObject264.bin,medium,,,,source_preserved,,OLE
SAFETY_FORMULA_3_1_029,true,,word/embeddings/oleObject265.bin,medium,,,,source_preserved,,OLE
SAFETY_FORMULA_3_1_030,true,,word/embeddings/oleObject266.bin,medium,,,,source_preserved,,OLE
SAFETY_FORMULA_3_1_031,true,,word/embeddings/oleObject267.bin,medium,,,,source_preserved,,OLE
SAFETY_FORMULA_3_1_032,true,,word/embeddings/oleObject268.bin,medium,,,,source_preserved,,OLE
SAFETY_FORMULA_3_1_033,true,,word/embeddings/oleObject269.bin,medium,,,,source_preserved,,OLE
SAFETY_FORMULA_3_1_034,true,,word/embeddings/oleObject270.bin,medium,,,,source_preserved,,OLE
SAFETY_FORMULA_3_1_035,true,,word/embeddings/oleObject271.bin,medium,,,,source_preserved,3.7,OLE
SAFETY_FORMULA_3_20_001,true,,word/embeddings/oleObject508.bin,medium,,,,source_preserved,,OLE
SAFETY_FORMULA_3_20_002,true,,word/embeddings/oleObject509.bin,medium,,,,source_preserved,,OLE
SAFETY_FORMULA_3_20_003,true,,word/embeddings/oleObject510.bin,medium,,,,source_preserved,,OLE
SAFETY_FORMULA_3_20_004,true,,word/embeddings/oleObject511.bin,medium,,,,source_preserved,,OLE
SAFETY_FORMULA_3_20_005,true,,word/embeddings/oleObject512.bin,medium,,,,source_preserved,3.72,OLE
SAFETY_FORMULA_3_20_006,true,,word/embeddings/oleObject513.bin,medium,,,,source_preserved,,OLE
SAFETY_FORMULA_3_20_007,true,,word/embeddings/oleObject514.bin,medium,,,,source_preserved,,OLE
SAFETY_FORMULA_3_20_008,true,,word/embeddings/oleObject515.bin,medium,,,,source_preserved,,OLE
SAFETY_FORMULA_3_20_009,true,,word/embeddings/oleObject516.bin,medium,,,,source_preserved,,OLE
SAFETY_FORMULA_3_20_010,true,,word/embeddings/oleObject517.bin,medium,,,,source_preserved,3.73,OLE
SAFETY_FORMULA_3_20_011,true,,word/embeddings/oleObject518.bin,medium,,,,source_preserved,,OLE
SAFETY_FORMULA_3_20_012,true,,word/embeddings/oleObject519.bin,medium,,,,source_preserved,,OLE
SAFETY_FORMULA_3_20_013,true,,word/embeddings/oleObject520.bin,medium,,,,source_preserved,,OLE
SAFETY_FORMULA_3_20_014,true,,word/embeddings/oleObject521.bin,medium,,,,source_preserved,,OLE
SAFETY_FORMULA_3_20_015,true,,word/embeddings/oleObject522.bin,medium,,,,source_preserved,3.74,OLE
SAFETY_FORMULA_3_20_016,true,,word/embeddings/oleObject523.bin,medium,,,,source_preserved,,OLE
SAFETY_FORMULA_3_20_017,true,,word/embeddings/oleObject524.bin,medium,,,,source_preserved,,OLE
SAFETY_FORMULA_3_20_018,true,,word/embeddings/oleObject525.bin,medium,,,,source_preserved,,OLE
SAFETY_FORMULA_3_20_019,true,,word/embeddings/oleObject526.bin,medium,,,,source_preserved,3.75,OLE
SAFETY_FORMULA_3_20_020,true,,word/embeddings/oleObject527.bin,medium,,,,source_preserved,,OLE
SAFETY_FORMULA_3_20_021,true,,word/embeddings/oleObject528.bin,medium,,,,source_preserved,,OLE
SAFETY_FORMULA_3_20_022,true,,word/embeddings/oleObject529.bin,medium,,,,source_preserved,,OLE
SAFETY_FORMULA_3_20_023,true,,word/embeddings/oleObject530.bin,medium,,,,source_preserved,,OLE
SAFETY_FORMULA_3_20_024,true,,word/embeddings/oleObject531.bin,medium,,,,source_preserved,3.76,OLE
SAFETY_FORMULA_3_20_025,true,,word/embeddings/oleObject532.bin,medium,,,,source_preserved,,OLE
SAFETY_FORMULA_3_20_026,true,,word/embeddings/oleObject533.bin,medium,,,,source_preserved,3.77,OLE
SAFETY_FORMULA_3_20_027,true,,word/embeddings/oleObject534.bin,medium,,,,source_preserved,3.78,OLE
SAFETY_FORMULA_3_20_028,true,,word/embeddings/oleObject535.bin,medium,,,,source_preserved,,OLE
SAFETY_FORMULA_3_20_029,true,,word/embeddings/oleObject536.bin,medium,,,,source_preserved,,OLE
SAFETY_FORMULA_3_20_030,true,,word/embeddings/oleObject537.bin,medium,,,,source_preserved,3.79,OLE
SAFETY_FORMULA_3_20_031,true,,word/embeddings/oleObject538.bin,medium,,,,source_preserved,3.80,OLE
SAFETY_FORMULA_3_2_001,true,300～1800m /s着靶速度区间内，或0.33～2.70的弹靶厚度比内，钨合金球破片侵彻低碳钢,word/embeddings/oleObject272.bin,medium,,,,source_preserved,,OLE
SAFETY_FORMULA_3_2_002,true,,word/embeddings/oleObject273.bin,medium,,,,source_preserved,3.8,OLE
SAFETY_FORMULA_3_2_003,true,,word/embeddings/oleObject274.bin,medium,,,,source_preserved,3.9,OLE
SAFETY_FORMULA_3_2_004,true,,word/embeddings/oleObject275.bin,medium,,,,source_preserved,3.10,OLE
SAFETY_FORMULA_3_2_005,true,,word/embeddings/oleObject276.bin,medium,,,,source_preserved,,OLE
SAFETY_FORMULA_3_2_006,true,,word/embeddings/oleObject277.bin,medium,,,,source_preserved,,OLE
SAFETY_FORMULA_3_2_007,true,,word/embeddings/oleObject278.bin,medium,,,,source_preserved,,OLE
SAFETY_FORMULA_3_2_008,true,,word/embeddings/oleObject279.bin,medium,,,,source_preserved,,OLE
SAFETY_FORMULA_3_2_009,true,,word/embeddings/oleObject280.bin,medium,,,,source_preserved,,OLE
SAFETY_FORMULA_3_2_010,true,,word/embeddings/oleObject281.bin,medium,,,,source_preserved,,OLE
SAFETY_FORMULA_3_2_011,true,,word/embeddings/oleObject282.bin,medium,,,,source_preserved,,OLE
SAFETY_FORMULA_3_2_012,true,,word/embeddings/oleObject283.bin,medium,,,,source_preserved,,OLE
SAFETY_FORMULA_3_2_013,true,,word/embeddings/oleObject284.bin,medium,,,,source_preserved,,OLE
SAFETY_FORMULA_3_2_014,true,,word/embeddings/oleObject285.bin,medium,,,,source_preserved,,OLE
SAFETY_FORMULA_3_2_015,true,,word/embeddings/oleObject286.bin,medium,,,,source_preserved,,OLE
SAFETY_FORMULA_3_2_016,true,,word/embeddings/oleObject291.bin,medium,,,,source_preserved,,OLE
SAFETY_FORMULA_3_2_017,true,,word/embeddings/oleObject292.bin,medium,,,,source_preserved,3.11,OLE
SAFETY_FORMULA_3_2_018,true,,word/embeddings/oleObject293.bin,medium,,,,source_preserved,,OLE
SAFETY_FORMULA_3_2_019,true,,word/embeddings/oleObject294.bin,medium,,,,source_preserved,3.12,OLE
SAFETY_FORMULA_3_2_020,true,,word/embeddings/oleObject295.bin,medium,,,,source_preserved,,OLE
SAFETY_FORMULA_3_2_021,true,,word/embeddings/oleObject296.bin,medium,,,,source_preserved,,OLE
SAFETY_FORMULA_3_2_022,true,,word/embeddings/oleObject297.bin,medium,,,,source_preserved,,OLE
SAFETY_FORMULA_3_2_023,true,,word/embeddings/oleObject298.bin,medium,,,,source_preserved,,OLE
SAFETY_FORMULA_3_2_024,true,,word/embeddings/oleObject299.bin,medium,,,,source_preserved,,OLE
SAFETY_FORMULA_3_2_025,true,,word/embeddings/oleObject300.bin,medium,,,,source_preserved,,OLE
SAFETY_FORMULA_3_2_026,true,,word/embeddings/oleObject301.bin,medium,,,,source_preserved,,OLE
SAFETY_FORMULA_3_2_027,true,,word/embeddings/oleObject302.bin,medium,,,,source_preserved,,OLE
SAFETY_FORMULA_3_2_028,true,,word/embeddings/oleObject303.bin,medium,,,,source_preserved,3.13,OLE
SAFETY_FORMULA_3_2_029,true,,word/embeddings/oleObject304.bin,medium,,,,source_preserved,,OLE
SAFETY_FORMULA_3_2_030,true,,word/embeddings/oleObject305.bin,medium,,,,source_preserved,,OLE
SAFETY_FORMULA_3_2_031,true,,word/embeddings/oleObject306.bin,medium,,,,source_preserved,,OLE
SAFETY_FORMULA_3_2_032,true,,word/embeddings/oleObject307.bin,medium,,,,source_preserved,,OLE
SAFETY_FORMULA_3_2_033,true,,word/embeddings/oleObject308.bin,medium,,,,source_preserved,,OLE
SAFETY_FORMULA_3_2_034,true,,word/embeddings/oleObject309.bin,medium,,,,source_preserved,,OLE
SAFETY_FORMULA_3_2_035,true,,word/embeddings/oleObject310.bin,medium,,,,source_preserved,,OLE
SAFETY_FORMULA_3_2_036,true,,word/embeddings/oleObject311.bin,medium,,,,source_preserved,,OLE
SAFETY_FORMULA_3_2_037,true,,word/embeddings/oleObject312.bin,medium,,,,source_preserved,3.14,OLE
SAFETY_FORMULA_3_2_038,true,,word/embeddings/oleObject313.bin,medium,,,,source_preserved,,OLE
SAFETY_FORMULA_3_2_039,true,,word/embeddings/oleObject314.bin,medium,,,,source_preserved,,OLE
SAFETY_FORMULA_3_2_040,true,,word/embeddings/oleObject315.bin,medium,,,,source_preserved,,OLE
SAFETY_FORMULA_3_2_041,true,,word/embeddings/oleObject316.bin,medium,,,,source_preserved,,OLE
SAFETY_FORMULA_3_2_042,true,,word/embeddings/oleObject317.bin,medium,,,,source_preserved,,OLE
SAFETY_FORMULA_3_2_043,true,,word/embeddings/oleObject318.bin,medium,,,,source_preserved,,OLE
SAFETY_FORMULA_3_2_044,true,,word/embeddings/oleObject319.bin,medium,,,,source_preserved,,OLE
SAFETY_FORMULA_3_2_045,true,,word/embeddings/oleObject320.bin,medium,,,,source_preserved,,OLE
SAFETY_FORMULA_3_2_046,true,,word/embeddings/oleObject321.bin,medium,,,,source_preserved,,OLE
SAFETY_FORMULA_3_2_047,true,,word/embeddings/oleObject322.bin,medium,,,,source_preserved,3.15,OLE
SAFETY_FORMULA_3_2_048,true,,word/embeddings/oleObject323.bin,medium,,,,source_preserved,,OLE
SAFETY_FORMULA_3_2_049,true,,word/embeddings/oleObject324.bin,medium,,,,source_preserved,,OLE
SAFETY_FORMULA_3_2_050,true,,word/embeddings/oleObject325.bin,medium,,,,source_preserved,,OLE
SAFETY_FORMULA_3_2_051,true,,word/embeddings/oleObject326.bin,medium,,,,source_preserved,,OLE
SAFETY_FORMULA_3_2_052,true,,word/embeddings/oleObject327.bin,medium,,,,source_preserved,,OLE
SAFETY_FORMULA_3_2_053,true,,word/embeddings/oleObject328.bin,medium,,,,source_preserved,,OLE
SAFETY_FORMULA_3_2_054,true,,word/embeddings/oleObject329.bin,medium,,,,source_preserved,,OLE
SAFETY_FORMULA_3_2_055,true,,word/embeddings/oleObject330.bin,medium,,,,source_preserved,,OLE
SAFETY_FORMULA_3_3_001,true,自然破片低速侵彻,word/embeddings/oleObject331.bin,medium,,,,source_preserved,,OLE
SAFETY_FORMULA_3_3_002,true,自然破片低速侵彻,word/embeddings/oleObject332.bin,medium,,,,source_preserved,,OLE
SAFETY_FORMULA_3_3_003,true,自然破片低速侵彻,word/embeddings/oleObject333.bin,medium,,,,source_preserved,,OLE
SAFETY_FORMULA_3_3_004,true,自然破片低速侵彻,word/embeddings/oleObject334.bin,medium,,,,source_preserved,,OLE
SAFETY_FORMULA_3_3_005,true,自然破片低速侵彻,word/embeddings/oleObject335.bin,medium,,,,source_preserved,3.16,OLE
SAFETY_FORMULA_3_3_006,true,自然破片低速侵彻,word/embeddings/oleObject336.bin,medium,,,,source_preserved,,OLE
SAFETY_FORMULA_3_3_007,true,自然破片低速侵彻,word/embeddings/oleObject337.bin,medium,,,,source_preserved,,OLE
SAFETY_FORMULA_3_3_008,true,自然破片低速侵彻,word/embeddings/oleObject338.bin,medium,,,,source_preserved,,OLE
SAFETY_FORMULA_3_3_009,true,自然破片低速侵彻,word/embeddings/oleObject339.bin,medium,,,,source_preserved,,OLE
SAFETY_FORMULA_3_3_010,true,自然破片低速侵彻,word/embeddings/oleObject340.bin,medium,,,,source_preserved,,OLE
SAFETY_FORMULA_3_3_011,true,自然破片低速侵彻,word/embeddings/oleObject341.bin,medium,,,,source_preserved,,OLE
SAFETY_FORMULA_3_3_012,true,自然破片低速侵彻,word/embeddings/oleObject342.bin,medium,,,,source_preserved,,OLE
SAFETY_FORMULA_3_3_013,true,自然破片低速侵彻,word/embeddings/oleObject343.bin,medium,,,,source_preserved,,OLE
SAFETY_FORMULA_3_3_014,true,自然破片低速侵彻,word/embeddings/oleObject344.bin,medium,,,,source_preserved,,OLE
SAFETY_FORMULA_3_3_015,true,自然破片低速侵彻,word/embeddings/oleObject345.bin,medium,,,,source_preserved,,OLE
SAFETY_FORMULA_3_3_016,true,自然破片低速侵彻,word/embeddings/oleObject346.bin,medium,,,,source_preserved,,OLE
SAFETY_FORMULA_3_3_017,true,自然破片低速侵彻,word/embeddings/oleObject347.bin,medium,,,,source_preserved,3.17,OLE
SAFETY_FORMULA_3_3_018,true,自然破片低速侵彻,word/embeddings/oleObject348.bin,medium,,,,source_preserved,3.18,OLE
SAFETY_FORMULA_3_3_019,true,自然破片低速侵彻,word/embeddings/oleObject349.bin,medium,,,,source_preserved,,OLE
SAFETY_FORMULA_3_3_020,true,自然破片低速侵彻,word/embeddings/oleObject350.bin,medium,,,,source_preserved,,OLE
SAFETY_FORMULA_3_3_021,true,自然破片低速侵彻,word/embeddings/oleObject351.bin,medium,,,,source_preserved,,OLE
SAFETY_FORMULA_3_3_022,true,自然破片低速侵彻,word/embeddings/oleObject352.bin,medium,,,,source_preserved,,OLE
SAFETY_FORMULA_3_3_023,true,自然破片低速侵彻,word/embeddings/oleObject353.bin,medium,,,,source_preserved,3.19,OLE
SAFETY_FORMULA_3_3_024,true,自然破片低速侵彻,word/embeddings/oleObject354.bin,medium,,,,source_preserved,,OLE
SAFETY_FORMULA_3_3_025,true,自然破片低速侵彻,,high,,,m,structured,,OMML
SAFETY_FORMULA_3_3_026,true,自然破片低速侵彻,word/embeddings/oleObject355.bin,medium,,,,source_preserved,,OLE
SAFETY_FORMULA_3_3_027,true,自然破片低速侵彻,word/embeddings/oleObject356.bin,medium,,,,source_preserved,,OLE
SAFETY_FORMULA_3_3_028,true,自然破片低速侵彻,word/embeddings/oleObject357.bin,medium,,,,source_preserved,,OLE
SAFETY_FORMULA_3_3_029,true,自然破片低速侵彻,word/embeddings/oleObject358.bin,medium,,,,source_preserved,,OLE
SAFETY_FORMULA_3_5_001,true,,word/embeddings/oleObject359.bin,medium,,,,source_preserved,3.20,OLE
SAFETY_FORMULA_3_5_002,true,,word/embeddings/oleObject360.bin,medium,,,,source_preserved,3.21,OLE
SAFETY_FORMULA_3_5_003,true,,word/embeddings/oleObject361.bin,medium,,,,source_preserved,,OLE
SAFETY_FORMULA_3_5_004,true,,word/embeddings/oleObject362.bin,medium,,,,source_preserved,3.22,OLE
SAFETY_FORMULA_3_5_005,true,,word/embeddings/oleObject363.bin,medium,,,,source_preserved,3.23,OLE
SAFETY_FORMULA_3_5_006,true,,word/embeddings/oleObject364.bin,medium,,,,source_preserved,,OLE
SAFETY_FORMULA_3_5_007,true,,word/embeddings/oleObject365.bin,medium,,,,source_preserved,3.24,OLE
SAFETY_FORMULA_3_5_008,true,,word/embeddings/oleObject366.bin,medium,,,,source_preserved,3.25,OLE
SAFETY_FORMULA_3_5_009,true,,word/embeddings/oleObject367.bin,medium,,,,source_preserved,3.26,OLE
SAFETY_FORMULA_3_5_010,true,,word/embeddings/oleObject368.bin,medium,,,,source_preserved,3.27,OLE
SAFETY_FORMULA_3_5_011,true,,word/embeddings/oleObject369.bin,medium,,,,source_preserved,3.27,OLE
SAFETY_FORMULA_3_5_012,true,,word/embeddings/oleObject370.bin,medium,,,,source_preserved,3.28,OLE
SAFETY_FORMULA_3_5_013,true,,word/embeddings/oleObject371.bin,medium,,,,source_preserved,3.29,OLE
SAFETY_FORMULA_3_5_014,true,,word/embeddings/oleObject372.bin,medium,,,,source_preserved,3.30,OLE
SAFETY_FORMULA_3_5_015,true,,word/embeddings/oleObject373.bin,medium,,,,source_preserved,3.31,OLE
SAFETY_FORMULA_3_5_016,true,,word/embeddings/oleObject374.bin,medium,,,,source_preserved,,OLE
SAFETY_FORMULA_3_5_017,true,,word/embeddings/oleObject375.bin,medium,,,,source_preserved,,OLE
SAFETY_FORMULA_3_5_018,true,,word/embeddings/oleObject376.bin,medium,,,,source_preserved,3.32,OLE
SAFETY_FORMULA_3_5_019,true,,word/embeddings/oleObject377.bin,medium,,,,source_preserved,3.33,OLE
SAFETY_FORMULA_3_5_020,true,,word/embeddings/oleObject378.bin,medium,,,,source_preserved,3.34,OLE
SAFETY_FORMULA_3_5_021,true,,word/embeddings/oleObject379.bin,medium,,,,source_preserved,,OLE
SAFETY_FORMULA_3_5_022,true,,word/embeddings/oleObject380.bin,medium,,,,source_preserved,,OLE
SAFETY_FORMULA_3_6_001,true,钨合金弹丸超高速撞击混凝土靶,word/embeddings/oleObject381.bin,medium,,,,source_preserved,3.35,OLE
SAFETY_FORMULA_3_6_002,true,钨合金弹丸超高速撞击混凝土靶,word/embeddings/oleObject382.bin,medium,,,,source_preserved,3.36,OLE
SAFETY_FORMULA_3_7_001,true,活性弹丸侵彻铝靶,word/embeddings/oleObject383.bin,medium,,,,source_preserved,,OLE
SAFETY_FORMULA_3_7_002,true,活性弹丸侵彻铝靶,word/embeddings/oleObject384.bin,medium,,,,source_preserved,,OLE
SAFETY_FORMULA_3_7_003,true,活性弹丸侵彻铝靶,word/embeddings/oleObject385.bin,medium,,,,source_preserved,,OLE
SAFETY_FORMULA_3_7_004,true,活性弹丸侵彻铝靶,word/embeddings/oleObject386.bin,medium,,,,source_preserved,,OLE
SAFETY_FORMULA_3_7_005,true,活性弹丸侵彻铝靶,word/embeddings/oleObject387.bin,medium,,,,source_preserved,3.37,OLE
SAFETY_FORMULA_3_7_006,true,活性弹丸侵彻铝靶,word/embeddings/oleObject388.bin,medium,,,,source_preserved,,OLE
SAFETY_FORMULA_3_7_007,true,活性弹丸侵彻铝靶,word/embeddings/oleObject389.bin,medium,,,,source_preserved,,OLE
SAFETY_FORMULA_3_7_008,true,活性弹丸侵彻铝靶,word/embeddings/oleObject390.bin,medium,,,,source_preserved,,OLE
SAFETY_FORMULA_3_7_009,true,活性弹丸侵彻铝靶,word/embeddings/oleObject391.bin,medium,,,,source_preserved,,OLE
SAFETY_FORMULA_3_7_010,true,活性弹丸侵彻铝靶,word/embeddings/oleObject392.bin,medium,,,,source_preserved,,OLE
SAFETY_FORMULA_3_7_011,true,活性弹丸侵彻铝靶,word/embeddings/oleObject393.bin,medium,,,,source_preserved,,OLE
SAFETY_FORMULA_3_7_012,true,活性弹丸侵彻铝靶,word/embeddings/oleObject394.bin,medium,,,,source_preserved,,OLE
SAFETY_FORMULA_3_7_013,true,活性弹丸侵彻铝靶,word/embeddings/oleObject395.bin,medium,,,,source_preserved,,OLE
SAFETY_FORMULA_3_7_014,true,活性弹丸侵彻铝靶,word/embeddings/oleObject396.bin,medium,,,,source_preserved,3.38,OLE
SAFETY_FORMULA_3_7_015,true,活性弹丸侵彻铝靶,word/embeddings/oleObject397.bin,medium,,,,source_preserved,3.39,OLE
SAFETY_FORMULA_3_7_016,true,活性弹丸侵彻铝靶,word/embeddings/oleObject398.bin,medium,,,,source_preserved,,OLE
SAFETY_FORMULA_3_7_017,true,活性弹丸侵彻铝靶,word/embeddings/oleObject399.bin,medium,,,,source_preserved,,OLE
SAFETY_FORMULA_3_7_018,true,活性弹丸侵彻铝靶,word/embeddings/oleObject400.bin,medium,,,,source_preserved,,OLE
SAFETY_FORMULA_3_7_019,true,活性弹丸侵彻铝靶,word/embeddings/oleObject401.bin,medium,,,,source_preserved,3.40,OLE
SAFETY_FORMULA_3_8_001,true,活性弹丸对薄铝靶侵彻增强,word/embeddings/oleObject402.bin,medium,,,,source_preserved,,OLE
SAFETY_FORMULA_3_8_002,true,活性弹丸对薄铝靶侵彻增强,word/embeddings/oleObject403.bin,medium,,,,source_preserved,3.41,OLE
SAFETY_FORMULA_3_8_003,true,活性弹丸对薄铝靶侵彻增强,word/embeddings/oleObject404.bin,medium,,,,source_preserved,,OLE
SAFETY_FORMULA_3_8_004,true,活性弹丸对薄铝靶侵彻增强,word/embeddings/oleObject405.bin,medium,,,,source_preserved,,OLE
SAFETY_FORMULA_3_8_005,true,活性弹丸对薄铝靶侵彻增强,word/embeddings/oleObject406.bin,medium,,,,source_preserved,,OLE
SAFETY_FORMULA_3_8_006,true,活性弹丸对薄铝靶侵彻增强,word/embeddings/oleObject407.bin,medium,,,,source_preserved,,OLE
SAFETY_FORMULA_3_8_007,true,活性弹丸对薄铝靶侵彻增强,word/embeddings/oleObject408.bin,medium,,,,source_preserved,,OLE
SAFETY_FORMULA_3_8_008,true,活性弹丸对薄铝靶侵彻增强,word/embeddings/oleObject409.bin,medium,,,,source_preserved,,OLE
SAFETY_FORMULA_3_8_009,true,活性弹丸对薄铝靶侵彻增强,word/embeddings/oleObject410.bin,medium,,,,source_preserved,3.42,OLE
SAFETY_FORMULA_3_9_001,true,活性弹丸对厚铝靶侵彻增强,word/embeddings/oleObject411.bin,medium,,,,source_preserved,,OLE
SAFETY_FORMULA_3_9_002,true,活性弹丸对厚铝靶侵彻增强,word/embeddings/oleObject412.bin,medium,,,,source_preserved,,OLE
SAFETY_FORMULA_3_9_003,true,活性弹丸对厚铝靶侵彻增强,word/embeddings/oleObject413.bin,medium,,,,source_preserved,,OLE
SAFETY_FORMULA_3_9_004,true,活性弹丸对厚铝靶侵彻增强,word/embeddings/oleObject414.bin,medium,,,,source_preserved,,OLE
SAFETY_FORMULA_3_9_005,true,活性弹丸对厚铝靶侵彻增强,word/embeddings/oleObject415.bin,medium,,,,source_preserved,,OLE
SAFETY_FORMULA_3_9_006,true,活性弹丸对厚铝靶侵彻增强,word/embeddings/oleObject416.bin,medium,,,,source_preserved,,OLE
SAFETY_FORMULA_3_9_007,true,活性弹丸对厚铝靶侵彻增强,word/embeddings/oleObject417.bin,medium,,,,source_preserved,3.43,OLE
SAFETY_FORMULA_3_9_008,true,活性弹丸对厚铝靶侵彻增强,word/embeddings/oleObject418.bin,medium,,,,source_preserved,,OLE
SAFETY_FORMULA_3_9_009,true,活性弹丸对厚铝靶侵彻增强,word/embeddings/oleObject419.bin,medium,,,,source_preserved,,OLE
SAFETY_FORMULA_3_9_010,true,活性弹丸对厚铝靶侵彻增强,word/embeddings/oleObject420.bin,medium,,,,source_preserved,,OLE
SAFETY_FORMULA_3_9_011,true,活性弹丸对厚铝靶侵彻增强,word/embeddings/oleObject421.bin,medium,,,,source_preserved,,OLE
SAFETY_FORMULA_3_9_012,true,活性弹丸对厚铝靶侵彻增强,word/embeddings/oleObject422.bin,medium,,,,source_preserved,,OLE
SAFETY_FORMULA_3_9_013,true,活性弹丸对厚铝靶侵彻增强,word/embeddings/oleObject423.bin,medium,,,,source_preserved,,OLE
SDF_FORMULA_2_1_1_1_001,true,火工药剂,,high,,,W=m2−m1−m3m0×100%,structured,,OMML
SDF_FORMULA_2_3_1_11_001,true,工业过滤，火工药剂,,high,,,1q1=dθdV=2K(v+vm),structured,,OMML
SDF_FORMULA_2_3_1_12_001,true,工业过滤，火工药剂,,high,,,1q1=dθdV=2K(v+vm),structured,,OMML
SDF_FORMULA_2_3_1_13_001,true,工业过滤，火工药剂,,high,,,K=2p(1−ms)μασvρs,structured,,OMML
SDF_FORMULA_2_3_1_13_002,true,工业过滤，火工药剂,,high,,,ασv,structured,,OMML
SDF_FORMULA_2_3_1_15_001,true,烟火药，火工药剂,,high,,,dt=−G'UCSX1−XC,structured,,OMML
SDF_FORMULA_2_3_1_15_002,true,烟火药，火工药剂,,high,,,dt=−G'dXUCS,structured,,OMML
SDF_FORMULA_2_3_3_3_001,true,火工药剂,,high,,,纯度=m目标组分m样品总量×100%,structured,,OMML
SDF_FORMULA_2_3_3_3_002,true,火工药剂,,high,,,m目标组分,structured,,OMML
SDF_FORMULA_2_3_3_3_003,true,火工药剂,,high,,,m样品总量,structured,,OMML
SDF_FORMULA_2_3_5_1_001,true,炸药,,high,,,2C6H(NO2)3O2Pb·H2O→9CO+3CO2+2Pb+3N2,structured,,OMML
SDF_FORMULA_3_1_1_1_001,true,化工，石油化工，火炸药,,high,,,C=NFdc,structured,,OMML
SDF_FORMULA_3_1_1_2_001,true,化工，多相物料,,high,,,C4∗,structured,,OMML
SDF_FORMULA_3_1_2_1_001,true,化工,,high,,,ΔHf=ΔHf(生成物)−ΔHf(反应物),structured,,OMML
SDF_FORMULA_3_1_2_1_002,true,化工,,high,,,A=ΦKΔtm,structured,,OMML
SDF_FORMULA_3_1_2_1_003,true,化工,,high,,,Φ,structured,,OMML
SDF_FORMULA_3_1_2_1_004,true,化工,,high,,,K,structured,,OMML
SDF_FORMULA_3_1_2_1_005,true,化工,,high,,,Δtm,structured,,OMML
SDF_FORMULA_3_1_2_1_006,true,化工,,high,,,K,structured,,OMML
SDF_FORMULA_3_1_2_1_007,true,化工,,high,,,A,structured,,OMML
SDF_FORMULA_3_1_2_1_008,true,化工,,high,,,qG=VQcnAe−E/RT,structured,,OMML
SDF_FORMULA_3_1_2_1_009,true,化工,,high,,,qG,structured,,OMML
SDF_FORMULA_3_1_2_1_010,true,化工,,high,,,qL=χS(T−Ta),structured,,OMML
SDF_FORMULA_3_1_2_1_011,true,化工,,high,,,qL,structured,,OMML
SDF_FORMULA_3_1_2_2_001,true,化工,,high,,,C=Qm·Δt,structured,,OMML
SDF_FORMULA_3_1_2_2_002,true,化工,,high,,,qG=VQcnAe−E/RT,structured,,OMML
SDF_FORMULA_3_1_2_2_003,true,化工,,high,,,qG,structured,,OMML
SDF_FORMULA_3_1_2_2_004,true,化工,,high,,,qL=χS(T−Ta),structured,,OMML
SDF_FORMULA_3_1_2_2_005,true,化工,,high,,,qL,structured,,OMML
SDF_FORMULA_3_1_2_3_001,true,化工,,high,,,Q=−λAdTdx,structured,,OMML
SDF_FORMULA_3_1_2_3_002,true,化工,,high,,,dTdx,structured,,OMML
SDF_FORMULA_3_1_2_3_003,true,化工,,high,,,q=−κgrad T,structured,,OMML
SDF_FORMULA_3_1_2_3_004,true,化工,,high,,,κ,structured,,OMML
SDF_FORMULA_3_1_2_3_005,true,化工,,high,,,grad T,structured,,OMML
SDF_FORMULA_3_1_2_3_006,true,化工,,high,,,Q=0tdtAκ|gradT|dA,structured,,OMML
SDF_FORMULA_3_3_1_2_001,true,化工，烟火药,,high,,,qV=n×πdi24×ω,structured,,OMML
SDF_FORMULA_3_3_1_2_002,true,化工，烟火药,,high,,,di,structured,,OMML
SDF_FORMULA_3_3_1_2_003,true,化工，烟火药,,high,,,n,structured,,OMML
SDF_FORMULA_3_3_1_2_004,true,化工，烟火药,,high,,,ω,structured,,OMML
SDF_FORMULA_3_3_1_3_001,true,化工,,high,,,A=QKΔtm=qm⋅cp⋅ΔTKΔtm,structured,,OMML
SDF_FORMULA_3_3_1_3_002,true,化工,,high,,,Δtm,structured,,OMML
SDF_FORMULA_3_3_1_3_003,true,化工,,high,,,K,structured,,OMML
SDF_FORMULA_3_3_1_3_004,true,化工,,high,,,qm,structured,,OMML
SDF_FORMULA_3_3_1_3_005,true,化工,,high,,,cp,structured,,OMML
SDF_FORMULA_3_3_1_3_006,true,化工,,high,,,ΔT,structured,,OMML
SDF_FORMULA_3_3_1_3_007,true,化工,,high,,,qm,structured,,OMML
SDF_FORMULA_4_1_1_1_001,true,化工，烟火药,,high,,,div(κgrad T)+q'''=∂∂t(σcvT),structured,,OMML
SDF_FORMULA_4_1_1_1_002,true,化工，烟火药,,high,,,div(κgrad T)+q'''=σcv∂T/∂t,structured,,OMML
SDF_FORMULA_4_1_1_1_003,true,化工，烟火药,,high,,,κdiv(grad T)+q'''=σcv∂T/∂t,structured,,OMML
SDF_FORMULA_4_1_1_1_004,true,化工，烟火药,,high,,,κ∇2T+q'''=σcv∂T/∂t,structured,,OMML
SDF_FORMULA_4_1_1_1_005,true,化工，烟火药,,high,,,∇2T,structured,,OMML
SDF_FORMULA_4_1_1_1_006,true,化工，烟火药,,high,,,q''',structured,,OMML
SDF_FORMULA_4_1_1_1_007,true,化工，烟火药,,high,,,σ,structured,,OMML
SDF_FORMULA_4_1_1_1_008,true,化工，烟火药,,high,,,cv,structured,,OMML
SDF_FORMULA_4_1_1_1_009,true,化工，烟火药,,high,,,κ,structured,,OMML
SDF_FORMULA_4_1_1_1_010,true,化工，烟火药,,high,,,CV = ∂U∂Tv,structured,,OMML
SDF_FORMULA_4_1_1_1_011,true,化工，烟火药,,high,,,CP = ∂H∂TP,structured,,OMML
SDF_FORMULA_4_1_1_1_012,true,化工，烟火药,word/embeddings/oleObject1.bin,medium,,,,source_preserved,,OLE
SDF_FORMULA_4_1_1_2_001,true,炸药，推进剂,,high,,,div(κgrad T)+q'''=∂∂t(σcvT),structured,,OMML
SDF_FORMULA_4_1_1_2_002,true,炸药，推进剂,,high,,,div(κgrad T)+q'''=σcv∂T/∂t,structured,,OMML
SDF_FORMULA_4_1_1_2_003,true,炸药，推进剂,,high,,,κdiv(grad T)+q'''=σcv∂T/∂t,structured,,OMML
SDF_FORMULA_4_1_1_2_004,true,炸药，推进剂,,high,,,κ∇2T+q'''=σcv∂T/∂t,structured,,OMML
SDF_FORMULA_4_1_1_2_005,true,炸药，推进剂,,high,,,∇2T,structured,,OMML
SDF_FORMULA_4_1_1_2_006,true,炸药，推进剂,,high,,,q''',structured,,OMML
SDF_FORMULA_4_1_1_2_007,true,炸药，推进剂,,high,,,σ,structured,,OMML
SDF_FORMULA_4_1_1_2_008,true,炸药，推进剂,,high,,,cv,structured,,OMML
SDF_FORMULA_4_1_1_2_009,true,炸药，推进剂,,high,,,κ,structured,,OMML
SDF_FORMULA_4_1_1_3_001,true,高聚物黏结炸药,,high,,,η=η0e−ΔE/kT,structured,,OMML
SDF_FORMULA_4_1_1_3_002,true,高聚物黏结炸药,,high,,,η,structured,,OMML
SDF_FORMULA_4_1_1_3_003,true,高聚物黏结炸药,,high,,,η0,structured,,OMML
SDF_FORMULA_4_1_1_3_004,true,高聚物黏结炸药,,high,,,ΔE,structured,,OMML
SDF_FORMULA_4_1_1_4_001,true,火工药剂,,high,,,S=m溶质m溶质+m溶剂×100%,structured,,OMML
SDF_FORMULA_4_1_1_4_002,true,火工药剂,,high,,,lnx=−aRT+c,structured,,OMML
SDF_FORMULA_4_1_1_4_003,true,火工药剂,,high,,,lnx=A+BT+ClnT,structured,,OMML
SDF_FORMULA_4_1_1_4_004,true,火工药剂,,high,,,∆H2=T∆Cp,structured,,OMML
SDF_FORMULA_4_1_1_4_005,true,火工药剂,,high,,,lnx=blnTR+c,structured,,OMML
SDF_FORMULA_4_1_1_5_001,true,小尺寸拐角装药，弯曲装药,,high,,,lnP=−ΔHvapR·1T+C,structured,,OMML
SDF_FORMULA_4_1_1_5_002,true,小尺寸拐角装药，弯曲装药,,high,,,ΔHvap,structured,,OMML
SDF_FORMULA_4_1_1_5_003,true,小尺寸拐角装药，弯曲装药,,high,,,Ps=Pr(vs)+(rs/vs)[Is−Ir(vs)],structured,,OMML
SDF_FORMULA_4_1_1_5_004,true,小尺寸拐角装药，弯曲装药,,high,,,Ts=Th(vλ)+(Is−Ih)/Cv,structured,,OMML
SDF_FORMULA_4_2_1_1_001,true,化工,,high,,,X=1−exp(−kτ)=1−exp−kVqV,structured,,OMML
SDF_FORMULA_4_2_1_1_002,true,化工,,high,,,kτ,structured,,OMML
SDF_FORMULA_4_3_1_2_001,true,化工,,high,,,1q1=dτdV=2K(v+vm),structured,,OMML
SDF_FORMULA_4_3_1_2_002,true,化工,,high,,,u=dVAdτ=∆p1rηL,structured,,OMML
SDF_FORMULA_4_3_1_3_001,true,化工,,high,,,dVdτ=kA2∆p1−sV+Ve,structured,,OMML
SDF_FORMULA_4_3_2_1_001,true,化工,,high,,,1q1=dτdV=2K(v+vm),structured,,OMML
SDF_FORMULA_4_3_2_1_002,true,化工,,high,,,u=dVAdτ=∆p1rηL,structured,,OMML
SDF_FORMULA_4_3_2_2_001,true,化工,,high,,,η=CQ⋅α100×100%=CQ⋅α×104%,structured,,OMML
SDF_FORMULA_4_3_2_2_002,true,化工,,high,,,η=100(α−θ)(β−α)α(β−θ)(100−α)×100%,structured,,OMML
SDF_FORMULA_4_3_2_2_003,true,化工,,high,,,θ,structured,,OMML
SDF_FORMULA_4_3_2_2_004,true,化工,,high,,,β,structured,,OMML
SDF_FORMULA_4_3_2_3_001,true,化工,,high,,,η=CQ⋅α100×100%=CQ⋅α×104%,structured,,OMML
SDF_FORMULA_4_3_2_3_002,true,化工,,high,,,X1=A1sin(2πf1t+φ1)X2=A2sin(2πf2t+φ2)X=X1+X2,structured,,OMML
SDF_FORMULA_4_3_2_3_003,true,化工,,high,,,φ,structured,,OMML
SDF_FORMULA_4_3_2_3_004,true,化工,,high,,,φ,structured,,OMML
SDF_FORMULA_4_3_2_3_005,true,化工,,high,,,K=4Aπ2f2sinβgcosα,structured,,OMML
SDF_FORMULA_4_3_2_3_006,true,化工,,high,,,η=100(α−θ)(β−α)α(β−θ)(100−α)×100%,structured,,OMML
SDF_FORMULA_4_3_2_3_007,true,化工,,high,,,θ,structured,,OMML
SDF_FORMULA_4_3_2_3_008,true,化工,,high,,,β,structured,,OMML
SDF_FORMULA_4_3_3_10_001,true,火工药剂,,high,,,C6H(NO2)3(OH)2+2NaOH→C6H(NO2)3(ONa)2+2H2O,structured,,OMML
SDF_FORMULA_4_3_3_10_002,true,火工药剂,,high,,,C6H(NO2)3(ONa)2+2Pb(NO3)2+2NaOH→C6H(NO2)3O2Pb·Pb(OH)2+4NaNO3,structured,,OMML
SDF_FORMULA_4_3_3_10_003,true,火工药剂,,high,,,Q=q·τ,structured,,OMML
SDF_FORMULA_4_3_3_10_004,true,火工药剂,,high,,,τ,structured,,OMML
SDF_FORMULA_4_3_3_10_005,true,火工药剂,,high,,,τ,structured,,OMML
SDF_FORMULA_4_3_3_10_006,true,火工药剂,,high,,,τ,structured,,OMML
SDF_FORMULA_4_3_3_5_001,true,炸药，推进剂,,high,,,dlnKdT=ΔH⊖RT2,structured,,OMML
SDF_FORMULA_4_3_3_5_002,true,炸药，推进剂,,high,,,Δ,structured,,OMML
SDF_FORMULA_4_3_3_5_003,true,炸药，推进剂,,high,,,Δ,structured,,OMML
SDF_FORMULA_4_3_3_5_004,true,炸药，推进剂,,high,,,k=A⋅e−EaRT,structured,,OMML
SDF_FORMULA_4_3_3_6_001,true,火工药剂,,high,,,C6H(NO2)3(ONa)2+Pb(NO3)2+H2O→C6H(NO2)3O2Pb·H2O+2NaNO3,structured,,OMML
SDF_FORMULA_4_3_3_6_002,true,火工药剂,,high,,,C6H(NO2)3O2Pb·H2O,structured,,OMML
SDF_FORMULA_4_3_3_6_003,true,火工药剂,,high,,,C6H(NO2)3O2Pb+HNO3→C6H(NO2)3(OH)2+H2O+Pb(NO3)2,structured,,OMML
SDF_FORMULA_4_3_3_9_001,true,化工,,high,,,qG=VQcnAe−E/RT,structured,,OMML
SDF_FORMULA_4_3_3_9_002,true,化工,,high,,,qG,structured,,OMML
SDF_FORMULA_4_3_3_9_003,true,化工,,high,,,qL=χS(T−Ta),structured,,OMML
SDF_FORMULA_4_3_3_9_004,true,化工,,high,,,qL,structured,,OMML
