variable_id,name,role,symbol,unit
SAFETY_VAR_SAFETY_FORMULA_2_11_001,待测装药质量,unknown,ω,kg
SAFETY_VAR_SAFETY_FORMULA_2_11_001_QTNT,TNT爆热,unknown,QTNT,取4.52×10⁶ J/kg
SAFETY_VAR_SAFETY_FORMULA_2_11_001_e,待测装药的TNT当量,unknown,ωe,kg
SAFETY_VAR_SAFETY_FORMULA_2_11_001_其中,Qv：待测装药爆热,unknown,其中,J/kg
SAFETY_VAR_SAFETY_FORMULA_2_11_004,待测装药质量,unknown,ω,kg
SAFETY_VAR_SAFETY_FORMULA_2_11_004_QTNT,TNT爆热,unknown,QTNT,取4.52×10⁶ J/kg
SAFETY_VAR_SAFETY_FORMULA_2_11_004_e,无限空气中爆炸，待测装药的TNT当量,unknown,ωe,kg
SAFETY_VAR_SAFETY_FORMULA_2_11_004_其中,Qv：待测装药爆热,unknown,其中,J/kg
SAFETY_VAR_SAFETY_FORMULA_2_11_008,待测装药质量,unknown,ω,kg
SAFETY_VAR_SAFETY_FORMULA_2_11_008_QTNT,TNT爆热,unknown,QTNT,取4.52×10⁶ J/kg
SAFETY_VAR_SAFETY_FORMULA_2_11_008_S,管道（坑道）截面积,unknown,S,m2
SAFETY_VAR_SAFETY_FORMULA_2_11_008_e,无限空气中爆炸，待测装药的TNT当量,unknown,ωe,kg
SAFETY_VAR_SAFETY_FORMULA_2_11_008_r,冲击波传播距离,unknown,r,m
SAFETY_VAR_SAFETY_FORMULA_2_11_008_其中,Qv：待测装药爆热,unknown,其中,J/kg
SAFETY_VAR_SAFETY_FORMULA_2_11_011,待测装药质量,unknown,ω,kg
SAFETY_VAR_SAFETY_FORMULA_2_11_011_QTNT,TNT爆热,unknown,QTNT,取4.52×10⁶ J/kg
SAFETY_VAR_SAFETY_FORMULA_2_11_011_e,无限空气中爆炸，待测装药的TNT当量,unknown,ωe,kg
SAFETY_VAR_SAFETY_FORMULA_2_11_011_p0,海平面空气压力,unknown,p0,Pa
SAFETY_VAR_SAFETY_FORMULA_2_11_011_p01,高空处空气压力,unknown,p01,Pa
SAFETY_VAR_SAFETY_FORMULA_2_11_011_其中,Qv：待测装药爆热,unknown,其中,J/kg
SAFETY_VAR_SAFETY_FORMULA_2_11_014,待测装药质量,unknown,ω,kg
SAFETY_VAR_SAFETY_FORMULA_2_11_014_L,圆柱形装药长度,unknown,L,m
SAFETY_VAR_SAFETY_FORMULA_2_11_014_QTNT,TNT爆热,unknown,QTNT,取4.52×10⁶ J/kg
SAFETY_VAR_SAFETY_FORMULA_2_11_014_e,无限空气中爆炸，待测装药的TNT当量,unknown,ωe,kg
SAFETY_VAR_SAFETY_FORMULA_2_11_014_r,冲击波传播距离,unknown,r,m
SAFETY_VAR_SAFETY_FORMULA_2_11_014_其中,Qv：待测装药爆热,unknown,其中,J/kg
SAFETY_VAR_SAFETY_FORMULA_2_11_018,装填系数,unknown,α,
SAFETY_VAR_SAFETY_FORMULA_2_11_018_M,壳体质量,unknown,M,kg
SAFETY_VAR_SAFETY_FORMULA_2_11_018_r0,壳体初始半径,unknown,r0,m
SAFETY_VAR_SAFETY_FORMULA_2_11_018_其中,ω：待测装药质量,unknown,其中,kg
SAFETY_VAR_SAFETY_FORMULA_2_11_021_Qv,待测装药爆热,unknown,Qv,J/kg
SAFETY_VAR_SAFETY_FORMULA_2_11_021_u0,装药运动速度,unknown,u0,m/s
SAFETY_VAR_SAFETY_FORMULA_2_11_021_其中,ω：待测装药质量,unknown,其中,kg
SAFETY_VAR_SAFETY_FORMULA_2_12_001,待测装药质量,unknown,ω,kg
SAFETY_VAR_SAFETY_FORMULA_2_12_001_HE,待测装药密度,unknown,ρHE,kg/m3
SAFETY_VAR_SAFETY_FORMULA_2_12_001_PTNT,TNT爆压,unknown,PTNT,Pa
SAFETY_VAR_SAFETY_FORMULA_2_12_001_TNT,TNT密度,unknown,ρTNT,kg/m3
SAFETY_VAR_SAFETY_FORMULA_2_12_001_其中,PHE：待测装药爆压,unknown,其中,Pa
SAFETY_VAR_SAFETY_FORMULA_2_13_001_逻辑关联形式,函数关联,unknown,逻辑关联形式,
SAFETY_VAR_SAFETY_FORMULA_2_13_004_D,装药爆速,unknown,D,mm/μs
SAFETY_VAR_SAFETY_FORMULA_2_13_004_E,格尼能,unknown,E,MJ/kg
SAFETY_VAR_SAFETY_FORMULA_2_13_008_D,装药爆速,unknown,D,m/ s
SAFETY_VAR_SAFETY_FORMULA_2_13_008_E,格尼能,unknown,E,MJ/kg
SAFETY_VAR_SAFETY_FORMULA_2_14_001_逻辑关联形式,函数关联,unknown,逻辑关联形式,
SAFETY_VAR_SAFETY_FORMULA_2_14_008,炸药组成及能量贮备的示性值,unknown,φ,
SAFETY_VAR_SAFETY_FORMULA_2_14_008_M,1 mol爆轰气体产物的平均摩尔量,unknown,M,g/mol
SAFETY_VAR_SAFETY_FORMULA_2_14_008_N,每克炸药所产生的爆炸气体产物的摩尔数,unknown,N,mol/g
SAFETY_VAR_SAFETY_FORMULA_2_14_008_Q,炸药爆热,unknown,Q,MJ/kg
SAFETY_VAR_SAFETY_FORMULA_2_14_009_Eg,格尼能,unknown,Eg,MJ/kg
SAFETY_VAR_SAFETY_FORMULA_2_15_001_逻辑关联形式,函数关联,unknown,逻辑关联形式,
SAFETY_VAR_SAFETY_FORMULA_2_15_003_PCJ,炸药爆压,unknown,PCJ,GPa
SAFETY_VAR_SAFETY_FORMULA_2_16_001_逻辑关联形式,函数关联,unknown,逻辑关联形式,
SAFETY_VAR_SAFETY_FORMULA_2_16_005,炸药示性值,unknown,ω,无量纲
SAFETY_VAR_SAFETY_FORMULA_2_16_005_Q,炸药爆热,unknown,Q,MJ/kg
SAFETY_VAR_SAFETY_FORMULA_2_16_005_V,炸药爆压,unknown,V,GPa
SAFETY_VAR_SAFETY_FORMULA_2_17_001_逻辑关联形式,函数关联,unknown,逻辑关联形式,
SAFETY_VAR_SAFETY_FORMULA_2_17_007,绝热指数,unknown,γ,无量纲
SAFETY_VAR_SAFETY_FORMULA_2_17_007_D,炸药爆速,unknown,D,km/ s
SAFETY_VAR_SAFETY_FORMULA_2_18_001_逻辑关联形式,函数关联,unknown,逻辑关联形式,
SAFETY_VAR_SAFETY_FORMULA_2_18_003,绝热指数,unknown,γ,无量纲
SAFETY_VAR_SAFETY_FORMULA_2_18_003_PCJ,炸药爆压,unknown,PCJ,GPa
SAFETY_VAR_SAFETY_FORMULA_2_19_001_逻辑关联形式,函数关联,unknown,逻辑关联形式,
SAFETY_VAR_SAFETY_FORMULA_2_19_006_Hf,炸药生成热,unknown,∆Hf,；kcal/mol
SAFETY_VAR_SAFETY_FORMULA_2_19_006_MW,炸药分子质量,unknown,MW,g/mol
SAFETY_VAR_SAFETY_FORMULA_2_1_003_r,爆距,unknown,r,m
SAFETY_VAR_SAFETY_FORMULA_2_1_003_其中,ω：装药质量,unknown,其中,kg
SAFETY_VAR_SAFETY_FORMULA_2_1_005,装药质量,unknown,ω,kg
SAFETY_VAR_SAFETY_FORMULA_2_1_005_r,爆距,unknown,r,m
SAFETY_VAR_SAFETY_FORMULA_2_1_013,装药质量,unknown,ω,kg
SAFETY_VAR_SAFETY_FORMULA_2_1_013_r,爆距,unknown,r,m
SAFETY_VAR_SAFETY_FORMULA_2_20_001_逻辑关联形式,函数关联,unknown,逻辑关联形式,
SAFETY_VAR_SAFETY_FORMULA_2_20_003_Hc,炸药燃烧热,unknown,∆Hc,；kcal/mol
SAFETY_VAR_SAFETY_FORMULA_2_20_004,调节因子,unknown,ɸ、ζ,无量纲
SAFETY_VAR_SAFETY_FORMULA_2_21_1_006,装填比,unknown,β,无量纲
SAFETY_VAR_SAFETY_FORMULA_2_21_1_006_C,装药质量,unknown,C,kg
SAFETY_VAR_SAFETY_FORMULA_2_21_1_006_D,炸药爆速,unknown,D,km/s
SAFETY_VAR_SAFETY_FORMULA_2_21_1_006_M,壳体质量,unknown,M,kg
SAFETY_VAR_SAFETY_FORMULA_2_21_1_006_v0,破片初速,unknown,v0,km/s
SAFETY_VAR_SAFETY_FORMULA_2_21_1_011,装填比,unknown,β,无量纲
SAFETY_VAR_SAFETY_FORMULA_2_21_1_011_f,壳体内半径,unknown,εf,m
SAFETY_VAR_SAFETY_FORMULA_2_21_1_011_rf,壳体破碎瞬间的芯体半径,unknown,rf,m
SAFETY_VAR_SAFETY_FORMULA_2_21_1_011_v0,破片初速,unknown,v0,km/s
SAFETY_VAR_SAFETY_FORMULA_2_21_1_016,装填比,unknown,β,无量纲
SAFETY_VAR_SAFETY_FORMULA_2_21_1_016_A,系数，一般取1.25,unknown,A,无量纲
SAFETY_VAR_SAFETY_FORMULA_2_21_1_016_v0,破片初速,unknown,v0,km/s
SAFETY_VAR_SAFETY_FORMULA_2_21_1_022,装填比,unknown,β,无量纲
SAFETY_VAR_SAFETY_FORMULA_2_21_1_022_F_x,装填比修正系数,unknown,F(x),无量纲
SAFETY_VAR_SAFETY_FORMULA_2_21_1_022_R,装药半径,unknown,R,m
SAFETY_VAR_SAFETY_FORMULA_2_21_1_022_r,壳体破碎时的半径,unknown,r,m
SAFETY_VAR_SAFETY_FORMULA_2_21_1_022_r0,壳体的初始半径,unknown,r0,m
SAFETY_VAR_SAFETY_FORMULA_2_21_1_022_v0,破片初速,unknown,v0,km/s
SAFETY_VAR_SAFETY_FORMULA_2_21_1_022_vd,炸药的爆速,unknown,vd,km/s
SAFETY_VAR_SAFETY_FORMULA_2_21_2_002,装填比,unknown,β,无量纲
SAFETY_VAR_SAFETY_FORMULA_2_21_2_002_v0,破片初速,unknown,v0,km/s
SAFETY_VAR_SAFETY_FORMULA_2_21_3_002,装填比,unknown,β,无量纲
SAFETY_VAR_SAFETY_FORMULA_2_21_3_002_v0,破片初速,unknown,v0,km/s
SAFETY_VAR_SAFETY_FORMULA_2_22_002_L,装药长度,unknown,L,mm
SAFETY_VAR_SAFETY_FORMULA_2_22_002_VGurney,格尼速度,unknown,VGurney,km/s
SAFETY_VAR_SAFETY_FORMULA_2_22_002_Vx,位置x处的破片初速,unknown,Vx,km/s
SAFETY_VAR_SAFETY_FORMULA_2_22_002_d,装药直径,unknown,d,mm
SAFETY_VAR_SAFETY_FORMULA_2_22_004,装填比,unknown,β,无量纲
SAFETY_VAR_SAFETY_FORMULA_2_22_004_d,装药直径,unknown,d,m
SAFETY_VAR_SAFETY_FORMULA_2_22_004_k1_k2,端盖厚度无量纲参数,unknown,k1、k2,
SAFETY_VAR_SAFETY_FORMULA_2_22_004_v0x,位置x处的破片初速,unknown,v0x,km/s
SAFETY_VAR_SAFETY_FORMULA_2_22_006_B_D,经验系数,unknown,B、D,无量纲
SAFETY_VAR_SAFETY_FORMULA_2_22_006_L,装药长度,unknown,L,m
SAFETY_VAR_SAFETY_FORMULA_2_22_006_VGurney,格尼速度,unknown,VGurney,km/s
SAFETY_VAR_SAFETY_FORMULA_2_22_006_Vx,位置x处的破片初速,unknown,Vx,km/s
SAFETY_VAR_SAFETY_FORMULA_2_22_006_c,壳体厚度,unknown,δc,mm
SAFETY_VAR_SAFETY_FORMULA_2_22_006_d,装药直径,unknown,d,mm
SAFETY_VAR_SAFETY_FORMULA_2_22_006_e,端盖厚度,unknown,δe,mm
SAFETY_VAR_SAFETY_FORMULA_2_23_001_逻辑关联形式,函数关联,unknown,逻辑关联形式,
SAFETY_VAR_SAFETY_FORMULA_2_23_006,弹体破碎特性参数，取决于弹体结构，材料及炸药性质,unknown,μ,kg1/2
SAFETY_VAR_SAFETY_FORMULA_2_23_006_B,Mott常数，与炸药类型和壳体材料有关,unknown,B,kg1/2/m7/6
SAFETY_VAR_SAFETY_FORMULA_2_23_006_M,壳体圆柱部分总质量,unknown,M,kg
SAFETY_VAR_SAFETY_FORMULA_2_23_006_di,壳体内径,unknown,di,m
SAFETY_VAR_SAFETY_FORMULA_2_23_006_t0,弹丸壳体厚度,unknown,t0,m
SAFETY_VAR_SAFETY_FORMULA_2_23_008_M0,弹体质量,unknown,M0,kg
SAFETY_VAR_SAFETY_FORMULA_2_23_009,壳体厚度,unknown,δ,mm
SAFETY_VAR_SAFETY_FORMULA_2_23_009_B,常数,unknown,B,约为10-2
SAFETY_VAR_SAFETY_FORMULA_2_23_009_d,装药直径,unknown,d,mm
SAFETY_VAR_SAFETY_FORMULA_2_23_009_n,累积破片数量,unknown,n,
SAFETY_VAR_SAFETY_FORMULA_2_24_003,装填系数,unknown,α,无量纲
SAFETY_VAR_SAFETY_FORMULA_2_24_003_G0,战斗部壳体重量,unknown,G0,kg
SAFETY_VAR_SAFETY_FORMULA_2_24_003_N,破片数量,unknown,N,
SAFETY_VAR_SAFETY_FORMULA_2_24_003_W,装药量；kg,unknown,W,
SAFETY_VAR_SAFETY_FORMULA_2_24_004_G0,战斗部壳体重量,unknown,G0,kg
SAFETY_VAR_SAFETY_FORMULA_2_24_004_N,破片数量,unknown,N,
SAFETY_VAR_SAFETY_FORMULA_2_24_004_W,装药量；kg,unknown,W,
SAFETY_VAR_SAFETY_FORMULA_2_24_005,战斗部壳体厚度,unknown,δ,mm
SAFETY_VAR_SAFETY_FORMULA_2_24_005_N,破片数量,unknown,N,
SAFETY_VAR_SAFETY_FORMULA_2_24_005_l,战斗部壳体长度,unknown,l,mm
SAFETY_VAR_SAFETY_FORMULA_2_24_005_r,战斗部壳体内径,unknown,r,mm
SAFETY_VAR_SAFETY_FORMULA_2_25_002,药型罩顶角的一半,unknown,α,
SAFETY_VAR_SAFETY_FORMULA_2_25_002_V0,压合速度,unknown,V0,
SAFETY_VAR_SAFETY_FORMULA_2_25_002_Vj,射流速度,unknown,Vj,m/s
SAFETY_VAR_SAFETY_FORMULA_2_25_002_Vs,杵速度,unknown,Vs,m/s
SAFETY_VAR_SAFETY_FORMULA_2_25_004,药型罩顶角的一半,unknown,α,
SAFETY_VAR_SAFETY_FORMULA_2_25_004_UD,爆速,unknown,UD,m/s
SAFETY_VAR_SAFETY_FORMULA_2_25_004_Vj,射流速度,unknown,Vj,m/s
SAFETY_VAR_SAFETY_FORMULA_2_25_004_Vs,杵速度,unknown,Vs,m/s
SAFETY_VAR_SAFETY_FORMULA_2_25_007,药型罩顶角的一半,unknown,α,
SAFETY_VAR_SAFETY_FORMULA_2_25_007_U,爆速,unknown,U,m/s
SAFETY_VAR_SAFETY_FORMULA_2_25_007_UD,爆速,unknown,UD,m/s
SAFETY_VAR_SAFETY_FORMULA_2_25_007_Vj,射流速度,unknown,Vj,m/s
SAFETY_VAR_SAFETY_FORMULA_2_25_007_Vs,杵速度,unknown,Vs,m/s
SAFETY_VAR_SAFETY_FORMULA_2_26_002,压合角,unknown,β,
SAFETY_VAR_SAFETY_FORMULA_2_26_002_m,单位长度药型罩质量,unknown,m,kg
SAFETY_VAR_SAFETY_FORMULA_2_26_002_mj,射流质量,unknown,mj,kg
SAFETY_VAR_SAFETY_FORMULA_2_26_002_ms,杵部分质量,unknown,ms,kg
SAFETY_VAR_SAFETY_FORMULA_2_26_005,压合角,unknown,β,
SAFETY_VAR_SAFETY_FORMULA_2_26_005_m,单位长度药型罩质量,unknown,m,kg
SAFETY_VAR_SAFETY_FORMULA_2_26_005_mj,射流质量,unknown,mj,kg
SAFETY_VAR_SAFETY_FORMULA_2_26_005_ms,杵部分质量,unknown,ms,kg
SAFETY_VAR_SAFETY_FORMULA_2_27_002,药型罩角度α,unknown,α,g/cm3
SAFETY_VAR_SAFETY_FORMULA_2_27_002_A,药型罩微元面积,unknown,A,cm2
SAFETY_VAR_SAFETY_FORMULA_2_27_002_P,作用在药型罩微元上的气体产物压力,unknown,P,GPa
SAFETY_VAR_SAFETY_FORMULA_2_27_002_Vr,径向速度分量,unknown,Vr,m/s
SAFETY_VAR_SAFETY_FORMULA_2_27_002_Vx,轴向速度分量,unknown,Vx,m/s
SAFETY_VAR_SAFETY_FORMULA_2_27_002_h,药型罩厚度,unknown,h,cm
SAFETY_VAR_SAFETY_FORMULA_2_3_004_Vc,出流时爆炸产物比容,unknown,Vc,
SAFETY_VAR_SAFETY_FORMULA_2_3_004_d0,装药直径,unknown,d0,m
SAFETY_VAR_SAFETY_FORMULA_2_3_004_r,爆距,unknown,r,m
SAFETY_VAR_SAFETY_FORMULA_2_3_004_rc,初始冲击波出流时距爆源中心距离,unknown,rc,m
SAFETY_VAR_SAFETY_FORMULA_2_3_004_其中,pxc：初始波阵面压力,unknown,其中,Pa
SAFETY_VAR_SAFETY_FORMULA_2_4_006,壳体厚度,unknown,δ,m：
SAFETY_VAR_SAFETY_FORMULA_2_4_006_0,装药密度,unknown,ρ0,kg/m3
SAFETY_VAR_SAFETY_FORMULA_2_4_006_1,壳体密度,unknown,ρ1,kg/m3
SAFETY_VAR_SAFETY_FORMULA_2_4_006_P0,爆轰产物初始压力,unknown,P0,Pa
SAFETY_VAR_SAFETY_FORMULA_2_4_006_y,壳体材料屈服强度,unknown,σy,Pa
SAFETY_VAR_SAFETY_FORMULA_2_4_006_其中,r0：壳体半径,unknown,其中,m
SAFETY_VAR_SAFETY_FORMULA_2_5_004,装药质量,unknown,ω,kg
SAFETY_VAR_SAFETY_FORMULA_2_5_004_r,爆距,unknown,r,m
SAFETY_VAR_SAFETY_FORMULA_2_5_010_其中,η：阻抗系数,unknown,其中,
SAFETY_VAR_SAFETY_FORMULA_2_5_012,装药质量,unknown,ω,kg
SAFETY_VAR_SAFETY_FORMULA_2_5_012_r,爆距,unknown,r,m
SAFETY_VAR_SAFETY_FORMULA_2_5_020,装药质量,unknown,ω,kg
SAFETY_VAR_SAFETY_FORMULA_2_5_020_r,爆距,unknown,r,m
SAFETY_VAR_SAFETY_FORMULA_2_6_003_r,爆距,unknown,r,m
SAFETY_VAR_SAFETY_FORMULA_2_6_003_其中,ω：装药质量,unknown,其中,kg
SAFETY_VAR_SAFETY_FORMULA_2_6_005,装药质量,unknown,ω,kg
SAFETY_VAR_SAFETY_FORMULA_2_6_005_B,系数,unknown,B,一般取（1.3~1.5）×10-3
SAFETY_VAR_SAFETY_FORMULA_2_6_005_r,爆距,unknown,r,m
SAFETY_VAR_SAFETY_FORMULA_2_6_005_r0,球形装药半径,unknown,r0,m
SAFETY_VAR_SAFETY_FORMULA_2_8_003_r,爆距,unknown,r,m
SAFETY_VAR_SAFETY_FORMULA_2_8_003_其中,ω：装药质量,unknown,其中,kg
SAFETY_VAR_SAFETY_FORMULA_2_8_005,装药质量,unknown,ω,kg
SAFETY_VAR_SAFETY_FORMULA_2_8_005_C,系数,unknown,C,一般取196~245
SAFETY_VAR_SAFETY_FORMULA_2_8_005_r,爆距,unknown,r,m
SAFETY_VAR_SAFETY_FORMULA_3_10_001_Bmax,布氏硬度,unknown,Bmax,（MPa）
SAFETY_VAR_SAFETY_FORMULA_3_10_001_D,侵彻体直径,unknown,D,（m）
SAFETY_VAR_SAFETY_FORMULA_3_10_001_L,侵彻体长度,unknown,L,（m）
SAFETY_VAR_SAFETY_FORMULA_3_10_001_P,总穿深,unknown,P,（m）
SAFETY_VAR_SAFETY_FORMULA_3_10_001_j,侵彻体密度,unknown,ρj,（kg/m3）
SAFETY_VAR_SAFETY_FORMULA_3_10_001_t,靶体密度,unknown,ρt,（kg/m3）
SAFETY_VAR_SAFETY_FORMULA_3_10_003_L,侵彻体长度,unknown,L,（m）
SAFETY_VAR_SAFETY_FORMULA_3_10_003_P,总穿深,unknown,P,（m）
SAFETY_VAR_SAFETY_FORMULA_3_10_003_V,侵彻体初始冲击速度,unknown,V,（m/s）
SAFETY_VAR_SAFETY_FORMULA_3_10_003_j,侵彻体密度,unknown,ρj,（kg/m3）
SAFETY_VAR_SAFETY_FORMULA_3_10_003_p,射流的塑性变形阻抗,unknown,σp,（MPa）
SAFETY_VAR_SAFETY_FORMULA_3_10_003_t,靶体密度,unknown,ρt,（kg/m3）
SAFETY_VAR_SAFETY_FORMULA_3_10_004_Bmax,布氏硬度,unknown,Bmax,（MPa）
SAFETY_VAR_SAFETY_FORMULA_3_10_004_D,侵彻体直径,unknown,D,（m）
SAFETY_VAR_SAFETY_FORMULA_3_10_004_E1,最终侵彻体的能量,unknown,E1,
SAFETY_VAR_SAFETY_FORMULA_3_10_004_L,侵彻体长度,unknown,L,（m）
SAFETY_VAR_SAFETY_FORMULA_3_10_004_P,总穿深,unknown,P,（m）
SAFETY_VAR_SAFETY_FORMULA_3_10_004_j,侵彻体密度,unknown,ρj,（kg/m3）
SAFETY_VAR_SAFETY_FORMULA_3_10_004_t,靶体密度,unknown,ρt,（kg/m3）
SAFETY_VAR_SAFETY_FORMULA_3_10_005,EFP密实度,unknown,η,
SAFETY_VAR_SAFETY_FORMULA_3_10_005_P,总穿深,unknown,P,（m）
SAFETY_VAR_SAFETY_FORMULA_3_10_005_j,侵彻体密度,unknown,ρj,（kg/m3）
SAFETY_VAR_SAFETY_FORMULA_3_10_005_l0,侵彻体初始长度,unknown,l0,（m）
SAFETY_VAR_SAFETY_FORMULA_3_10_005_t,靶体密度,unknown,ρt,（kg/m3）
SAFETY_VAR_SAFETY_FORMULA_3_10_006_M,残余部分的质量,unknown,M,（kg）
SAFETY_VAR_SAFETY_FORMULA_3_10_006_N,弹头形状因子,unknown,N,对残余EFP可取0.72
SAFETY_VAR_SAFETY_FORMULA_3_10_006_d,侵彻体直径,unknown,d,（m）
SAFETY_VAR_SAFETY_FORMULA_3_10_006_fc,混凝土无围压时的压缩强度,unknown,fc,
SAFETY_VAR_SAFETY_FORMULA_3_11_001_L,射流长度,unknown,L,（m）
SAFETY_VAR_SAFETY_FORMULA_3_11_001_P,侵彻深度,unknown,P,（m）
SAFETY_VAR_SAFETY_FORMULA_3_11_001_j,射流流体密度,unknown,ρj,（g/cm3）
SAFETY_VAR_SAFETY_FORMULA_3_11_001_t,岩石密度,unknown,ρt,（g/cm3）
SAFETY_VAR_SAFETY_FORMULA_3_11_002_j,射流质量除以包括射流段间隙在内的射流总体积所得到的密度,unknown,ρj,（g/cm3）
SAFETY_VAR_SAFETY_FORMULA_3_11_002_t,靶板密度,unknown,ρt,（g/cm3）
SAFETY_VAR_SAFETY_FORMULA_3_11_006_S,虚拟源到靶体表面的距离（m）,unknown,S,
SAFETY_VAR_SAFETY_FORMULA_3_11_006_Vj0,射流头部速度,unknown,Vj0,（m/s）
SAFETY_VAR_SAFETY_FORMULA_3_11_006_t,靶体密度,unknown,ρt,（g/cm3）
SAFETY_VAR_SAFETY_FORMULA_3_11_006_t1,射流断裂时刻,unknown,t1,（s）
SAFETY_VAR_SAFETY_FORMULA_3_11_008_Vj,当地射流速度,unknown,Vj,（m/s）
SAFETY_VAR_SAFETY_FORMULA_3_11_008_j,射流密度,unknown,ρj,（g/cm3）
SAFETY_VAR_SAFETY_FORMULA_3_11_008_t,靶体密度,unknown,ρt,（g/cm3）
SAFETY_VAR_SAFETY_FORMULA_3_12_001_Vj,当地射流速度,unknown,Vj,（m/s）
SAFETY_VAR_SAFETY_FORMULA_3_12_001_j,射流密度,unknown,ρj,（g/cm3）
SAFETY_VAR_SAFETY_FORMULA_3_12_001_t,靶体密度,unknown,ρt,（g/cm3）
SAFETY_VAR_SAFETY_FORMULA_3_12_002_rj,射流微元的半径,unknown,rj,（m）
SAFETY_VAR_SAFETY_FORMULA_3_12_003_Rt,靶体阻抗,unknown,Rt,（kg*m-2*s-1）
SAFETY_VAR_SAFETY_FORMULA_3_12_003_j,射流密度,unknown,ρj,（kg/m3）
SAFETY_VAR_SAFETY_FORMULA_3_12_003_rj,射流微元的半径,unknown,rj,（m）
SAFETY_VAR_SAFETY_FORMULA_3_12_003_t,靶体密度,unknown,ρt,（kg/m3）
SAFETY_VAR_SAFETY_FORMULA_3_12_003_vj,当地射流速度,unknown,vj,（m/s）
SAFETY_VAR_SAFETY_FORMULA_3_12_004_C0,靶体材料声速,unknown,C0,
SAFETY_VAR_SAFETY_FORMULA_3_12_004_Rt,靶体阻抗,unknown,Rt,（kg*m-2*s-1）
SAFETY_VAR_SAFETY_FORMULA_3_12_004_j,射流密度,unknown,ρj,（kg/m3）
SAFETY_VAR_SAFETY_FORMULA_3_12_004_t,靶体密度,unknown,ρt,（kg/m3）
SAFETY_VAR_SAFETY_FORMULA_3_12_004_u,碰撞点（破甲）速度,unknown,u,（m/s）
SAFETY_VAR_SAFETY_FORMULA_3_12_004_vj,当地射流速度,unknown,vj,（m/s）
SAFETY_VAR_SAFETY_FORMULA_3_15_003_逻辑关联形式,函数关联,unknown,逻辑关联形式,
SAFETY_VAR_SAFETY_FORMULA_3_15_021_H,炸高,unknown,H,
SAFETY_VAR_SAFETY_FORMULA_3_16_001_H,炸高,unknown,H,（m）
SAFETY_VAR_SAFETY_FORMULA_3_16_001_L,侵彻深度,unknown,L,（m）
SAFETY_VAR_SAFETY_FORMULA_3_16_001_t0,活性材料反应弛豫时间,unknown,t0,（s）
SAFETY_VAR_SAFETY_FORMULA_3_16_001_ta,活性聚能侵彻体头部到达靶板表面时间,unknown,ta,（s）
SAFETY_VAR_SAFETY_FORMULA_3_16_001_u,碰撞点（破甲）速度,unknown,u,（m/s）
SAFETY_VAR_SAFETY_FORMULA_3_16_001_vj,射流速度,unknown,vj,（m/s）
SAFETY_VAR_SAFETY_FORMULA_3_16_001_vj0,射流头部速度,unknown,vj0,（m/s）
SAFETY_VAR_SAFETY_FORMULA_3_17_001,靶体泊松比,unknown,μ,
SAFETY_VAR_SAFETY_FORMULA_3_17_001_E,靶体杨氏模量,unknown,E,
SAFETY_VAR_SAFETY_FORMULA_3_17_001_P,活性材料爆燃反应超压,unknown,P,
SAFETY_VAR_SAFETY_FORMULA_3_17_001_c,靶体压缩强度,unknown,σc,
SAFETY_VAR_SAFETY_FORMULA_3_17_001_d,动能侵彻穿孔直径,unknown,d,
SAFETY_VAR_SAFETY_FORMULA_3_17_001_t,靶体密度,unknown,ρt,
SAFETY_VAR_SAFETY_FORMULA_3_2_001_逻辑关联形式,函数关联,unknown,逻辑关联形式,
SAFETY_VAR_SAFETY_FORMULA_3_2_002_K,装甲抗弹能力系数,unknown,K,部分材料取值如表3-2所示
SAFETY_VAR_SAFETY_FORMULA_3_2_002_b,装甲厚度,unknown,b,dm
SAFETY_VAR_SAFETY_FORMULA_3_2_002_d,弹丸直径,unknown,d,dm
SAFETY_VAR_SAFETY_FORMULA_3_2_002_m,弹丸质量,unknown,m,kg
SAFETY_VAR_SAFETY_FORMULA_3_2_003_K,装甲抗弹能力系数,unknown,K,
SAFETY_VAR_SAFETY_FORMULA_3_2_003_b,装甲厚度,unknown,b,dm
SAFETY_VAR_SAFETY_FORMULA_3_2_003_d,弹丸直径,unknown,d,dm
SAFETY_VAR_SAFETY_FORMULA_3_2_003_m,弹丸质量,unknown,m,kg
SAFETY_VAR_SAFETY_FORMULA_3_2_010,破片入射方向和目标法线之间的夹角,unknown,θ,
SAFETY_VAR_SAFETY_FORMULA_3_3_004_逻辑关联形式,函数关联,unknown,逻辑关联形式,
SAFETY_VAR_SAFETY_FORMULA_3_5_001_A,弹丸横截面积（平方英尺）,unknown,A,
SAFETY_VAR_SAFETY_FORMULA_3_5_001_H,侵彻深度（英寸）,unknown,H,
SAFETY_VAR_SAFETY_FORMULA_3_5_001_K,混凝土可侵彻性系数，无钢筋混凝土取0.00799，钢筋（垂直于介质表面）混凝土取0.00426,unknown,K,特种钢筋混凝土取0.00284
SAFETY_VAR_SAFETY_FORMULA_3_5_001_W,弹重（磅）,unknown,W,
SAFETY_VAR_SAFETY_FORMULA_3_5_001_vs,初速（英尺/秒）,unknown,vs,
SAFETY_VAR_SAFETY_FORMULA_3_5_004,侵彻着角,unknown,α,（°）
SAFETY_VAR_SAFETY_FORMULA_3_5_004_1,弹形系数,unknown,λ1,
SAFETY_VAR_SAFETY_FORMULA_3_5_004_2,弹径系数,unknown,λ2,
SAFETY_VAR_SAFETY_FORMULA_3_5_004_D,弹径,unknown,D,（m）
SAFETY_VAR_SAFETY_FORMULA_3_5_004_K,弹的偏转系数,unknown,Kα,
SAFETY_VAR_SAFETY_FORMULA_3_5_004_Kq,介质材料侵彻系数,unknown,Kq,（m2*s/kg）
SAFETY_VAR_SAFETY_FORMULA_3_5_004_hq,侵彻深度,unknown,hq,（m）
SAFETY_VAR_SAFETY_FORMULA_3_5_004_m,弹体质量,unknown,m,（kg）
SAFETY_VAR_SAFETY_FORMULA_3_5_004_n,偏转系数,unknown,n,
SAFETY_VAR_SAFETY_FORMULA_3_5_004_v,侵彻初始速度,unknown,v,（m/s）
SAFETY_VAR_SAFETY_FORMULA_3_5_005_A,取决于介质性能的静阻力系数,unknown,A,（kg·m-1·s-2）
SAFETY_VAR_SAFETY_FORMULA_3_5_005_I,弹体的形状系数,unknown,I,
SAFETY_VAR_SAFETY_FORMULA_3_5_005_R,弹体半径,unknown,R,（m）
SAFETY_VAR_SAFETY_FORMULA_3_5_005_b,取决于介质性能的动阻力系数,unknown,b,（kg·m-1·s-2）
SAFETY_VAR_SAFETY_FORMULA_3_5_005_x,弹体侵彻行程,unknown,x,（m）
SAFETY_VAR_SAFETY_FORMULA_3_5_007_D,弹体直径,unknown,D,（英寸）
SAFETY_VAR_SAFETY_FORMULA_3_5_007_H,侵彻深度,unknown,H,（英寸）
SAFETY_VAR_SAFETY_FORMULA_3_5_007_W,弹重,unknown,W,（磅）
SAFETY_VAR_SAFETY_FORMULA_3_5_007_c,抗压强度,unknown,σc,（磅/平方英寸）
SAFETY_VAR_SAFETY_FORMULA_3_5_007_vs,初速,unknown,vs,（英尺/秒）
SAFETY_VAR_SAFETY_FORMULA_3_5_015_A,弹体的截面面积,unknown,A,（m2）
SAFETY_VAR_SAFETY_FORMULA_3_5_015_H,弹体侵彻深度,unknown,H,（m）
SAFETY_VAR_SAFETY_FORMULA_3_5_015_M,弹丸质量,unknown,M,（kg）
SAFETY_VAR_SAFETY_FORMULA_3_5_015_vs,侵彻弹体初始冲击着靶速度,unknown,vs,（m/s）
SAFETY_VAR_SAFETY_FORMULA_3_5_016_CRH,弹头系数,unknown,CRH,
SAFETY_VAR_SAFETY_FORMULA_3_5_016_D,弹体直径,unknown,D,（m）
SAFETY_VAR_SAFETY_FORMULA_3_5_016_Ln,弹头长度,unknown,Ln,（m）
SAFETY_VAR_SAFETY_FORMULA_3_5_018_D,弹体直径,unknown,D,（m）
SAFETY_VAR_SAFETY_FORMULA_3_5_018_Hp,贯穿厚度,unknown,Hp,（m）
SAFETY_VAR_SAFETY_FORMULA_3_5_018_Hs,崩落厚度,unknown,Hs,（m）
SAFETY_VAR_SAFETY_FORMULA_3_5_018_W,弹重,unknown,W,（kg）
SAFETY_VAR_SAFETY_FORMULA_3_5_018_c,抗压强度,unknown,σc,（MPa）
SAFETY_VAR_SAFETY_FORMULA_3_5_018_vs,初速,unknown,vs,（m/s）
SAFETY_VAR_SAFETY_FORMULA_3_5_019_D,弹体直径,unknown,D,（m）
SAFETY_VAR_SAFETY_FORMULA_3_5_019_Hp,贯穿厚度,unknown,Hp,（m）
SAFETY_VAR_SAFETY_FORMULA_3_5_019_Hs,崩落厚度,unknown,Hs,（m）
SAFETY_VAR_SAFETY_FORMULA_3_5_019_c,抗压强度,unknown,σc,（MPa）
SAFETY_VAR_SAFETY_FORMULA_3_5_019_m,弹重,unknown,m,（kg）
SAFETY_VAR_SAFETY_FORMULA_3_5_019_vs,破片初速,unknown,vs,（m/s）
SAFETY_VAR_SAFETY_FORMULA_3_6_002_D,成坑直径,unknown,D,（mm）
SAFETY_VAR_SAFETY_FORMULA_3_6_002_Yt,靶体强度,unknown,Yt,
SAFETY_VAR_SAFETY_FORMULA_3_6_002_dp,弹体直径,unknown,dp,（mm）
SAFETY_VAR_SAFETY_FORMULA_3_6_002_k,弹体长径比,unknown,k,
SAFETY_VAR_SAFETY_FORMULA_3_6_002_p,弹体密度,unknown,ρp,
SAFETY_VAR_SAFETY_FORMULA_3_6_002_t,靶体密度,unknown,ρt,
SAFETY_VAR_SAFETY_FORMULA_3_7_004_逻辑关联形式,函数关系,unknown,逻辑关联形式,
SAFETY_VAR_SAFETY_FORMULA_3_8_001_逻辑关联形式,函数关系,unknown,逻辑关联形式,
SAFETY_VAR_SAFETY_FORMULA_3_9_006_逻辑关联形式,函数关系,unknown,逻辑关联形式,
SDF_VAR_SDF_FORMULA_2_1_1_1_001_W,试样吸湿后质量增量分数,unknown,W,%
SDF_VAR_SDF_FORMULA_2_1_1_1_001_m0,试样质量的数值,unknown,m0,g
SDF_VAR_SDF_FORMULA_2_1_1_1_001_m1,吸湿前试样及称量瓶质量的数值,unknown,m1,g
SDF_VAR_SDF_FORMULA_2_1_1_1_001_m2,吸湿后试式样及称量瓶质量的数值,unknown,m2,g
SDF_VAR_SDF_FORMULA_2_1_1_1_001_m3,吸湿后称量瓶的质量增量的数值,unknown,m3,g
SDF_VAR_SDF_FORMULA_2_3_1_11_001,过滤时间,unknown,θ,s
SDF_VAR_SDF_FORMULA_2_3_1_11_001_K,Ruth系数,unknown,K,m2·s-1
SDF_VAR_SDF_FORMULA_2_3_1_11_001_q1,过滤速度,unknown,q1,m3·s-1
SDF_VAR_SDF_FORMULA_2_3_1_11_001_v,单位面积上的滤液体积,unknown,v,m3
SDF_VAR_SDF_FORMULA_2_3_1_11_001_vm,单位面积上的假想滤液体积，相当于过滤介质阻力,unknown,vm,m3
SDF_VAR_SDF_FORMULA_2_3_1_12_001,过滤时间,unknown,θ,s
SDF_VAR_SDF_FORMULA_2_3_1_12_001_K,Ruth系数,unknown,K,m2·s-1
SDF_VAR_SDF_FORMULA_2_3_1_12_001_q1,过滤速度,unknown,q1,m3·s-1
SDF_VAR_SDF_FORMULA_2_3_1_12_001_v,单位面积上的滤液体积,unknown,v,m3
SDF_VAR_SDF_FORMULA_2_3_1_12_001_vm,单位面积上的假想滤液体积，相当于过滤介质阻力,unknown,vm,m3
SDF_VAR_SDF_FORMULA_2_3_1_13_001,滤液密度,unknown,ρ,kg·m-3
SDF_VAR_SDF_FORMULA_2_3_1_13_001_m,湿的和干的滤饼质量之比,unknown,m,
SDF_VAR_SDF_FORMULA_2_3_1_13_001_p,使用的过滤压力,unknown,p,单位为Pa
SDF_VAR_SDF_FORMULA_2_3_1_13_001_s,固相在悬浮液中的质量百分数,unknown,s,%
SDF_VAR_SDF_FORMULA_2_3_1_15_002_G_S,单位干燥面积上的绝干物料量,unknown,G’/S,
SDF_VAR_SDF_FORMULA_2_3_1_15_002_UC,干燥速率,unknown,UC,m3·s-1
SDF_VAR_SDF_FORMULA_2_3_1_15_002_X0,初始湿含量,unknown,X0,%
SDF_VAR_SDF_FORMULA_2_3_1_15_002_Xc,临界湿含量,unknown,Xc,%
SDF_VAR_SDF_FORMULA_3_1_1_1_001_NF,设计使用年限,unknown,NF,年
SDF_VAR_SDF_FORMULA_3_1_1_1_001_dc,腐蚀速率,unknown,dc,mm·a-1
SDF_VAR_SDF_FORMULA_3_1_2_1_009_A,频率因子,unknown,A,
SDF_VAR_SDF_FORMULA_3_1_2_1_009_E,反应的活化能,unknown,E,KJ·mol-1
SDF_VAR_SDF_FORMULA_3_1_2_1_009_Q,吸收或放出的热量,unknown,Q,KJ
SDF_VAR_SDF_FORMULA_3_1_2_1_009_R,气体常数,unknown,R,
SDF_VAR_SDF_FORMULA_3_1_2_1_009_V,体积,unknown,V,m3
SDF_VAR_SDF_FORMULA_3_1_2_1_009_c,浓度,unknown,c,mol·L-1
SDF_VAR_SDF_FORMULA_3_1_2_1_009_e-E_RT,指数因子,unknown,e-E/RT,
SDF_VAR_SDF_FORMULA_3_1_2_1_009_n,反应级数,unknown,n,
SDF_VAR_SDF_FORMULA_3_1_2_1_011,传热系数,unknown,χ,
SDF_VAR_SDF_FORMULA_3_1_2_1_011_S,和反应器或周围环境相接的反应物表面积,unknown,S,m2
SDF_VAR_SDF_FORMULA_3_1_2_1_011_T,反应温度,unknown,T,K
SDF_VAR_SDF_FORMULA_3_1_2_1_011_Ta,环境温度,unknown,Ta,K
SDF_VAR_SDF_FORMULA_3_1_2_2_001_C,比热容,unknown,C,J·kg-1·K-1
SDF_VAR_SDF_FORMULA_3_1_2_2_001_Q,吸收或放出的热量,unknown,Q,J
SDF_VAR_SDF_FORMULA_3_1_2_2_001_m,物质的质量,unknown,m,kg
SDF_VAR_SDF_FORMULA_3_1_2_2_001_t,温度变化量,unknown,Δt,K
SDF_VAR_SDF_FORMULA_3_1_2_2_003_A,频率因子,unknown,A,
SDF_VAR_SDF_FORMULA_3_1_2_2_003_E,反应的活化能,unknown,E,KJ·mol-1
SDF_VAR_SDF_FORMULA_3_1_2_2_003_R,气体常数,unknown,R,
SDF_VAR_SDF_FORMULA_3_1_2_2_003_V,体积,unknown,V,m3
SDF_VAR_SDF_FORMULA_3_1_2_2_003_c,浓度,unknown,c,mol·L-1
SDF_VAR_SDF_FORMULA_3_1_2_2_003_e-E_RT,指数因子,unknown,e-E/RT,
SDF_VAR_SDF_FORMULA_3_1_2_2_003_n,反应级数,unknown,n,
SDF_VAR_SDF_FORMULA_3_1_2_2_005,传热系数,unknown,χ,
SDF_VAR_SDF_FORMULA_3_1_2_2_005_S,和反应器或周围环境相接的反应物表面积,unknown,S,m2
SDF_VAR_SDF_FORMULA_3_1_2_2_005_T,反应温度,unknown,T,K
SDF_VAR_SDF_FORMULA_3_1_2_2_005_Ta,环境温度,unknown,Ta,K
SDF_VAR_SDF_FORMULA_3_1_2_3_001,导热系数,unknown,λ,W·m-1·K-1
SDF_VAR_SDF_FORMULA_3_1_2_3_001_A,传热面积,unknown,A,m²
SDF_VAR_SDF_FORMULA_3_1_2_3_001_Q,总热流量,unknown,Q,W
SDF_VAR_SDF_FORMULA_3_1_2_3_003_q,热流密度,unknown,q,W·m-2
SDF_VAR_SDF_FORMULA_3_1_2_3_006_dA,微元传热面积,unknown,dA,m2
SDF_VAR_SDF_FORMULA_3_3_1_2_001_qV,体积流量,unknown,qV,m3·s-1
SDF_VAR_SDF_FORMULA_3_3_1_3_001_A,传热面积,unknown,A,m2
SDF_VAR_SDF_FORMULA_3_3_1_3_001_Q,总热量,unknown,Q,J
SDF_VAR_SDF_FORMULA_4_1_1_1_012_a,热容温度系数,unknown,a,J∙K-1∙mol-1
SDF_VAR_SDF_FORMULA_4_1_1_1_012_b,热容温度系数,unknown,b,J∙K-2∙mol-1
SDF_VAR_SDF_FORMULA_4_1_1_1_012_c,热容温度系数,unknown,c,J∙K∙mol-1
SDF_VAR_SDF_FORMULA_4_1_1_1_012_d,热容温度系数,unknown,d,J∙K-3∙mol-1
SDF_VAR_SDF_FORMULA_4_1_1_3_004_T,反应温度,unknown,T,K
SDF_VAR_SDF_FORMULA_4_1_1_3_004_k,玻尔兹曼常数,unknown,k,
SDF_VAR_SDF_FORMULA_4_1_1_4_005_x,溶质的摩尔分数,unknown,x,%
SDF_VAR_SDF_FORMULA_4_1_1_5_001_P,蒸汽压,unknown,P,Pa
SDF_VAR_SDF_FORMULA_4_1_1_5_002_C,积分常数,unknown,C,
SDF_VAR_SDF_FORMULA_4_1_1_5_002_R,气体常数,unknown,R,
SDF_VAR_SDF_FORMULA_4_1_1_5_002_T,热力学温度,unknown,T,K
SDF_VAR_SDF_FORMULA_4_1_1_5_004_Cv,比热容,unknown,Cv,J·g-1·K-1
SDF_VAR_SDF_FORMULA_4_1_1_5_004_Ih,Hugoniot 比内能,unknown,Ih,J·g-1
SDF_VAR_SDF_FORMULA_4_1_1_5_004_Th,Hugoniot 温度,unknown,Th,K
SDF_VAR_SDF_FORMULA_4_1_1_5_004_rs,格留乃逊系数,unknown,rs,
SDF_VAR_SDF_FORMULA_4_2_1_1_001,停留时间,unknown,τ,s
SDF_VAR_SDF_FORMULA_4_2_1_1_001_V,容积,unknown,V,m3
SDF_VAR_SDF_FORMULA_4_2_1_1_001_k,反应速率常数,unknown,k,s-1
SDF_VAR_SDF_FORMULA_4_2_1_1_001_qV,体积流量,unknown,qV,m3·s-1
SDF_VAR_SDF_FORMULA_4_3_1_2_001,过滤时间,unknown,τ,s
SDF_VAR_SDF_FORMULA_4_3_1_2_001_K,Ruth系数,unknown,K,m2·s-1
SDF_VAR_SDF_FORMULA_4_3_1_2_001_q1,过滤速度,unknown,q1,m3·s-1
SDF_VAR_SDF_FORMULA_4_3_1_2_001_v,单位面积上的滤液体积,unknown,v,m3
SDF_VAR_SDF_FORMULA_4_3_1_2_001_vm,单位面积上的假想滤液体积，相当于过滤介质阻力,unknown,vm,m3
SDF_VAR_SDF_FORMULA_4_3_1_2_002,滤液黏度,unknown,η,Pa·s
SDF_VAR_SDF_FORMULA_4_3_1_2_002_A,过滤面积,unknown,A,m2
SDF_VAR_SDF_FORMULA_4_3_1_2_002_L,滤饼厚度,unknown,L,m
SDF_VAR_SDF_FORMULA_4_3_1_2_002_V,滤液体积,unknown,V,m3
SDF_VAR_SDF_FORMULA_4_3_1_2_002_p,过滤压力,unknown,Δp,Pa
SDF_VAR_SDF_FORMULA_4_3_1_2_002_r,滤饼比阻,unknown,r,m-2
SDF_VAR_SDF_FORMULA_4_3_1_2_002_u,单位时间通过单位面积的滤液体积,unknown,u,m·s-1
SDF_VAR_SDF_FORMULA_4_3_1_3_001,过滤时间,unknown,τ,s
SDF_VAR_SDF_FORMULA_4_3_1_3_001_A,过滤面积,unknown,A,m2
SDF_VAR_SDF_FORMULA_4_3_1_3_001_V,滤液体积,unknown,V,m3
SDF_VAR_SDF_FORMULA_4_3_1_3_001_Ve,介质的当量滤液量,unknown,Ve,m3
SDF_VAR_SDF_FORMULA_4_3_1_3_001_k,滤饼常数,unknown,k,m2·s-1
SDF_VAR_SDF_FORMULA_4_3_1_3_001_p,过滤压力,unknown,Δp,Pa
SDF_VAR_SDF_FORMULA_4_3_1_3_001_s,压缩指数,unknown,s,s=0-1
SDF_VAR_SDF_FORMULA_4_3_2_1_001,过滤时间,unknown,τ,s
SDF_VAR_SDF_FORMULA_4_3_2_1_001_K,Ruth系数,unknown,K,m2·s-1
SDF_VAR_SDF_FORMULA_4_3_2_1_001_q1,过滤速度,unknown,q1,m3·s-1
SDF_VAR_SDF_FORMULA_4_3_2_1_001_v,单位面积上的滤液体积,unknown,v,m3
SDF_VAR_SDF_FORMULA_4_3_2_1_001_vm,单位面积上的假想滤液体积，相当于过滤介质阻力,unknown,vm,m3
SDF_VAR_SDF_FORMULA_4_3_2_1_002,滤液黏度,unknown,η,Pa·s
SDF_VAR_SDF_FORMULA_4_3_2_1_002_A,过滤面积,unknown,A,m2
SDF_VAR_SDF_FORMULA_4_3_2_1_002_L,滤饼厚度,unknown,L,m
SDF_VAR_SDF_FORMULA_4_3_2_1_002_V,滤液体积,unknown,V,m3
SDF_VAR_SDF_FORMULA_4_3_2_1_002_p,过滤压力,unknown,Δp,Pa
SDF_VAR_SDF_FORMULA_4_3_2_1_002_r,滤饼比阻,unknown,r,m-2
SDF_VAR_SDF_FORMULA_4_3_2_1_002_u,单位时间通过单位面积的滤液体积,unknown,u,m·s-1
SDF_VAR_SDF_FORMULA_4_3_2_2_001,筛分效率,unknown,η,%
SDF_VAR_SDF_FORMULA_4_3_2_2_001_C,筛下产品的含量,unknown,C,g
SDF_VAR_SDF_FORMULA_4_3_2_2_001_Q,筛分机入料量,unknown,Q,g
SDF_VAR_SDF_FORMULA_4_3_2_2_002,入料中小于规定粒度的细粒含量,unknown,α,%
SDF_VAR_SDF_FORMULA_4_3_2_3_001,筛分效率,unknown,η,%
SDF_VAR_SDF_FORMULA_4_3_2_3_001_C,筛下产品的含量,unknown,C,g
SDF_VAR_SDF_FORMULA_4_3_2_3_001_Q,筛分机入料量,unknown,Q,g
SDF_VAR_SDF_FORMULA_4_3_2_3_006,入料中小于规定粒度的细粒含量,unknown,α,%
SDF_VAR_SDF_FORMULA_4_3_3_10_003_q,单位时间反应放热速率,unknown,q,W
SDF_VAR_SDF_FORMULA_4_3_3_5_004_A,指前因子，代表反应物分子碰撞的频率及分子有效碰撞取向的特性,unknown,A,
SDF_VAR_SDF_FORMULA_4_3_3_5_004_Ea,活化能,unknown,Ea,kJ·mol-1
SDF_VAR_SDF_FORMULA_4_3_3_5_004_T,绝对温度,unknown,T,K
SDF_VAR_SDF_FORMULA_4_3_3_5_004_k,反应速率常数,unknown,k,
SDF_VAR_SDF_FORMULA_4_3_3_9_002_A,频率因子,unknown,A,
SDF_VAR_SDF_FORMULA_4_3_3_9_002_E,反应的活化能,unknown,E,KJ·mol-1
SDF_VAR_SDF_FORMULA_4_3_3_9_002_Q,吸收或放出的热量,unknown,Q,KJ
SDF_VAR_SDF_FORMULA_4_3_3_9_002_R,气体常数,unknown,R,
SDF_VAR_SDF_FORMULA_4_3_3_9_002_V,体积,unknown,V,m3
SDF_VAR_SDF_FORMULA_4_3_3_9_002_c,浓度,unknown,c,mol·L-1
SDF_VAR_SDF_FORMULA_4_3_3_9_002_e-E_RT,指数因子,unknown,e-E/RT,
SDF_VAR_SDF_FORMULA_4_3_3_9_002_n,反应级数,unknown,n,
SDF_VAR_SDF_FORMULA_4_3_3_9_004,传热系数,unknown,χ,
SDF_VAR_SDF_FORMULA_4_3_3_9_004_S,和反应器或周围环境相接的反应物表面积,unknown,S,m2
SDF_VAR_SDF_FORMULA_4_3_3_9_004_T,反应温度,unknown,T,K
SDF_VAR_SDF_FORMULA_4_3_3_9_004_Ta,环境温度,unknown,Ta,K
