formula_id,document_kind,source_formula_no,source_type,docx_internal_path,exported_path
SAFETY_FORMULA_2_11_001,SAFETY,2.25,OLE,word/embeddings/oleObject63.bin,formula_assets/SAFETY/word/embeddings/oleObject63.bin
SAFETY_FORMULA_2_11_002,SAFETY,2.26,OLE,word/embeddings/oleObject64.bin,formula_assets/SAFETY/word/embeddings/oleObject64.bin
SAFETY_FORMULA_2_11_003,SAFETY,2.27,OLE,word/embeddings/oleObject65.bin,formula_assets/SAFETY/word/embeddings/oleObject65.bin
SAFETY_FORMULA_2_11_004,SAFETY,2.28,OLE,word/embeddings/oleObject66.bin,formula_assets/SAFETY/word/embeddings/oleObject66.bin
SAFETY_FORMULA_2_11_005,SAFETY,,OLE,word/embeddings/oleObject67.bin,formula_assets/SAFETY/word/embeddings/oleObject67.bin
SAFETY_FORMULA_2_11_006,SAFETY,2.29,OLE,word/embeddings/oleObject68.bin,formula_assets/SAFETY/word/embeddings/oleObject68.bin
SAFETY_FORMULA_2_11_007,SAFETY,2.30,OLE,word/embeddings/oleObject69.bin,formula_assets/SAFETY/word/embeddings/oleObject69.bin
SAFETY_FORMULA_2_11_008,SAFETY,2.31,OLE,word/embeddings/oleObject70.bin,formula_assets/SAFETY/word/embeddings/oleObject70.bin
SAFETY_FORMULA_2_11_009,SAFETY,,OLE,word/embeddings/oleObject71.bin,formula_assets/SAFETY/word/embeddings/oleObject71.bin
SAFETY_FORMULA_2_11_010,SAFETY,2.32,OLE,word/embeddings/oleObject72.bin,formula_assets/SAFETY/word/embeddings/oleObject72.bin
SAFETY_FORMULA_2_11_011,SAFETY,2.33,OLE,word/embeddings/oleObject73.bin,formula_assets/SAFETY/word/embeddings/oleObject73.bin
SAFETY_FORMULA_2_11_012,SAFETY,,OLE,word/embeddings/oleObject74.bin,formula_assets/SAFETY/word/embeddings/oleObject74.bin
SAFETY_FORMULA_2_11_013,SAFETY,2.34,OLE,word/embeddings/oleObject75.bin,formula_assets/SAFETY/word/embeddings/oleObject75.bin
SAFETY_FORMULA_2_11_014,SAFETY,2.35,OLE,word/embeddings/oleObject76.bin,formula_assets/SAFETY/word/embeddings/oleObject76.bin
SAFETY_FORMULA_2_11_015,SAFETY,,OLE,word/embeddings/oleObject77.bin,formula_assets/SAFETY/word/embeddings/oleObject77.bin
SAFETY_FORMULA_2_11_016,SAFETY,2.36,OLE,word/embeddings/oleObject78.bin,formula_assets/SAFETY/word/embeddings/oleObject78.bin
SAFETY_FORMULA_2_11_017,SAFETY,2.37,OLE,word/embeddings/oleObject79.bin,formula_assets/SAFETY/word/embeddings/oleObject79.bin
SAFETY_FORMULA_2_11_018,SAFETY,2.38,OLE,word/embeddings/oleObject80.bin,formula_assets/SAFETY/word/embeddings/oleObject80.bin
SAFETY_FORMULA_2_11_019,SAFETY,,OLE,word/embeddings/oleObject81.bin,formula_assets/SAFETY/word/embeddings/oleObject81.bin
SAFETY_FORMULA_2_11_020,SAFETY,,OLE,word/embeddings/oleObject82.bin,formula_assets/SAFETY/word/embeddings/oleObject82.bin
SAFETY_FORMULA_2_11_021,SAFETY,2.39,OLE,word/embeddings/oleObject83.bin,formula_assets/SAFETY/word/embeddings/oleObject83.bin
SAFETY_FORMULA_2_12_001,SAFETY,2.40,OLE,word/embeddings/oleObject84.bin,formula_assets/SAFETY/word/embeddings/oleObject84.bin
SAFETY_FORMULA_2_13_001,SAFETY,,OLE,word/embeddings/oleObject85.bin,formula_assets/SAFETY/word/embeddings/oleObject85.bin
SAFETY_FORMULA_2_13_002,SAFETY,,OLE,word/embeddings/oleObject86.bin,formula_assets/SAFETY/word/embeddings/oleObject86.bin
SAFETY_FORMULA_2_13_003,SAFETY,2.41,OLE,word/embeddings/oleObject87.bin,formula_assets/SAFETY/word/embeddings/oleObject87.bin
SAFETY_FORMULA_2_13_004,SAFETY,2.41,OLE,word/embeddings/oleObject88.bin,formula_assets/SAFETY/word/embeddings/oleObject88.bin
SAFETY_FORMULA_2_13_005,SAFETY,,OLE,word/embeddings/oleObject89.bin,formula_assets/SAFETY/word/embeddings/oleObject89.bin
SAFETY_FORMULA_2_13_006,SAFETY,,OLE,word/embeddings/oleObject90.bin,formula_assets/SAFETY/word/embeddings/oleObject90.bin
SAFETY_FORMULA_2_13_007,SAFETY,2.42,OLE,word/embeddings/oleObject91.bin,formula_assets/SAFETY/word/embeddings/oleObject91.bin
SAFETY_FORMULA_2_13_008,SAFETY,2.42,OLE,word/embeddings/oleObject92.bin,formula_assets/SAFETY/word/embeddings/oleObject92.bin
SAFETY_FORMULA_2_13_009,SAFETY,,OLE,word/embeddings/oleObject93.bin,formula_assets/SAFETY/word/embeddings/oleObject93.bin
SAFETY_FORMULA_2_13_010,SAFETY,,OLE,word/embeddings/oleObject94.bin,formula_assets/SAFETY/word/embeddings/oleObject94.bin
SAFETY_FORMULA_2_14_001,SAFETY,,OLE,word/embeddings/oleObject95.bin,formula_assets/SAFETY/word/embeddings/oleObject95.bin
SAFETY_FORMULA_2_14_002,SAFETY,,OLE,word/embeddings/oleObject96.bin,formula_assets/SAFETY/word/embeddings/oleObject96.bin
SAFETY_FORMULA_2_14_003,SAFETY,2.43,OLE,word/embeddings/oleObject97.bin,formula_assets/SAFETY/word/embeddings/oleObject97.bin
SAFETY_FORMULA_2_14_004,SAFETY,2.44,OLE,word/embeddings/oleObject98.bin,formula_assets/SAFETY/word/embeddings/oleObject98.bin
SAFETY_FORMULA_2_14_005,SAFETY,,OLE,word/embeddings/oleObject99.bin,formula_assets/SAFETY/word/embeddings/oleObject99.bin
SAFETY_FORMULA_2_14_006,SAFETY,2.45,OLE,word/embeddings/oleObject100.bin,formula_assets/SAFETY/word/embeddings/oleObject100.bin
SAFETY_FORMULA_2_14_007,SAFETY,,OLE,word/embeddings/oleObject101.bin,formula_assets/SAFETY/word/embeddings/oleObject101.bin
SAFETY_FORMULA_2_14_008,SAFETY,2.46,OLE,word/embeddings/oleObject102.bin,formula_assets/SAFETY/word/embeddings/oleObject102.bin
SAFETY_FORMULA_2_14_009,SAFETY,,OLE,word/embeddings/oleObject103.bin,formula_assets/SAFETY/word/embeddings/oleObject103.bin
SAFETY_FORMULA_2_14_010,SAFETY,,OLE,word/embeddings/oleObject104.bin,formula_assets/SAFETY/word/embeddings/oleObject104.bin
SAFETY_FORMULA_2_15_001,SAFETY,,OLE,word/embeddings/oleObject105.bin,formula_assets/SAFETY/word/embeddings/oleObject105.bin
SAFETY_FORMULA_2_15_002,SAFETY,,OLE,word/embeddings/oleObject106.bin,formula_assets/SAFETY/word/embeddings/oleObject106.bin
SAFETY_FORMULA_2_15_003,SAFETY,2.47,OLE,word/embeddings/oleObject107.bin,formula_assets/SAFETY/word/embeddings/oleObject107.bin
SAFETY_FORMULA_2_15_004,SAFETY,,OLE,word/embeddings/oleObject108.bin,formula_assets/SAFETY/word/embeddings/oleObject108.bin
SAFETY_FORMULA_2_15_005,SAFETY,,OLE,word/embeddings/oleObject109.bin,formula_assets/SAFETY/word/embeddings/oleObject109.bin
SAFETY_FORMULA_2_16_001,SAFETY,,OLE,word/embeddings/oleObject110.bin,formula_assets/SAFETY/word/embeddings/oleObject110.bin
SAFETY_FORMULA_2_16_002,SAFETY,,OLE,word/embeddings/oleObject111.bin,formula_assets/SAFETY/word/embeddings/oleObject111.bin
SAFETY_FORMULA_2_16_003,SAFETY,2.48,OLE,word/embeddings/oleObject112.bin,formula_assets/SAFETY/word/embeddings/oleObject112.bin
SAFETY_FORMULA_2_16_004,SAFETY,2.49,OLE,word/embeddings/oleObject113.bin,formula_assets/SAFETY/word/embeddings/oleObject113.bin
SAFETY_FORMULA_2_16_005,SAFETY,,OLE,word/embeddings/oleObject114.bin,formula_assets/SAFETY/word/embeddings/oleObject114.bin
SAFETY_FORMULA_2_16_006,SAFETY,,OLE,word/embeddings/oleObject115.bin,formula_assets/SAFETY/word/embeddings/oleObject115.bin
SAFETY_FORMULA_2_17_001,SAFETY,,OLE,word/embeddings/oleObject116.bin,formula_assets/SAFETY/word/embeddings/oleObject116.bin
SAFETY_FORMULA_2_17_002,SAFETY,,OLE,word/embeddings/oleObject117.bin,formula_assets/SAFETY/word/embeddings/oleObject117.bin
SAFETY_FORMULA_2_17_003,SAFETY,2.50,OLE,word/embeddings/oleObject118.bin,formula_assets/SAFETY/word/embeddings/oleObject118.bin
SAFETY_FORMULA_2_17_004,SAFETY,,OLE,word/embeddings/oleObject119.bin,formula_assets/SAFETY/word/embeddings/oleObject119.bin
SAFETY_FORMULA_2_17_005,SAFETY,2.51,OLE,word/embeddings/oleObject120.bin,formula_assets/SAFETY/word/embeddings/oleObject120.bin
SAFETY_FORMULA_2_17_006,SAFETY,,OLE,word/embeddings/oleObject121.bin,formula_assets/SAFETY/word/embeddings/oleObject121.bin
SAFETY_FORMULA_2_17_007,SAFETY,2.52,OLE,word/embeddings/oleObject122.bin,formula_assets/SAFETY/word/embeddings/oleObject122.bin
SAFETY_FORMULA_2_17_008,SAFETY,,OLE,word/embeddings/oleObject123.bin,formula_assets/SAFETY/word/embeddings/oleObject123.bin
SAFETY_FORMULA_2_18_001,SAFETY,,OLE,word/embeddings/oleObject124.bin,formula_assets/SAFETY/word/embeddings/oleObject124.bin
SAFETY_FORMULA_2_18_002,SAFETY,,OLE,word/embeddings/oleObject125.bin,formula_assets/SAFETY/word/embeddings/oleObject125.bin
SAFETY_FORMULA_2_18_003,SAFETY,2.53,OLE,word/embeddings/oleObject126.bin,formula_assets/SAFETY/word/embeddings/oleObject126.bin
SAFETY_FORMULA_2_18_004,SAFETY,,OLE,word/embeddings/oleObject127.bin,formula_assets/SAFETY/word/embeddings/oleObject127.bin
SAFETY_FORMULA_2_19_001,SAFETY,,OLE,word/embeddings/oleObject128.bin,formula_assets/SAFETY/word/embeddings/oleObject128.bin
SAFETY_FORMULA_2_19_002,SAFETY,,OLE,word/embeddings/oleObject129.bin,formula_assets/SAFETY/word/embeddings/oleObject129.bin
SAFETY_FORMULA_2_19_003,SAFETY,2.54,OLE,word/embeddings/oleObject130.bin,formula_assets/SAFETY/word/embeddings/oleObject130.bin
SAFETY_FORMULA_2_19_004,SAFETY,2.55,OLE,word/embeddings/oleObject131.bin,formula_assets/SAFETY/word/embeddings/oleObject131.bin
SAFETY_FORMULA_2_19_005,SAFETY,,OLE,word/embeddings/oleObject132.bin,formula_assets/SAFETY/word/embeddings/oleObject132.bin
SAFETY_FORMULA_2_19_006,SAFETY,2.56,OLE,word/embeddings/oleObject133.bin,formula_assets/SAFETY/word/embeddings/oleObject133.bin
SAFETY_FORMULA_2_19_007,SAFETY,,OLE,word/embeddings/oleObject134.bin,formula_assets/SAFETY/word/embeddings/oleObject134.bin
SAFETY_FORMULA_2_19_008,SAFETY,,OLE,word/embeddings/oleObject135.bin,formula_assets/SAFETY/word/embeddings/oleObject135.bin
SAFETY_FORMULA_2_1_001,SAFETY,2.1,OLE,word/embeddings/oleObject1.bin,formula_assets/SAFETY/word/embeddings/oleObject1.bin
SAFETY_FORMULA_2_1_002,SAFETY,2.1,OLE,word/embeddings/oleObject2.bin,formula_assets/SAFETY/word/embeddings/oleObject2.bin
SAFETY_FORMULA_2_1_003,SAFETY,2.2,OLE,word/embeddings/oleObject3.bin,formula_assets/SAFETY/word/embeddings/oleObject3.bin
SAFETY_FORMULA_2_1_004,SAFETY,2.3,OLE,word/embeddings/oleObject4.bin,formula_assets/SAFETY/word/embeddings/oleObject4.bin
SAFETY_FORMULA_2_1_005,SAFETY,,OLE,word/embeddings/oleObject5.bin,formula_assets/SAFETY/word/embeddings/oleObject5.bin
SAFETY_FORMULA_2_1_006,SAFETY,,OLE,word/embeddings/oleObject6.bin,formula_assets/SAFETY/word/embeddings/oleObject6.bin
SAFETY_FORMULA_2_1_007,SAFETY,2.4,OLE,word/embeddings/oleObject7.bin,formula_assets/SAFETY/word/embeddings/oleObject7.bin
SAFETY_FORMULA_2_1_008,SAFETY,2.4,OLE,word/embeddings/oleObject8.bin,formula_assets/SAFETY/word/embeddings/oleObject8.bin
SAFETY_FORMULA_2_1_009,SAFETY,2.5,OLE,word/embeddings/oleObject9.bin,formula_assets/SAFETY/word/embeddings/oleObject9.bin
SAFETY_FORMULA_2_1_010,SAFETY,2.5,OLE,word/embeddings/oleObject10.bin,formula_assets/SAFETY/word/embeddings/oleObject10.bin
SAFETY_FORMULA_2_1_011,SAFETY,2.6,OLE,word/embeddings/oleObject11.bin,formula_assets/SAFETY/word/embeddings/oleObject11.bin
SAFETY_FORMULA_2_1_012,SAFETY,2.6,OLE,word/embeddings/oleObject12.bin,formula_assets/SAFETY/word/embeddings/oleObject12.bin
SAFETY_FORMULA_2_1_013,SAFETY,,OLE,word/embeddings/oleObject13.bin,formula_assets/SAFETY/word/embeddings/oleObject13.bin
SAFETY_FORMULA_2_20_001,SAFETY,,OLE,word/embeddings/oleObject136.bin,formula_assets/SAFETY/word/embeddings/oleObject136.bin
SAFETY_FORMULA_2_20_002,SAFETY,,OLE,word/embeddings/oleObject137.bin,formula_assets/SAFETY/word/embeddings/oleObject137.bin
SAFETY_FORMULA_2_20_003,SAFETY,2.57,OLE,word/embeddings/oleObject138.bin,formula_assets/SAFETY/word/embeddings/oleObject138.bin
SAFETY_FORMULA_2_20_004,SAFETY,,OLE,word/embeddings/oleObject139.bin,formula_assets/SAFETY/word/embeddings/oleObject139.bin
SAFETY_FORMULA_2_20_005,SAFETY,,OLE,word/embeddings/oleObject140.bin,formula_assets/SAFETY/word/embeddings/oleObject140.bin
SAFETY_FORMULA_2_21_1_001,SAFETY,2.58,OLE,word/embeddings/oleObject141.bin,formula_assets/SAFETY/word/embeddings/oleObject141.bin
SAFETY_FORMULA_2_21_1_002,SAFETY,2.59,OLE,word/embeddings/oleObject142.bin,formula_assets/SAFETY/word/embeddings/oleObject142.bin
SAFETY_FORMULA_2_21_1_003,SAFETY,2.60,OLE,word/embeddings/oleObject143.bin,formula_assets/SAFETY/word/embeddings/oleObject143.bin
SAFETY_FORMULA_2_21_1_004,SAFETY,2.61,OLE,word/embeddings/oleObject144.bin,formula_assets/SAFETY/word/embeddings/oleObject144.bin
SAFETY_FORMULA_2_21_1_005,SAFETY,2.62,OLE,word/embeddings/oleObject145.bin,formula_assets/SAFETY/word/embeddings/oleObject145.bin
SAFETY_FORMULA_2_21_1_006,SAFETY,,OLE,word/embeddings/oleObject146.bin,formula_assets/SAFETY/word/embeddings/oleObject146.bin
SAFETY_FORMULA_2_21_1_007,SAFETY,2.63,OLE,word/embeddings/oleObject147.bin,formula_assets/SAFETY/word/embeddings/oleObject147.bin
SAFETY_FORMULA_2_21_1_008,SAFETY,2.64,OLE,word/embeddings/oleObject148.bin,formula_assets/SAFETY/word/embeddings/oleObject148.bin
SAFETY_FORMULA_2_21_1_009,SAFETY,2.65,OLE,word/embeddings/oleObject149.bin,formula_assets/SAFETY/word/embeddings/oleObject149.bin
SAFETY_FORMULA_2_21_1_010,SAFETY,2.66,OLE,word/embeddings/oleObject150.bin,formula_assets/SAFETY/word/embeddings/oleObject150.bin
SAFETY_FORMULA_2_21_1_011,SAFETY,,OLE,word/embeddings/oleObject151.bin,formula_assets/SAFETY/word/embeddings/oleObject151.bin
SAFETY_FORMULA_2_21_1_012,SAFETY,2.67,OLE,word/embeddings/oleObject152.bin,formula_assets/SAFETY/word/embeddings/oleObject152.bin
SAFETY_FORMULA_2_21_1_013,SAFETY,2.68,OLE,word/embeddings/oleObject153.bin,formula_assets/SAFETY/word/embeddings/oleObject153.bin
SAFETY_FORMULA_2_21_1_014,SAFETY,2.69,OLE,word/embeddings/oleObject154.bin,formula_assets/SAFETY/word/embeddings/oleObject154.bin
SAFETY_FORMULA_2_21_1_015,SAFETY,2.70,OLE,word/embeddings/oleObject155.bin,formula_assets/SAFETY/word/embeddings/oleObject155.bin
SAFETY_FORMULA_2_21_1_016,SAFETY,,OLE,word/embeddings/oleObject156.bin,formula_assets/SAFETY/word/embeddings/oleObject156.bin
SAFETY_FORMULA_2_21_1_017,SAFETY,2.71,OLE,word/embeddings/oleObject157.bin,formula_assets/SAFETY/word/embeddings/oleObject157.bin
SAFETY_FORMULA_2_21_1_018,SAFETY,2.72,OLE,word/embeddings/oleObject158.bin,formula_assets/SAFETY/word/embeddings/oleObject158.bin
SAFETY_FORMULA_2_21_1_019,SAFETY,2.73,OLE,word/embeddings/oleObject159.bin,formula_assets/SAFETY/word/embeddings/oleObject159.bin
SAFETY_FORMULA_2_21_1_020,SAFETY,2.74,OLE,word/embeddings/oleObject160.bin,formula_assets/SAFETY/word/embeddings/oleObject160.bin
SAFETY_FORMULA_2_21_1_021,SAFETY,2.75,OLE,word/embeddings/oleObject161.bin,formula_assets/SAFETY/word/embeddings/oleObject161.bin
SAFETY_FORMULA_2_21_1_022,SAFETY,,OLE,word/embeddings/oleObject162.bin,formula_assets/SAFETY/word/embeddings/oleObject162.bin
SAFETY_FORMULA_2_21_2_001,SAFETY,2.76,OLE,word/embeddings/oleObject163.bin,formula_assets/SAFETY/word/embeddings/oleObject163.bin
SAFETY_FORMULA_2_21_2_002,SAFETY,,OLE,word/embeddings/oleObject164.bin,formula_assets/SAFETY/word/embeddings/oleObject164.bin
SAFETY_FORMULA_2_21_3_001,SAFETY,2.77,OLE,word/embeddings/oleObject165.bin,formula_assets/SAFETY/word/embeddings/oleObject165.bin
SAFETY_FORMULA_2_21_3_002,SAFETY,,OLE,word/embeddings/oleObject166.bin,formula_assets/SAFETY/word/embeddings/oleObject166.bin
SAFETY_FORMULA_2_22_001,SAFETY,2.78,OLE,word/embeddings/oleObject167.bin,formula_assets/SAFETY/word/embeddings/oleObject167.bin
SAFETY_FORMULA_2_22_002,SAFETY,2.79,OLE,word/embeddings/oleObject168.bin,formula_assets/SAFETY/word/embeddings/oleObject168.bin
SAFETY_FORMULA_2_22_003,SAFETY,2.80,OLE,word/embeddings/oleObject169.bin,formula_assets/SAFETY/word/embeddings/oleObject169.bin
SAFETY_FORMULA_2_22_004,SAFETY,,OLE,word/embeddings/oleObject170.bin,formula_assets/SAFETY/word/embeddings/oleObject170.bin
SAFETY_FORMULA_2_22_005,SAFETY,2.81,OLE,word/embeddings/oleObject171.bin,formula_assets/SAFETY/word/embeddings/oleObject171.bin
SAFETY_FORMULA_2_22_006,SAFETY,2.82,OLE,word/embeddings/oleObject172.bin,formula_assets/SAFETY/word/embeddings/oleObject172.bin
SAFETY_FORMULA_2_23_001,SAFETY,,OLE,word/embeddings/oleObject173.bin,formula_assets/SAFETY/word/embeddings/oleObject173.bin
SAFETY_FORMULA_2_23_002,SAFETY,2.83,OLE,word/embeddings/oleObject174.bin,formula_assets/SAFETY/word/embeddings/oleObject174.bin
SAFETY_FORMULA_2_23_003,SAFETY,2.84,OLE,word/embeddings/oleObject175.bin,formula_assets/SAFETY/word/embeddings/oleObject175.bin
SAFETY_FORMULA_2_23_004,SAFETY,2.85,OLE,word/embeddings/oleObject176.bin,formula_assets/SAFETY/word/embeddings/oleObject176.bin
SAFETY_FORMULA_2_23_005,SAFETY,2.86,OLE,word/embeddings/oleObject177.bin,formula_assets/SAFETY/word/embeddings/oleObject177.bin
SAFETY_FORMULA_2_23_006,SAFETY,,OLE,word/embeddings/oleObject178.bin,formula_assets/SAFETY/word/embeddings/oleObject178.bin
SAFETY_FORMULA_2_23_007,SAFETY,2.87,OLE,word/embeddings/oleObject179.bin,formula_assets/SAFETY/word/embeddings/oleObject179.bin
SAFETY_FORMULA_2_23_008,SAFETY,2.88,OLE,word/embeddings/oleObject180.bin,formula_assets/SAFETY/word/embeddings/oleObject180.bin
SAFETY_FORMULA_2_23_009,SAFETY,,OLE,word/embeddings/oleObject181.bin,formula_assets/SAFETY/word/embeddings/oleObject181.bin
SAFETY_FORMULA_2_24_001,SAFETY,2.89,OLE,word/embeddings/oleObject182.bin,formula_assets/SAFETY/word/embeddings/oleObject182.bin
SAFETY_FORMULA_2_24_002,SAFETY,2.90,OLE,word/embeddings/oleObject183.bin,formula_assets/SAFETY/word/embeddings/oleObject183.bin
SAFETY_FORMULA_2_24_003,SAFETY,2.91,OLE,word/embeddings/oleObject184.bin,formula_assets/SAFETY/word/embeddings/oleObject184.bin
SAFETY_FORMULA_2_24_004,SAFETY,2.92,OLE,word/embeddings/oleObject185.bin,formula_assets/SAFETY/word/embeddings/oleObject185.bin
SAFETY_FORMULA_2_24_005,SAFETY,2.93,OLE,word/embeddings/oleObject186.bin,formula_assets/SAFETY/word/embeddings/oleObject186.bin
SAFETY_FORMULA_2_25_001,SAFETY,2.94,OLE,word/embeddings/oleObject187.bin,formula_assets/SAFETY/word/embeddings/oleObject187.bin
SAFETY_FORMULA_2_25_002,SAFETY,2.95,OLE,word/embeddings/oleObject188.bin,formula_assets/SAFETY/word/embeddings/oleObject188.bin
SAFETY_FORMULA_2_25_003,SAFETY,2.96,OLE,word/embeddings/oleObject189.bin,formula_assets/SAFETY/word/embeddings/oleObject189.bin
SAFETY_FORMULA_2_25_004,SAFETY,2.97,OLE,word/embeddings/oleObject190.bin,formula_assets/SAFETY/word/embeddings/oleObject190.bin
SAFETY_FORMULA_2_25_005,SAFETY,2.98,OLE,word/embeddings/oleObject191.bin,formula_assets/SAFETY/word/embeddings/oleObject191.bin
SAFETY_FORMULA_2_25_006,SAFETY,2.99,OLE,word/embeddings/oleObject192.bin,formula_assets/SAFETY/word/embeddings/oleObject192.bin
SAFETY_FORMULA_2_25_007,SAFETY,2.100,OLE,word/embeddings/oleObject193.bin,formula_assets/SAFETY/word/embeddings/oleObject193.bin
SAFETY_FORMULA_2_26_001,SAFETY,2.101,OLE,word/embeddings/oleObject194.bin,formula_assets/SAFETY/word/embeddings/oleObject194.bin
SAFETY_FORMULA_2_26_002,SAFETY,2.102,OLE,word/embeddings/oleObject195.bin,formula_assets/SAFETY/word/embeddings/oleObject195.bin
SAFETY_FORMULA_2_26_003,SAFETY,2.103,OLE,word/embeddings/oleObject196.bin,formula_assets/SAFETY/word/embeddings/oleObject196.bin
SAFETY_FORMULA_2_26_004,SAFETY,2.104,OLE,word/embeddings/oleObject197.bin,formula_assets/SAFETY/word/embeddings/oleObject197.bin
SAFETY_FORMULA_2_26_005,SAFETY,2.105,OLE,word/embeddings/oleObject198.bin,formula_assets/SAFETY/word/embeddings/oleObject198.bin
SAFETY_FORMULA_2_27_001,SAFETY,2.106,OLE,word/embeddings/oleObject199.bin,formula_assets/SAFETY/word/embeddings/oleObject199.bin
SAFETY_FORMULA_2_27_002,SAFETY,2.107,OLE,word/embeddings/oleObject200.bin,formula_assets/SAFETY/word/embeddings/oleObject200.bin
SAFETY_FORMULA_2_29_001,SAFETY,2.108,OLE,word/embeddings/oleObject201.bin,formula_assets/SAFETY/word/embeddings/oleObject201.bin
SAFETY_FORMULA_2_29_002,SAFETY,2.109,OLE,word/embeddings/oleObject202.bin,formula_assets/SAFETY/word/embeddings/oleObject202.bin
SAFETY_FORMULA_2_29_003,SAFETY,2.110,OLE,word/embeddings/oleObject203.bin,formula_assets/SAFETY/word/embeddings/oleObject203.bin
SAFETY_FORMULA_2_29_004,SAFETY,2.111,OLE,word/embeddings/oleObject204.bin,formula_assets/SAFETY/word/embeddings/oleObject204.bin
SAFETY_FORMULA_2_29_005,SAFETY,2.112,OLE,word/embeddings/oleObject205.bin,formula_assets/SAFETY/word/embeddings/oleObject205.bin
SAFETY_FORMULA_2_29_006,SAFETY,2.113,OLE,word/embeddings/oleObject206.bin,formula_assets/SAFETY/word/embeddings/oleObject206.bin
SAFETY_FORMULA_2_29_007,SAFETY,,OLE,word/embeddings/oleObject207.bin,formula_assets/SAFETY/word/embeddings/oleObject207.bin
SAFETY_FORMULA_2_29_008,SAFETY,,OLE,word/embeddings/oleObject208.bin,formula_assets/SAFETY/word/embeddings/oleObject208.bin
SAFETY_FORMULA_2_29_009,SAFETY,,OLE,word/embeddings/oleObject209.bin,formula_assets/SAFETY/word/embeddings/oleObject209.bin
SAFETY_FORMULA_2_29_010,SAFETY,2.114,OLE,word/embeddings/oleObject210.bin,formula_assets/SAFETY/word/embeddings/oleObject210.bin
SAFETY_FORMULA_2_2_001,SAFETY,,OLE,word/embeddings/oleObject14.bin,formula_assets/SAFETY/word/embeddings/oleObject14.bin
SAFETY_FORMULA_2_2_002,SAFETY,,OLE,word/embeddings/oleObject15.bin,formula_assets/SAFETY/word/embeddings/oleObject15.bin
SAFETY_FORMULA_2_2_003,SAFETY,,OLE,word/embeddings/oleObject16.bin,formula_assets/SAFETY/word/embeddings/oleObject16.bin
SAFETY_FORMULA_2_2_004,SAFETY,,OLE,word/embeddings/oleObject17.bin,formula_assets/SAFETY/word/embeddings/oleObject17.bin
SAFETY_FORMULA_2_2_005,SAFETY,,OLE,word/embeddings/oleObject18.bin,formula_assets/SAFETY/word/embeddings/oleObject18.bin
SAFETY_FORMULA_2_2_006,SAFETY,,OLE,word/embeddings/oleObject19.bin,formula_assets/SAFETY/word/embeddings/oleObject19.bin
SAFETY_FORMULA_2_2_007,SAFETY,,OLE,word/embeddings/oleObject20.bin,formula_assets/SAFETY/word/embeddings/oleObject20.bin
SAFETY_FORMULA_2_2_008,SAFETY,,OLE,word/embeddings/oleObject21.bin,formula_assets/SAFETY/word/embeddings/oleObject21.bin
SAFETY_FORMULA_2_30_001,SAFETY,2.115,OLE,word/embeddings/oleObject211.bin,formula_assets/SAFETY/word/embeddings/oleObject211.bin
SAFETY_FORMULA_2_30_002,SAFETY,2.116,OLE,word/embeddings/oleObject212.bin,formula_assets/SAFETY/word/embeddings/oleObject212.bin
SAFETY_FORMULA_2_30_003,SAFETY,2.117,OLE,word/embeddings/oleObject213.bin,formula_assets/SAFETY/word/embeddings/oleObject213.bin
SAFETY_FORMULA_2_30_004,SAFETY,2.118,OLE,word/embeddings/oleObject214.bin,formula_assets/SAFETY/word/embeddings/oleObject214.bin
SAFETY_FORMULA_2_30_005,SAFETY,2.119,OLE,word/embeddings/oleObject215.bin,formula_assets/SAFETY/word/embeddings/oleObject215.bin
SAFETY_FORMULA_2_30_006,SAFETY,2.120,OLE,word/embeddings/oleObject216.bin,formula_assets/SAFETY/word/embeddings/oleObject216.bin
SAFETY_FORMULA_2_30_007,SAFETY,2.121,OLE,word/embeddings/oleObject217.bin,formula_assets/SAFETY/word/embeddings/oleObject217.bin
SAFETY_FORMULA_2_31_001,SAFETY,2.122,OLE,word/embeddings/oleObject218.bin,formula_assets/SAFETY/word/embeddings/oleObject218.bin
SAFETY_FORMULA_2_31_002,SAFETY,2.123,OLE,word/embeddings/oleObject219.bin,formula_assets/SAFETY/word/embeddings/oleObject219.bin
SAFETY_FORMULA_2_32_001,SAFETY,2.124,OLE,word/embeddings/oleObject220.bin,formula_assets/SAFETY/word/embeddings/oleObject220.bin
SAFETY_FORMULA_2_32_002,SAFETY,2.125,OLE,word/embeddings/oleObject221.bin,formula_assets/SAFETY/word/embeddings/oleObject221.bin
SAFETY_FORMULA_2_32_003,SAFETY,,OLE,word/embeddings/oleObject222.bin,formula_assets/SAFETY/word/embeddings/oleObject222.bin
SAFETY_FORMULA_2_32_004,SAFETY,,OLE,word/embeddings/oleObject223.bin,formula_assets/SAFETY/word/embeddings/oleObject223.bin
SAFETY_FORMULA_2_32_005,SAFETY,2.126,OLE,word/embeddings/oleObject224.bin,formula_assets/SAFETY/word/embeddings/oleObject224.bin
SAFETY_FORMULA_2_32_006,SAFETY,2.127,OLE,word/embeddings/oleObject225.bin,formula_assets/SAFETY/word/embeddings/oleObject225.bin
SAFETY_FORMULA_2_32_007,SAFETY,,OLE,word/embeddings/oleObject226.bin,formula_assets/SAFETY/word/embeddings/oleObject226.bin
SAFETY_FORMULA_2_32_008,SAFETY,,OLE,word/embeddings/oleObject227.bin,formula_assets/SAFETY/word/embeddings/oleObject227.bin
SAFETY_FORMULA_2_32_009,SAFETY,2.128,OLE,word/embeddings/oleObject228.bin,formula_assets/SAFETY/word/embeddings/oleObject228.bin
SAFETY_FORMULA_2_32_010,SAFETY,2.129,OLE,word/embeddings/oleObject229.bin,formula_assets/SAFETY/word/embeddings/oleObject229.bin
SAFETY_FORMULA_2_32_011,SAFETY,,OLE,word/embeddings/oleObject230.bin,formula_assets/SAFETY/word/embeddings/oleObject230.bin
SAFETY_FORMULA_2_32_012,SAFETY,,OLE,word/embeddings/oleObject231.bin,formula_assets/SAFETY/word/embeddings/oleObject231.bin
SAFETY_FORMULA_2_32_013,SAFETY,2.130,OLE,word/embeddings/oleObject232.bin,formula_assets/SAFETY/word/embeddings/oleObject232.bin
SAFETY_FORMULA_2_32_014,SAFETY,2.131,OLE,word/embeddings/oleObject233.bin,formula_assets/SAFETY/word/embeddings/oleObject233.bin
SAFETY_FORMULA_2_32_015,SAFETY,2.132,OLE,word/embeddings/oleObject234.bin,formula_assets/SAFETY/word/embeddings/oleObject234.bin
SAFETY_FORMULA_2_32_016,SAFETY,2.133,OLE,word/embeddings/oleObject235.bin,formula_assets/SAFETY/word/embeddings/oleObject235.bin
SAFETY_FORMULA_2_32_017,SAFETY,2.134,OLE,word/embeddings/oleObject236.bin,formula_assets/SAFETY/word/embeddings/oleObject236.bin
SAFETY_FORMULA_2_32_018,SAFETY,2.135,OLE,word/embeddings/oleObject237.bin,formula_assets/SAFETY/word/embeddings/oleObject237.bin
SAFETY_FORMULA_2_32_019,SAFETY,,OLE,word/embeddings/oleObject238.bin,formula_assets/SAFETY/word/embeddings/oleObject238.bin
SAFETY_FORMULA_2_3_001,SAFETY,2.7,OLE,word/embeddings/oleObject22.bin,formula_assets/SAFETY/word/embeddings/oleObject22.bin
SAFETY_FORMULA_2_3_002,SAFETY,2.7,OLE,word/embeddings/oleObject23.bin,formula_assets/SAFETY/word/embeddings/oleObject23.bin
SAFETY_FORMULA_2_3_003,SAFETY,2.8,OLE,word/embeddings/oleObject24.bin,formula_assets/SAFETY/word/embeddings/oleObject24.bin
SAFETY_FORMULA_2_3_004,SAFETY,2.8,OLE,word/embeddings/oleObject25.bin,formula_assets/SAFETY/word/embeddings/oleObject25.bin
SAFETY_FORMULA_2_4_001,SAFETY,2.9,OLE,word/embeddings/oleObject26.bin,formula_assets/SAFETY/word/embeddings/oleObject26.bin
SAFETY_FORMULA_2_4_002,SAFETY,2.9,OLE,word/embeddings/oleObject27.bin,formula_assets/SAFETY/word/embeddings/oleObject27.bin
SAFETY_FORMULA_2_4_003,SAFETY,2.10,OLE,word/embeddings/oleObject28.bin,formula_assets/SAFETY/word/embeddings/oleObject28.bin
SAFETY_FORMULA_2_4_004,SAFETY,2.10,OLE,word/embeddings/oleObject29.bin,formula_assets/SAFETY/word/embeddings/oleObject29.bin
SAFETY_FORMULA_2_4_005,SAFETY,2.11,OLE,word/embeddings/oleObject30.bin,formula_assets/SAFETY/word/embeddings/oleObject30.bin
SAFETY_FORMULA_2_4_006,SAFETY,2.11,OLE,word/embeddings/oleObject31.bin,formula_assets/SAFETY/word/embeddings/oleObject31.bin
SAFETY_FORMULA_2_5_001,SAFETY,,OLE,word/embeddings/oleObject32.bin,formula_assets/SAFETY/word/embeddings/oleObject32.bin
SAFETY_FORMULA_2_5_002,SAFETY,2.12,OLE,word/embeddings/oleObject33.bin,formula_assets/SAFETY/word/embeddings/oleObject33.bin
SAFETY_FORMULA_2_5_003,SAFETY,2.12,OLE,word/embeddings/oleObject34.bin,formula_assets/SAFETY/word/embeddings/oleObject34.bin
SAFETY_FORMULA_2_5_004,SAFETY,,OLE,word/embeddings/oleObject35.bin,formula_assets/SAFETY/word/embeddings/oleObject35.bin
SAFETY_FORMULA_2_5_005,SAFETY,2.13,OLE,word/embeddings/oleObject36.bin,formula_assets/SAFETY/word/embeddings/oleObject36.bin
SAFETY_FORMULA_2_5_006,SAFETY,2.13,OLE,word/embeddings/oleObject37.bin,formula_assets/SAFETY/word/embeddings/oleObject37.bin
SAFETY_FORMULA_2_5_007,SAFETY,2.14,OLE,word/embeddings/oleObject38.bin,formula_assets/SAFETY/word/embeddings/oleObject38.bin
SAFETY_FORMULA_2_5_008,SAFETY,2.14,OLE,word/embeddings/oleObject39.bin,formula_assets/SAFETY/word/embeddings/oleObject39.bin
SAFETY_FORMULA_2_5_009,SAFETY,2.15,OLE,word/embeddings/oleObject40.bin,formula_assets/SAFETY/word/embeddings/oleObject40.bin
SAFETY_FORMULA_2_5_010,SAFETY,2.15,OLE,word/embeddings/oleObject41.bin,formula_assets/SAFETY/word/embeddings/oleObject41.bin
SAFETY_FORMULA_2_5_011,SAFETY,,OLE,word/embeddings/oleObject42.bin,formula_assets/SAFETY/word/embeddings/oleObject42.bin
SAFETY_FORMULA_2_5_012,SAFETY,,OLE,word/embeddings/oleObject43.bin,formula_assets/SAFETY/word/embeddings/oleObject43.bin
SAFETY_FORMULA_2_5_013,SAFETY,,OLE,word/embeddings/oleObject44.bin,formula_assets/SAFETY/word/embeddings/oleObject44.bin
SAFETY_FORMULA_2_5_014,SAFETY,2.16,OLE,word/embeddings/oleObject45.bin,formula_assets/SAFETY/word/embeddings/oleObject45.bin
SAFETY_FORMULA_2_5_015,SAFETY,2.16,OLE,word/embeddings/oleObject46.bin,formula_assets/SAFETY/word/embeddings/oleObject46.bin
SAFETY_FORMULA_2_5_016,SAFETY,2.17,OLE,word/embeddings/oleObject47.bin,formula_assets/SAFETY/word/embeddings/oleObject47.bin
SAFETY_FORMULA_2_5_017,SAFETY,2.17,OLE,word/embeddings/oleObject48.bin,formula_assets/SAFETY/word/embeddings/oleObject48.bin
SAFETY_FORMULA_2_5_018,SAFETY,2.18,OLE,word/embeddings/oleObject49.bin,formula_assets/SAFETY/word/embeddings/oleObject49.bin
SAFETY_FORMULA_2_5_019,SAFETY,2.18,OLE,word/embeddings/oleObject50.bin,formula_assets/SAFETY/word/embeddings/oleObject50.bin
SAFETY_FORMULA_2_5_020,SAFETY,,OLE,word/embeddings/oleObject51.bin,formula_assets/SAFETY/word/embeddings/oleObject51.bin
SAFETY_FORMULA_2_6_001,SAFETY,2.19,OLE,word/embeddings/oleObject52.bin,formula_assets/SAFETY/word/embeddings/oleObject52.bin
SAFETY_FORMULA_2_6_002,SAFETY,2.19,OLE,word/embeddings/oleObject53.bin,formula_assets/SAFETY/word/embeddings/oleObject53.bin
SAFETY_FORMULA_2_6_003,SAFETY,2.20,OLE,word/embeddings/oleObject54.bin,formula_assets/SAFETY/word/embeddings/oleObject54.bin
SAFETY_FORMULA_2_6_004,SAFETY,2.21,OLE,word/embeddings/oleObject55.bin,formula_assets/SAFETY/word/embeddings/oleObject55.bin
SAFETY_FORMULA_2_6_005,SAFETY,,OLE,word/embeddings/oleObject56.bin,formula_assets/SAFETY/word/embeddings/oleObject56.bin
SAFETY_FORMULA_2_7_001,SAFETY,,OLE,word/embeddings/oleObject57.bin,formula_assets/SAFETY/word/embeddings/oleObject57.bin
SAFETY_FORMULA_2_8_001,SAFETY,2.22,OLE,word/embeddings/oleObject58.bin,formula_assets/SAFETY/word/embeddings/oleObject58.bin
SAFETY_FORMULA_2_8_002,SAFETY,2.22,OLE,word/embeddings/oleObject59.bin,formula_assets/SAFETY/word/embeddings/oleObject59.bin
SAFETY_FORMULA_2_8_003,SAFETY,2.23,OLE,word/embeddings/oleObject60.bin,formula_assets/SAFETY/word/embeddings/oleObject60.bin
SAFETY_FORMULA_2_8_004,SAFETY,2.24,OLE,word/embeddings/oleObject61.bin,formula_assets/SAFETY/word/embeddings/oleObject61.bin
SAFETY_FORMULA_2_8_005,SAFETY,,OLE,word/embeddings/oleObject62.bin,formula_assets/SAFETY/word/embeddings/oleObject62.bin
SAFETY_FORMULA_3_10_001,SAFETY,3.44,OLE,word/embeddings/oleObject424.bin,formula_assets/SAFETY/word/embeddings/oleObject424.bin
SAFETY_FORMULA_3_10_002,SAFETY,3.45,OLE,word/embeddings/oleObject425.bin,formula_assets/SAFETY/word/embeddings/oleObject425.bin
SAFETY_FORMULA_3_10_003,SAFETY,3.46,OLE,word/embeddings/oleObject426.bin,formula_assets/SAFETY/word/embeddings/oleObject426.bin
SAFETY_FORMULA_3_10_004,SAFETY,3.47,OLE,word/embeddings/oleObject427.bin,formula_assets/SAFETY/word/embeddings/oleObject427.bin
SAFETY_FORMULA_3_10_005,SAFETY,3.48,OLE,word/embeddings/oleObject428.bin,formula_assets/SAFETY/word/embeddings/oleObject428.bin
SAFETY_FORMULA_3_10_006,SAFETY,3.49,OLE,word/embeddings/oleObject429.bin,formula_assets/SAFETY/word/embeddings/oleObject429.bin
SAFETY_FORMULA_3_11_001,SAFETY,3.50,OLE,word/embeddings/oleObject430.bin,formula_assets/SAFETY/word/embeddings/oleObject430.bin
SAFETY_FORMULA_3_11_002,SAFETY,3.51,OLE,word/embeddings/oleObject431.bin,formula_assets/SAFETY/word/embeddings/oleObject431.bin
SAFETY_FORMULA_3_11_003,SAFETY,3.52,OLE,word/embeddings/oleObject432.bin,formula_assets/SAFETY/word/embeddings/oleObject432.bin
SAFETY_FORMULA_3_11_004,SAFETY,3.53,OLE,word/embeddings/oleObject433.bin,formula_assets/SAFETY/word/embeddings/oleObject433.bin
SAFETY_FORMULA_3_11_005,SAFETY,3.54,OLE,word/embeddings/oleObject434.bin,formula_assets/SAFETY/word/embeddings/oleObject434.bin
SAFETY_FORMULA_3_11_006,SAFETY,3.55,OLE,word/embeddings/oleObject435.bin,formula_assets/SAFETY/word/embeddings/oleObject435.bin
SAFETY_FORMULA_3_11_007,SAFETY,3.56,OLE,word/embeddings/oleObject436.bin,formula_assets/SAFETY/word/embeddings/oleObject436.bin
SAFETY_FORMULA_3_11_008,SAFETY,3.57,OLE,word/embeddings/oleObject437.bin,formula_assets/SAFETY/word/embeddings/oleObject437.bin
SAFETY_FORMULA_3_12_001,SAFETY,3.58,OLE,word/embeddings/oleObject438.bin,formula_assets/SAFETY/word/embeddings/oleObject438.bin
SAFETY_FORMULA_3_12_002,SAFETY,,OLE,word/embeddings/oleObject439.bin,formula_assets/SAFETY/word/embeddings/oleObject439.bin
SAFETY_FORMULA_3_12_003,SAFETY,3.59,OLE,word/embeddings/oleObject440.bin,formula_assets/SAFETY/word/embeddings/oleObject440.bin
SAFETY_FORMULA_3_12_004,SAFETY,3.60,OLE,word/embeddings/oleObject441.bin,formula_assets/SAFETY/word/embeddings/oleObject441.bin
SAFETY_FORMULA_3_13_001,SAFETY,,OLE,word/embeddings/oleObject442.bin,formula_assets/SAFETY/word/embeddings/oleObject442.bin
SAFETY_FORMULA_3_13_002,SAFETY,3.61,OLE,word/embeddings/oleObject443.bin,formula_assets/SAFETY/word/embeddings/oleObject443.bin
SAFETY_FORMULA_3_13_003,SAFETY,,OLE,word/embeddings/oleObject444.bin,formula_assets/SAFETY/word/embeddings/oleObject444.bin
SAFETY_FORMULA_3_13_004,SAFETY,,OLE,word/embeddings/oleObject445.bin,formula_assets/SAFETY/word/embeddings/oleObject445.bin
SAFETY_FORMULA_3_13_005,SAFETY,,OLE,word/embeddings/oleObject446.bin,formula_assets/SAFETY/word/embeddings/oleObject446.bin
SAFETY_FORMULA_3_13_006,SAFETY,3.62,OLE,word/embeddings/oleObject447.bin,formula_assets/SAFETY/word/embeddings/oleObject447.bin
SAFETY_FORMULA_3_13_007,SAFETY,,OLE,word/embeddings/oleObject448.bin,formula_assets/SAFETY/word/embeddings/oleObject448.bin
SAFETY_FORMULA_3_13_008,SAFETY,,OLE,word/embeddings/oleObject449.bin,formula_assets/SAFETY/word/embeddings/oleObject449.bin
SAFETY_FORMULA_3_13_009,SAFETY,,OLE,word/embeddings/oleObject450.bin,formula_assets/SAFETY/word/embeddings/oleObject450.bin
SAFETY_FORMULA_3_13_010,SAFETY,,OLE,word/embeddings/oleObject451.bin,formula_assets/SAFETY/word/embeddings/oleObject451.bin
SAFETY_FORMULA_3_13_011,SAFETY,,OLE,word/embeddings/oleObject452.bin,formula_assets/SAFETY/word/embeddings/oleObject452.bin
SAFETY_FORMULA_3_13_012,SAFETY,,OLE,word/embeddings/oleObject453.bin,formula_assets/SAFETY/word/embeddings/oleObject453.bin
SAFETY_FORMULA_3_13_013,SAFETY,,OLE,word/embeddings/oleObject454.bin,formula_assets/SAFETY/word/embeddings/oleObject454.bin
SAFETY_FORMULA_3_13_014,SAFETY,3.63,OLE,word/embeddings/oleObject455.bin,formula_assets/SAFETY/word/embeddings/oleObject455.bin
SAFETY_FORMULA_3_13_015,SAFETY,,OLE,word/embeddings/oleObject456.bin,formula_assets/SAFETY/word/embeddings/oleObject456.bin
SAFETY_FORMULA_3_13_016,SAFETY,,OLE,word/embeddings/oleObject457.bin,formula_assets/SAFETY/word/embeddings/oleObject457.bin
SAFETY_FORMULA_3_13_017,SAFETY,,OLE,word/embeddings/oleObject458.bin,formula_assets/SAFETY/word/embeddings/oleObject458.bin
SAFETY_FORMULA_3_13_018,SAFETY,,OLE,word/embeddings/oleObject459.bin,formula_assets/SAFETY/word/embeddings/oleObject459.bin
SAFETY_FORMULA_3_13_019,SAFETY,,OLE,word/embeddings/oleObject460.bin,formula_assets/SAFETY/word/embeddings/oleObject460.bin
SAFETY_FORMULA_3_13_020,SAFETY,,OLE,word/embeddings/oleObject461.bin,formula_assets/SAFETY/word/embeddings/oleObject461.bin
SAFETY_FORMULA_3_14_001,SAFETY,,OLE,word/embeddings/oleObject462.bin,formula_assets/SAFETY/word/embeddings/oleObject462.bin
SAFETY_FORMULA_3_14_002,SAFETY,,OLE,word/embeddings/oleObject463.bin,formula_assets/SAFETY/word/embeddings/oleObject463.bin
SAFETY_FORMULA_3_14_003,SAFETY,,OLE,word/embeddings/oleObject464.bin,formula_assets/SAFETY/word/embeddings/oleObject464.bin
SAFETY_FORMULA_3_14_004,SAFETY,,OLE,word/embeddings/oleObject465.bin,formula_assets/SAFETY/word/embeddings/oleObject465.bin
SAFETY_FORMULA_3_14_005,SAFETY,3.64,OLE,word/embeddings/oleObject466.bin,formula_assets/SAFETY/word/embeddings/oleObject466.bin
SAFETY_FORMULA_3_14_006,SAFETY,,OLE,word/embeddings/oleObject467.bin,formula_assets/SAFETY/word/embeddings/oleObject467.bin
SAFETY_FORMULA_3_14_007,SAFETY,,OLE,word/embeddings/oleObject468.bin,formula_assets/SAFETY/word/embeddings/oleObject468.bin
SAFETY_FORMULA_3_14_008,SAFETY,,OLE,word/embeddings/oleObject469.bin,formula_assets/SAFETY/word/embeddings/oleObject469.bin
SAFETY_FORMULA_3_14_009,SAFETY,,OLE,word/embeddings/oleObject470.bin,formula_assets/SAFETY/word/embeddings/oleObject470.bin
SAFETY_FORMULA_3_14_010,SAFETY,,OLE,word/embeddings/oleObject471.bin,formula_assets/SAFETY/word/embeddings/oleObject471.bin
SAFETY_FORMULA_3_14_011,SAFETY,,OLE,word/embeddings/oleObject472.bin,formula_assets/SAFETY/word/embeddings/oleObject472.bin
SAFETY_FORMULA_3_14_012,SAFETY,,OLE,word/embeddings/oleObject473.bin,formula_assets/SAFETY/word/embeddings/oleObject473.bin
SAFETY_FORMULA_3_14_013,SAFETY,,OLE,word/embeddings/oleObject474.bin,formula_assets/SAFETY/word/embeddings/oleObject474.bin
SAFETY_FORMULA_3_14_014,SAFETY,,OLE,word/embeddings/oleObject475.bin,formula_assets/SAFETY/word/embeddings/oleObject475.bin
SAFETY_FORMULA_3_14_015,SAFETY,,OLE,word/embeddings/oleObject476.bin,formula_assets/SAFETY/word/embeddings/oleObject476.bin
SAFETY_FORMULA_3_14_016,SAFETY,,OLE,word/embeddings/oleObject477.bin,formula_assets/SAFETY/word/embeddings/oleObject477.bin
SAFETY_FORMULA_3_14_017,SAFETY,,OLE,word/embeddings/oleObject478.bin,formula_assets/SAFETY/word/embeddings/oleObject478.bin
SAFETY_FORMULA_3_14_018,SAFETY,,OLE,word/embeddings/oleObject479.bin,formula_assets/SAFETY/word/embeddings/oleObject479.bin
SAFETY_FORMULA_3_14_019,SAFETY,,OLE,word/embeddings/oleObject480.bin,formula_assets/SAFETY/word/embeddings/oleObject480.bin
SAFETY_FORMULA_3_14_020,SAFETY,,OLE,word/embeddings/oleObject481.bin,formula_assets/SAFETY/word/embeddings/oleObject481.bin
SAFETY_FORMULA_3_14_021,SAFETY,,OLE,word/embeddings/oleObject482.bin,formula_assets/SAFETY/word/embeddings/oleObject482.bin
SAFETY_FORMULA_3_14_022,SAFETY,,OLE,word/embeddings/oleObject483.bin,formula_assets/SAFETY/word/embeddings/oleObject483.bin
SAFETY_FORMULA_3_15_001,SAFETY,,OLE,word/embeddings/oleObject484.bin,formula_assets/SAFETY/word/embeddings/oleObject484.bin
SAFETY_FORMULA_3_15_002,SAFETY,,OLE,word/embeddings/oleObject485.bin,formula_assets/SAFETY/word/embeddings/oleObject485.bin
SAFETY_FORMULA_3_15_003,SAFETY,,OLE,word/embeddings/oleObject486.bin,formula_assets/SAFETY/word/embeddings/oleObject486.bin
SAFETY_FORMULA_3_15_004,SAFETY,,OLE,word/embeddings/oleObject487.bin,formula_assets/SAFETY/word/embeddings/oleObject487.bin
SAFETY_FORMULA_3_15_005,SAFETY,3.65,OLE,word/embeddings/oleObject488.bin,formula_assets/SAFETY/word/embeddings/oleObject488.bin
SAFETY_FORMULA_3_15_006,SAFETY,,OLE,word/embeddings/oleObject489.bin,formula_assets/SAFETY/word/embeddings/oleObject489.bin
SAFETY_FORMULA_3_15_007,SAFETY,,OLE,word/embeddings/oleObject490.bin,formula_assets/SAFETY/word/embeddings/oleObject490.bin
SAFETY_FORMULA_3_15_008,SAFETY,,OLE,word/embeddings/oleObject491.bin,formula_assets/SAFETY/word/embeddings/oleObject491.bin
SAFETY_FORMULA_3_15_009,SAFETY,,OLE,word/embeddings/oleObject492.bin,formula_assets/SAFETY/word/embeddings/oleObject492.bin
SAFETY_FORMULA_3_15_010,SAFETY,,OLE,word/embeddings/oleObject493.bin,formula_assets/SAFETY/word/embeddings/oleObject493.bin
SAFETY_FORMULA_3_15_011,SAFETY,,OLE,word/embeddings/oleObject494.bin,formula_assets/SAFETY/word/embeddings/oleObject494.bin
SAFETY_FORMULA_3_15_012,SAFETY,,OLE,word/embeddings/oleObject495.bin,formula_assets/SAFETY/word/embeddings/oleObject495.bin
SAFETY_FORMULA_3_15_013,SAFETY,3.66,OLE,word/embeddings/oleObject496.bin,formula_assets/SAFETY/word/embeddings/oleObject496.bin
SAFETY_FORMULA_3_15_014,SAFETY,,OLE,word/embeddings/oleObject497.bin,formula_assets/SAFETY/word/embeddings/oleObject497.bin
SAFETY_FORMULA_3_15_015,SAFETY,3.67,OLE,word/embeddings/oleObject498.bin,formula_assets/SAFETY/word/embeddings/oleObject498.bin
SAFETY_FORMULA_3_15_016,SAFETY,3.68,OLE,word/embeddings/oleObject499.bin,formula_assets/SAFETY/word/embeddings/oleObject499.bin
SAFETY_FORMULA_3_15_017,SAFETY,3.69,OLE,word/embeddings/oleObject500.bin,formula_assets/SAFETY/word/embeddings/oleObject500.bin
SAFETY_FORMULA_3_15_018,SAFETY,,OLE,word/embeddings/oleObject501.bin,formula_assets/SAFETY/word/embeddings/oleObject501.bin
SAFETY_FORMULA_3_15_019,SAFETY,,OLE,word/embeddings/oleObject502.bin,formula_assets/SAFETY/word/embeddings/oleObject502.bin
SAFETY_FORMULA_3_15_020,SAFETY,,OLE,word/embeddings/oleObject503.bin,formula_assets/SAFETY/word/embeddings/oleObject503.bin
SAFETY_FORMULA_3_15_021,SAFETY,,OLE,word/embeddings/oleObject504.bin,formula_assets/SAFETY/word/embeddings/oleObject504.bin
SAFETY_FORMULA_3_15_022,SAFETY,,OLE,word/embeddings/oleObject505.bin,formula_assets/SAFETY/word/embeddings/oleObject505.bin
SAFETY_FORMULA_3_16_001,SAFETY,3.70,OLE,word/embeddings/oleObject506.bin,formula_assets/SAFETY/word/embeddings/oleObject506.bin
SAFETY_FORMULA_3_17_001,SAFETY,3.71,OLE,word/embeddings/oleObject507.bin,formula_assets/SAFETY/word/embeddings/oleObject507.bin
SAFETY_FORMULA_3_1_001,SAFETY,3.1,OLE,word/embeddings/oleObject239.bin,formula_assets/SAFETY/word/embeddings/oleObject239.bin
SAFETY_FORMULA_3_1_002,SAFETY,,OLE,word/embeddings/oleObject240.bin,formula_assets/SAFETY/word/embeddings/oleObject240.bin
SAFETY_FORMULA_3_1_003,SAFETY,3.2,OLE,word/embeddings/oleObject241.bin,formula_assets/SAFETY/word/embeddings/oleObject241.bin
SAFETY_FORMULA_3_1_004,SAFETY,,OLE,word/embeddings/oleObject242.bin,formula_assets/SAFETY/word/embeddings/oleObject242.bin
SAFETY_FORMULA_3_1_005,SAFETY,3.3,OLE,word/embeddings/oleObject243.bin,formula_assets/SAFETY/word/embeddings/oleObject243.bin
SAFETY_FORMULA_3_1_006,SAFETY,,OLE,word/embeddings/oleObject244.bin,formula_assets/SAFETY/word/embeddings/oleObject244.bin
SAFETY_FORMULA_3_1_007,SAFETY,,OLE,word/embeddings/oleObject245.bin,formula_assets/SAFETY/word/embeddings/oleObject245.bin
SAFETY_FORMULA_3_1_008,SAFETY,,OLE,word/embeddings/oleObject246.bin,formula_assets/SAFETY/word/embeddings/oleObject246.bin
SAFETY_FORMULA_3_1_009,SAFETY,,OLE,word/embeddings/oleObject247.bin,formula_assets/SAFETY/word/embeddings/oleObject247.bin
SAFETY_FORMULA_3_1_010,SAFETY,,OLE,word/embeddings/oleObject248.bin,formula_assets/SAFETY/word/embeddings/oleObject248.bin
SAFETY_FORMULA_3_1_011,SAFETY,,OLE,word/embeddings/oleObject249.bin,formula_assets/SAFETY/word/embeddings/oleObject249.bin
SAFETY_FORMULA_3_1_012,SAFETY,,OLE,word/embeddings/oleObject250.bin,formula_assets/SAFETY/word/embeddings/oleObject250.bin
SAFETY_FORMULA_3_1_013,SAFETY,,OLE,word/embeddings/oleObject251.bin,formula_assets/SAFETY/word/embeddings/oleObject251.bin
SAFETY_FORMULA_3_1_014,SAFETY,,OLE,word/embeddings/oleObject252.bin,formula_assets/SAFETY/word/embeddings/oleObject252.bin
SAFETY_FORMULA_3_1_015,SAFETY,,OLE,word/embeddings/oleObject253.bin,formula_assets/SAFETY/word/embeddings/oleObject253.bin
SAFETY_FORMULA_3_1_016,SAFETY,,OLE,word/embeddings/oleObject254.bin,formula_assets/SAFETY/word/embeddings/oleObject254.bin
SAFETY_FORMULA_3_1_018,SAFETY,,OLE,word/embeddings/oleObject255.bin,formula_assets/SAFETY/word/embeddings/oleObject255.bin
SAFETY_FORMULA_3_1_020,SAFETY,3.4,OLE,word/embeddings/oleObject256.bin,formula_assets/SAFETY/word/embeddings/oleObject256.bin
SAFETY_FORMULA_3_1_021,SAFETY,,OLE,word/embeddings/oleObject257.bin,formula_assets/SAFETY/word/embeddings/oleObject257.bin
SAFETY_FORMULA_3_1_022,SAFETY,3.5,OLE,word/embeddings/oleObject258.bin,formula_assets/SAFETY/word/embeddings/oleObject258.bin
SAFETY_FORMULA_3_1_023,SAFETY,,OLE,word/embeddings/oleObject259.bin,formula_assets/SAFETY/word/embeddings/oleObject259.bin
SAFETY_FORMULA_3_1_024,SAFETY,,OLE,word/embeddings/oleObject260.bin,formula_assets/SAFETY/word/embeddings/oleObject260.bin
SAFETY_FORMULA_3_1_025,SAFETY,3.6,OLE,word/embeddings/oleObject261.bin,formula_assets/SAFETY/word/embeddings/oleObject261.bin
SAFETY_FORMULA_3_1_026,SAFETY,,OLE,word/embeddings/oleObject262.bin,formula_assets/SAFETY/word/embeddings/oleObject262.bin
SAFETY_FORMULA_3_1_027,SAFETY,,OLE,word/embeddings/oleObject263.bin,formula_assets/SAFETY/word/embeddings/oleObject263.bin
SAFETY_FORMULA_3_1_028,SAFETY,,OLE,word/embeddings/oleObject264.bin,formula_assets/SAFETY/word/embeddings/oleObject264.bin
SAFETY_FORMULA_3_1_029,SAFETY,,OLE,word/embeddings/oleObject265.bin,formula_assets/SAFETY/word/embeddings/oleObject265.bin
SAFETY_FORMULA_3_1_030,SAFETY,,OLE,word/embeddings/oleObject266.bin,formula_assets/SAFETY/word/embeddings/oleObject266.bin
SAFETY_FORMULA_3_1_031,SAFETY,,OLE,word/embeddings/oleObject267.bin,formula_assets/SAFETY/word/embeddings/oleObject267.bin
SAFETY_FORMULA_3_1_032,SAFETY,,OLE,word/embeddings/oleObject268.bin,formula_assets/SAFETY/word/embeddings/oleObject268.bin
SAFETY_FORMULA_3_1_033,SAFETY,,OLE,word/embeddings/oleObject269.bin,formula_assets/SAFETY/word/embeddings/oleObject269.bin
SAFETY_FORMULA_3_1_034,SAFETY,,OLE,word/embeddings/oleObject270.bin,formula_assets/SAFETY/word/embeddings/oleObject270.bin
SAFETY_FORMULA_3_1_035,SAFETY,3.7,OLE,word/embeddings/oleObject271.bin,formula_assets/SAFETY/word/embeddings/oleObject271.bin
SAFETY_FORMULA_3_20_001,SAFETY,,OLE,word/embeddings/oleObject508.bin,formula_assets/SAFETY/word/embeddings/oleObject508.bin
SAFETY_FORMULA_3_20_002,SAFETY,,OLE,word/embeddings/oleObject509.bin,formula_assets/SAFETY/word/embeddings/oleObject509.bin
SAFETY_FORMULA_3_20_003,SAFETY,,OLE,word/embeddings/oleObject510.bin,formula_assets/SAFETY/word/embeddings/oleObject510.bin
SAFETY_FORMULA_3_20_004,SAFETY,,OLE,word/embeddings/oleObject511.bin,formula_assets/SAFETY/word/embeddings/oleObject511.bin
SAFETY_FORMULA_3_20_005,SAFETY,3.72,OLE,word/embeddings/oleObject512.bin,formula_assets/SAFETY/word/embeddings/oleObject512.bin
SAFETY_FORMULA_3_20_006,SAFETY,,OLE,word/embeddings/oleObject513.bin,formula_assets/SAFETY/word/embeddings/oleObject513.bin
SAFETY_FORMULA_3_20_007,SAFETY,,OLE,word/embeddings/oleObject514.bin,formula_assets/SAFETY/word/embeddings/oleObject514.bin
SAFETY_FORMULA_3_20_008,SAFETY,,OLE,word/embeddings/oleObject515.bin,formula_assets/SAFETY/word/embeddings/oleObject515.bin
SAFETY_FORMULA_3_20_009,SAFETY,,OLE,word/embeddings/oleObject516.bin,formula_assets/SAFETY/word/embeddings/oleObject516.bin
SAFETY_FORMULA_3_20_010,SAFETY,3.73,OLE,word/embeddings/oleObject517.bin,formula_assets/SAFETY/word/embeddings/oleObject517.bin
SAFETY_FORMULA_3_20_011,SAFETY,,OLE,word/embeddings/oleObject518.bin,formula_assets/SAFETY/word/embeddings/oleObject518.bin
SAFETY_FORMULA_3_20_012,SAFETY,,OLE,word/embeddings/oleObject519.bin,formula_assets/SAFETY/word/embeddings/oleObject519.bin
SAFETY_FORMULA_3_20_013,SAFETY,,OLE,word/embeddings/oleObject520.bin,formula_assets/SAFETY/word/embeddings/oleObject520.bin
SAFETY_FORMULA_3_20_014,SAFETY,,OLE,word/embeddings/oleObject521.bin,formula_assets/SAFETY/word/embeddings/oleObject521.bin
SAFETY_FORMULA_3_20_015,SAFETY,3.74,OLE,word/embeddings/oleObject522.bin,formula_assets/SAFETY/word/embeddings/oleObject522.bin
SAFETY_FORMULA_3_20_016,SAFETY,,OLE,word/embeddings/oleObject523.bin,formula_assets/SAFETY/word/embeddings/oleObject523.bin
SAFETY_FORMULA_3_20_017,SAFETY,,OLE,word/embeddings/oleObject524.bin,formula_assets/SAFETY/word/embeddings/oleObject524.bin
SAFETY_FORMULA_3_20_018,SAFETY,,OLE,word/embeddings/oleObject525.bin,formula_assets/SAFETY/word/embeddings/oleObject525.bin
SAFETY_FORMULA_3_20_019,SAFETY,3.75,OLE,word/embeddings/oleObject526.bin,formula_assets/SAFETY/word/embeddings/oleObject526.bin
SAFETY_FORMULA_3_20_020,SAFETY,,OLE,word/embeddings/oleObject527.bin,formula_assets/SAFETY/word/embeddings/oleObject527.bin
SAFETY_FORMULA_3_20_021,SAFETY,,OLE,word/embeddings/oleObject528.bin,formula_assets/SAFETY/word/embeddings/oleObject528.bin
SAFETY_FORMULA_3_20_022,SAFETY,,OLE,word/embeddings/oleObject529.bin,formula_assets/SAFETY/word/embeddings/oleObject529.bin
SAFETY_FORMULA_3_20_023,SAFETY,,OLE,word/embeddings/oleObject530.bin,formula_assets/SAFETY/word/embeddings/oleObject530.bin
SAFETY_FORMULA_3_20_024,SAFETY,3.76,OLE,word/embeddings/oleObject531.bin,formula_assets/SAFETY/word/embeddings/oleObject531.bin
SAFETY_FORMULA_3_20_025,SAFETY,,OLE,word/embeddings/oleObject532.bin,formula_assets/SAFETY/word/embeddings/oleObject532.bin
SAFETY_FORMULA_3_20_026,SAFETY,3.77,OLE,word/embeddings/oleObject533.bin,formula_assets/SAFETY/word/embeddings/oleObject533.bin
SAFETY_FORMULA_3_20_027,SAFETY,3.78,OLE,word/embeddings/oleObject534.bin,formula_assets/SAFETY/word/embeddings/oleObject534.bin
SAFETY_FORMULA_3_20_028,SAFETY,,OLE,word/embeddings/oleObject535.bin,formula_assets/SAFETY/word/embeddings/oleObject535.bin
SAFETY_FORMULA_3_20_029,SAFETY,,OLE,word/embeddings/oleObject536.bin,formula_assets/SAFETY/word/embeddings/oleObject536.bin
SAFETY_FORMULA_3_20_030,SAFETY,3.79,OLE,word/embeddings/oleObject537.bin,formula_assets/SAFETY/word/embeddings/oleObject537.bin
SAFETY_FORMULA_3_20_031,SAFETY,3.80,OLE,word/embeddings/oleObject538.bin,formula_assets/SAFETY/word/embeddings/oleObject538.bin
SAFETY_FORMULA_3_2_001,SAFETY,,OLE,word/embeddings/oleObject272.bin,formula_assets/SAFETY/word/embeddings/oleObject272.bin
SAFETY_FORMULA_3_2_002,SAFETY,3.8,OLE,word/embeddings/oleObject273.bin,formula_assets/SAFETY/word/embeddings/oleObject273.bin
SAFETY_FORMULA_3_2_003,SAFETY,3.9,OLE,word/embeddings/oleObject274.bin,formula_assets/SAFETY/word/embeddings/oleObject274.bin
SAFETY_FORMULA_3_2_004,SAFETY,3.10,OLE,word/embeddings/oleObject275.bin,formula_assets/SAFETY/word/embeddings/oleObject275.bin
SAFETY_FORMULA_3_2_005,SAFETY,,OLE,word/embeddings/oleObject276.bin,formula_assets/SAFETY/word/embeddings/oleObject276.bin
SAFETY_FORMULA_3_2_006,SAFETY,,OLE,word/embeddings/oleObject277.bin,formula_assets/SAFETY/word/embeddings/oleObject277.bin
SAFETY_FORMULA_3_2_007,SAFETY,,OLE,word/embeddings/oleObject278.bin,formula_assets/SAFETY/word/embeddings/oleObject278.bin
SAFETY_FORMULA_3_2_008,SAFETY,,OLE,word/embeddings/oleObject279.bin,formula_assets/SAFETY/word/embeddings/oleObject279.bin
SAFETY_FORMULA_3_2_009,SAFETY,,OLE,word/embeddings/oleObject280.bin,formula_assets/SAFETY/word/embeddings/oleObject280.bin
SAFETY_FORMULA_3_2_010,SAFETY,,OLE,word/embeddings/oleObject281.bin,formula_assets/SAFETY/word/embeddings/oleObject281.bin
SAFETY_FORMULA_3_2_011,SAFETY,,OLE,word/embeddings/oleObject282.bin,formula_assets/SAFETY/word/embeddings/oleObject282.bin
SAFETY_FORMULA_3_2_012,SAFETY,,OLE,word/embeddings/oleObject283.bin,formula_assets/SAFETY/word/embeddings/oleObject283.bin
SAFETY_FORMULA_3_2_013,SAFETY,,OLE,word/embeddings/oleObject284.bin,formula_assets/SAFETY/word/embeddings/oleObject284.bin
SAFETY_FORMULA_3_2_014,SAFETY,,OLE,word/embeddings/oleObject285.bin,formula_assets/SAFETY/word/embeddings/oleObject285.bin
SAFETY_FORMULA_3_2_015,SAFETY,,OLE,word/embeddings/oleObject286.bin,formula_assets/SAFETY/word/embeddings/oleObject286.bin
SAFETY_FORMULA_3_2_016,SAFETY,,OLE,word/embeddings/oleObject291.bin,formula_assets/SAFETY/word/embeddings/oleObject291.bin
SAFETY_FORMULA_3_2_017,SAFETY,3.11,OLE,word/embeddings/oleObject292.bin,formula_assets/SAFETY/word/embeddings/oleObject292.bin
SAFETY_FORMULA_3_2_018,SAFETY,,OLE,word/embeddings/oleObject293.bin,formula_assets/SAFETY/word/embeddings/oleObject293.bin
SAFETY_FORMULA_3_2_019,SAFETY,3.12,OLE,word/embeddings/oleObject294.bin,formula_assets/SAFETY/word/embeddings/oleObject294.bin
SAFETY_FORMULA_3_2_020,SAFETY,,OLE,word/embeddings/oleObject295.bin,formula_assets/SAFETY/word/embeddings/oleObject295.bin
SAFETY_FORMULA_3_2_021,SAFETY,,OLE,word/embeddings/oleObject296.bin,formula_assets/SAFETY/word/embeddings/oleObject296.bin
SAFETY_FORMULA_3_2_022,SAFETY,,OLE,word/embeddings/oleObject297.bin,formula_assets/SAFETY/word/embeddings/oleObject297.bin
SAFETY_FORMULA_3_2_023,SAFETY,,OLE,word/embeddings/oleObject298.bin,formula_assets/SAFETY/word/embeddings/oleObject298.bin
SAFETY_FORMULA_3_2_024,SAFETY,,OLE,word/embeddings/oleObject299.bin,formula_assets/SAFETY/word/embeddings/oleObject299.bin
SAFETY_FORMULA_3_2_025,SAFETY,,OLE,word/embeddings/oleObject300.bin,formula_assets/SAFETY/word/embeddings/oleObject300.bin
SAFETY_FORMULA_3_2_026,SAFETY,,OLE,word/embeddings/oleObject301.bin,formula_assets/SAFETY/word/embeddings/oleObject301.bin
SAFETY_FORMULA_3_2_027,SAFETY,,OLE,word/embeddings/oleObject302.bin,formula_assets/SAFETY/word/embeddings/oleObject302.bin
SAFETY_FORMULA_3_2_028,SAFETY,3.13,OLE,word/embeddings/oleObject303.bin,formula_assets/SAFETY/word/embeddings/oleObject303.bin
SAFETY_FORMULA_3_2_029,SAFETY,,OLE,word/embeddings/oleObject304.bin,formula_assets/SAFETY/word/embeddings/oleObject304.bin
SAFETY_FORMULA_3_2_030,SAFETY,,OLE,word/embeddings/oleObject305.bin,formula_assets/SAFETY/word/embeddings/oleObject305.bin
SAFETY_FORMULA_3_2_031,SAFETY,,OLE,word/embeddings/oleObject306.bin,formula_assets/SAFETY/word/embeddings/oleObject306.bin
SAFETY_FORMULA_3_2_032,SAFETY,,OLE,word/embeddings/oleObject307.bin,formula_assets/SAFETY/word/embeddings/oleObject307.bin
SAFETY_FORMULA_3_2_033,SAFETY,,OLE,word/embeddings/oleObject308.bin,formula_assets/SAFETY/word/embeddings/oleObject308.bin
SAFETY_FORMULA_3_2_034,SAFETY,,OLE,word/embeddings/oleObject309.bin,formula_assets/SAFETY/word/embeddings/oleObject309.bin
SAFETY_FORMULA_3_2_035,SAFETY,,OLE,word/embeddings/oleObject310.bin,formula_assets/SAFETY/word/embeddings/oleObject310.bin
SAFETY_FORMULA_3_2_036,SAFETY,,OLE,word/embeddings/oleObject311.bin,formula_assets/SAFETY/word/embeddings/oleObject311.bin
SAFETY_FORMULA_3_2_037,SAFETY,3.14,OLE,word/embeddings/oleObject312.bin,formula_assets/SAFETY/word/embeddings/oleObject312.bin
SAFETY_FORMULA_3_2_038,SAFETY,,OLE,word/embeddings/oleObject313.bin,formula_assets/SAFETY/word/embeddings/oleObject313.bin
SAFETY_FORMULA_3_2_039,SAFETY,,OLE,word/embeddings/oleObject314.bin,formula_assets/SAFETY/word/embeddings/oleObject314.bin
SAFETY_FORMULA_3_2_040,SAFETY,,OLE,word/embeddings/oleObject315.bin,formula_assets/SAFETY/word/embeddings/oleObject315.bin
SAFETY_FORMULA_3_2_041,SAFETY,,OLE,word/embeddings/oleObject316.bin,formula_assets/SAFETY/word/embeddings/oleObject316.bin
SAFETY_FORMULA_3_2_042,SAFETY,,OLE,word/embeddings/oleObject317.bin,formula_assets/SAFETY/word/embeddings/oleObject317.bin
SAFETY_FORMULA_3_2_043,SAFETY,,OLE,word/embeddings/oleObject318.bin,formula_assets/SAFETY/word/embeddings/oleObject318.bin
SAFETY_FORMULA_3_2_044,SAFETY,,OLE,word/embeddings/oleObject319.bin,formula_assets/SAFETY/word/embeddings/oleObject319.bin
SAFETY_FORMULA_3_2_045,SAFETY,,OLE,word/embeddings/oleObject320.bin,formula_assets/SAFETY/word/embeddings/oleObject320.bin
SAFETY_FORMULA_3_2_046,SAFETY,,OLE,word/embeddings/oleObject321.bin,formula_assets/SAFETY/word/embeddings/oleObject321.bin
SAFETY_FORMULA_3_2_047,SAFETY,3.15,OLE,word/embeddings/oleObject322.bin,formula_assets/SAFETY/word/embeddings/oleObject322.bin
SAFETY_FORMULA_3_2_048,SAFETY,,OLE,word/embeddings/oleObject323.bin,formula_assets/SAFETY/word/embeddings/oleObject323.bin
SAFETY_FORMULA_3_2_049,SAFETY,,OLE,word/embeddings/oleObject324.bin,formula_assets/SAFETY/word/embeddings/oleObject324.bin
SAFETY_FORMULA_3_2_050,SAFETY,,OLE,word/embeddings/oleObject325.bin,formula_assets/SAFETY/word/embeddings/oleObject325.bin
SAFETY_FORMULA_3_2_051,SAFETY,,OLE,word/embeddings/oleObject326.bin,formula_assets/SAFETY/word/embeddings/oleObject326.bin
SAFETY_FORMULA_3_2_052,SAFETY,,OLE,word/embeddings/oleObject327.bin,formula_assets/SAFETY/word/embeddings/oleObject327.bin
SAFETY_FORMULA_3_2_053,SAFETY,,OLE,word/embeddings/oleObject328.bin,formula_assets/SAFETY/word/embeddings/oleObject328.bin
SAFETY_FORMULA_3_2_054,SAFETY,,OLE,word/embeddings/oleObject329.bin,formula_assets/SAFETY/word/embeddings/oleObject329.bin
SAFETY_FORMULA_3_2_055,SAFETY,,OLE,word/embeddings/oleObject330.bin,formula_assets/SAFETY/word/embeddings/oleObject330.bin
SAFETY_FORMULA_3_3_001,SAFETY,,OLE,word/embeddings/oleObject331.bin,formula_assets/SAFETY/word/embeddings/oleObject331.bin
SAFETY_FORMULA_3_3_002,SAFETY,,OLE,word/embeddings/oleObject332.bin,formula_assets/SAFETY/word/embeddings/oleObject332.bin
SAFETY_FORMULA_3_3_003,SAFETY,,OLE,word/embeddings/oleObject333.bin,formula_assets/SAFETY/word/embeddings/oleObject333.bin
SAFETY_FORMULA_3_3_004,SAFETY,,OLE,word/embeddings/oleObject334.bin,formula_assets/SAFETY/word/embeddings/oleObject334.bin
SAFETY_FORMULA_3_3_005,SAFETY,3.16,OLE,word/embeddings/oleObject335.bin,formula_assets/SAFETY/word/embeddings/oleObject335.bin
SAFETY_FORMULA_3_3_006,SAFETY,,OLE,word/embeddings/oleObject336.bin,formula_assets/SAFETY/word/embeddings/oleObject336.bin
SAFETY_FORMULA_3_3_007,SAFETY,,OLE,word/embeddings/oleObject337.bin,formula_assets/SAFETY/word/embeddings/oleObject337.bin
SAFETY_FORMULA_3_3_008,SAFETY,,OLE,word/embeddings/oleObject338.bin,formula_assets/SAFETY/word/embeddings/oleObject338.bin
SAFETY_FORMULA_3_3_009,SAFETY,,OLE,word/embeddings/oleObject339.bin,formula_assets/SAFETY/word/embeddings/oleObject339.bin
SAFETY_FORMULA_3_3_010,SAFETY,,OLE,word/embeddings/oleObject340.bin,formula_assets/SAFETY/word/embeddings/oleObject340.bin
SAFETY_FORMULA_3_3_011,SAFETY,,OLE,word/embeddings/oleObject341.bin,formula_assets/SAFETY/word/embeddings/oleObject341.bin
SAFETY_FORMULA_3_3_012,SAFETY,,OLE,word/embeddings/oleObject342.bin,formula_assets/SAFETY/word/embeddings/oleObject342.bin
SAFETY_FORMULA_3_3_013,SAFETY,,OLE,word/embeddings/oleObject343.bin,formula_assets/SAFETY/word/embeddings/oleObject343.bin
SAFETY_FORMULA_3_3_014,SAFETY,,OLE,word/embeddings/oleObject344.bin,formula_assets/SAFETY/word/embeddings/oleObject344.bin
SAFETY_FORMULA_3_3_015,SAFETY,,OLE,word/embeddings/oleObject345.bin,formula_assets/SAFETY/word/embeddings/oleObject345.bin
SAFETY_FORMULA_3_3_016,SAFETY,,OLE,word/embeddings/oleObject346.bin,formula_assets/SAFETY/word/embeddings/oleObject346.bin
SAFETY_FORMULA_3_3_017,SAFETY,3.17,OLE,word/embeddings/oleObject347.bin,formula_assets/SAFETY/word/embeddings/oleObject347.bin
SAFETY_FORMULA_3_3_018,SAFETY,3.18,OLE,word/embeddings/oleObject348.bin,formula_assets/SAFETY/word/embeddings/oleObject348.bin
SAFETY_FORMULA_3_3_019,SAFETY,,OLE,word/embeddings/oleObject349.bin,formula_assets/SAFETY/word/embeddings/oleObject349.bin
SAFETY_FORMULA_3_3_020,SAFETY,,OLE,word/embeddings/oleObject350.bin,formula_assets/SAFETY/word/embeddings/oleObject350.bin
SAFETY_FORMULA_3_3_021,SAFETY,,OLE,word/embeddings/oleObject351.bin,formula_assets/SAFETY/word/embeddings/oleObject351.bin
SAFETY_FORMULA_3_3_022,SAFETY,,OLE,word/embeddings/oleObject352.bin,formula_assets/SAFETY/word/embeddings/oleObject352.bin
SAFETY_FORMULA_3_3_023,SAFETY,3.19,OLE,word/embeddings/oleObject353.bin,formula_assets/SAFETY/word/embeddings/oleObject353.bin
SAFETY_FORMULA_3_3_024,SAFETY,,OLE,word/embeddings/oleObject354.bin,formula_assets/SAFETY/word/embeddings/oleObject354.bin
SAFETY_FORMULA_3_3_026,SAFETY,,OLE,word/embeddings/oleObject355.bin,formula_assets/SAFETY/word/embeddings/oleObject355.bin
SAFETY_FORMULA_3_3_027,SAFETY,,OLE,word/embeddings/oleObject356.bin,formula_assets/SAFETY/word/embeddings/oleObject356.bin
SAFETY_FORMULA_3_3_028,SAFETY,,OLE,word/embeddings/oleObject357.bin,formula_assets/SAFETY/word/embeddings/oleObject357.bin
SAFETY_FORMULA_3_3_029,SAFETY,,OLE,word/embeddings/oleObject358.bin,formula_assets/SAFETY/word/embeddings/oleObject358.bin
SAFETY_FORMULA_3_5_001,SAFETY,3.20,OLE,word/embeddings/oleObject359.bin,formula_assets/SAFETY/word/embeddings/oleObject359.bin
SAFETY_FORMULA_3_5_002,SAFETY,3.21,OLE,word/embeddings/oleObject360.bin,formula_assets/SAFETY/word/embeddings/oleObject360.bin
SAFETY_FORMULA_3_5_003,SAFETY,,OLE,word/embeddings/oleObject361.bin,formula_assets/SAFETY/word/embeddings/oleObject361.bin
SAFETY_FORMULA_3_5_004,SAFETY,3.22,OLE,word/embeddings/oleObject362.bin,formula_assets/SAFETY/word/embeddings/oleObject362.bin
SAFETY_FORMULA_3_5_005,SAFETY,3.23,OLE,word/embeddings/oleObject363.bin,formula_assets/SAFETY/word/embeddings/oleObject363.bin
SAFETY_FORMULA_3_5_006,SAFETY,,OLE,word/embeddings/oleObject364.bin,formula_assets/SAFETY/word/embeddings/oleObject364.bin
SAFETY_FORMULA_3_5_007,SAFETY,3.24,OLE,word/embeddings/oleObject365.bin,formula_assets/SAFETY/word/embeddings/oleObject365.bin
SAFETY_FORMULA_3_5_008,SAFETY,3.25,OLE,word/embeddings/oleObject366.bin,formula_assets/SAFETY/word/embeddings/oleObject366.bin
SAFETY_FORMULA_3_5_009,SAFETY,3.26,OLE,word/embeddings/oleObject367.bin,formula_assets/SAFETY/word/embeddings/oleObject367.bin
SAFETY_FORMULA_3_5_010,SAFETY,3.27,OLE,word/embeddings/oleObject368.bin,formula_assets/SAFETY/word/embeddings/oleObject368.bin
SAFETY_FORMULA_3_5_011,SAFETY,3.27,OLE,word/embeddings/oleObject369.bin,formula_assets/SAFETY/word/embeddings/oleObject369.bin
SAFETY_FORMULA_3_5_012,SAFETY,3.28,OLE,word/embeddings/oleObject370.bin,formula_assets/SAFETY/word/embeddings/oleObject370.bin
SAFETY_FORMULA_3_5_013,SAFETY,3.29,OLE,word/embeddings/oleObject371.bin,formula_assets/SAFETY/word/embeddings/oleObject371.bin
SAFETY_FORMULA_3_5_014,SAFETY,3.30,OLE,word/embeddings/oleObject372.bin,formula_assets/SAFETY/word/embeddings/oleObject372.bin
SAFETY_FORMULA_3_5_015,SAFETY,3.31,OLE,word/embeddings/oleObject373.bin,formula_assets/SAFETY/word/embeddings/oleObject373.bin
SAFETY_FORMULA_3_5_016,SAFETY,,OLE,word/embeddings/oleObject374.bin,formula_assets/SAFETY/word/embeddings/oleObject374.bin
SAFETY_FORMULA_3_5_017,SAFETY,,OLE,word/embeddings/oleObject375.bin,formula_assets/SAFETY/word/embeddings/oleObject375.bin
SAFETY_FORMULA_3_5_018,SAFETY,3.32,OLE,word/embeddings/oleObject376.bin,formula_assets/SAFETY/word/embeddings/oleObject376.bin
SAFETY_FORMULA_3_5_019,SAFETY,3.33,OLE,word/embeddings/oleObject377.bin,formula_assets/SAFETY/word/embeddings/oleObject377.bin
SAFETY_FORMULA_3_5_020,SAFETY,3.34,OLE,word/embeddings/oleObject378.bin,formula_assets/SAFETY/word/embeddings/oleObject378.bin
SAFETY_FORMULA_3_5_021,SAFETY,,OLE,word/embeddings/oleObject379.bin,formula_assets/SAFETY/word/embeddings/oleObject379.bin
SAFETY_FORMULA_3_5_022,SAFETY,,OLE,word/embeddings/oleObject380.bin,formula_assets/SAFETY/word/embeddings/oleObject380.bin
SAFETY_FORMULA_3_6_001,SAFETY,3.35,OLE,word/embeddings/oleObject381.bin,formula_assets/SAFETY/word/embeddings/oleObject381.bin
SAFETY_FORMULA_3_6_002,SAFETY,3.36,OLE,word/embeddings/oleObject382.bin,formula_assets/SAFETY/word/embeddings/oleObject382.bin
SAFETY_FORMULA_3_7_001,SAFETY,,OLE,word/embeddings/oleObject383.bin,formula_assets/SAFETY/word/embeddings/oleObject383.bin
SAFETY_FORMULA_3_7_002,SAFETY,,OLE,word/embeddings/oleObject384.bin,formula_assets/SAFETY/word/embeddings/oleObject384.bin
SAFETY_FORMULA_3_7_003,SAFETY,,OLE,word/embeddings/oleObject385.bin,formula_assets/SAFETY/word/embeddings/oleObject385.bin
SAFETY_FORMULA_3_7_004,SAFETY,,OLE,word/embeddings/oleObject386.bin,formula_assets/SAFETY/word/embeddings/oleObject386.bin
SAFETY_FORMULA_3_7_005,SAFETY,3.37,OLE,word/embeddings/oleObject387.bin,formula_assets/SAFETY/word/embeddings/oleObject387.bin
SAFETY_FORMULA_3_7_006,SAFETY,,OLE,word/embeddings/oleObject388.bin,formula_assets/SAFETY/word/embeddings/oleObject388.bin
SAFETY_FORMULA_3_7_007,SAFETY,,OLE,word/embeddings/oleObject389.bin,formula_assets/SAFETY/word/embeddings/oleObject389.bin
SAFETY_FORMULA_3_7_008,SAFETY,,OLE,word/embeddings/oleObject390.bin,formula_assets/SAFETY/word/embeddings/oleObject390.bin
SAFETY_FORMULA_3_7_009,SAFETY,,OLE,word/embeddings/oleObject391.bin,formula_assets/SAFETY/word/embeddings/oleObject391.bin
SAFETY_FORMULA_3_7_010,SAFETY,,OLE,word/embeddings/oleObject392.bin,formula_assets/SAFETY/word/embeddings/oleObject392.bin
SAFETY_FORMULA_3_7_011,SAFETY,,OLE,word/embeddings/oleObject393.bin,formula_assets/SAFETY/word/embeddings/oleObject393.bin
SAFETY_FORMULA_3_7_012,SAFETY,,OLE,word/embeddings/oleObject394.bin,formula_assets/SAFETY/word/embeddings/oleObject394.bin
SAFETY_FORMULA_3_7_013,SAFETY,,OLE,word/embeddings/oleObject395.bin,formula_assets/SAFETY/word/embeddings/oleObject395.bin
SAFETY_FORMULA_3_7_014,SAFETY,3.38,OLE,word/embeddings/oleObject396.bin,formula_assets/SAFETY/word/embeddings/oleObject396.bin
SAFETY_FORMULA_3_7_015,SAFETY,3.39,OLE,word/embeddings/oleObject397.bin,formula_assets/SAFETY/word/embeddings/oleObject397.bin
SAFETY_FORMULA_3_7_016,SAFETY,,OLE,word/embeddings/oleObject398.bin,formula_assets/SAFETY/word/embeddings/oleObject398.bin
SAFETY_FORMULA_3_7_017,SAFETY,,OLE,word/embeddings/oleObject399.bin,formula_assets/SAFETY/word/embeddings/oleObject399.bin
SAFETY_FORMULA_3_7_018,SAFETY,,OLE,word/embeddings/oleObject400.bin,formula_assets/SAFETY/word/embeddings/oleObject400.bin
SAFETY_FORMULA_3_7_019,SAFETY,3.40,OLE,word/embeddings/oleObject401.bin,formula_assets/SAFETY/word/embeddings/oleObject401.bin
SAFETY_FORMULA_3_8_001,SAFETY,,OLE,word/embeddings/oleObject402.bin,formula_assets/SAFETY/word/embeddings/oleObject402.bin
SAFETY_FORMULA_3_8_002,SAFETY,3.41,OLE,word/embeddings/oleObject403.bin,formula_assets/SAFETY/word/embeddings/oleObject403.bin
SAFETY_FORMULA_3_8_003,SAFETY,,OLE,word/embeddings/oleObject404.bin,formula_assets/SAFETY/word/embeddings/oleObject404.bin
SAFETY_FORMULA_3_8_004,SAFETY,,OLE,word/embeddings/oleObject405.bin,formula_assets/SAFETY/word/embeddings/oleObject405.bin
SAFETY_FORMULA_3_8_005,SAFETY,,OLE,word/embeddings/oleObject406.bin,formula_assets/SAFETY/word/embeddings/oleObject406.bin
SAFETY_FORMULA_3_8_006,SAFETY,,OLE,word/embeddings/oleObject407.bin,formula_assets/SAFETY/word/embeddings/oleObject407.bin
SAFETY_FORMULA_3_8_007,SAFETY,,OLE,word/embeddings/oleObject408.bin,formula_assets/SAFETY/word/embeddings/oleObject408.bin
SAFETY_FORMULA_3_8_008,SAFETY,,OLE,word/embeddings/oleObject409.bin,formula_assets/SAFETY/word/embeddings/oleObject409.bin
SAFETY_FORMULA_3_8_009,SAFETY,3.42,OLE,word/embeddings/oleObject410.bin,formula_assets/SAFETY/word/embeddings/oleObject410.bin
SAFETY_FORMULA_3_9_001,SAFETY,,OLE,word/embeddings/oleObject411.bin,formula_assets/SAFETY/word/embeddings/oleObject411.bin
SAFETY_FORMULA_3_9_002,SAFETY,,OLE,word/embeddings/oleObject412.bin,formula_assets/SAFETY/word/embeddings/oleObject412.bin
SAFETY_FORMULA_3_9_003,SAFETY,,OLE,word/embeddings/oleObject413.bin,formula_assets/SAFETY/word/embeddings/oleObject413.bin
SAFETY_FORMULA_3_9_004,SAFETY,,OLE,word/embeddings/oleObject414.bin,formula_assets/SAFETY/word/embeddings/oleObject414.bin
SAFETY_FORMULA_3_9_005,SAFETY,,OLE,word/embeddings/oleObject415.bin,formula_assets/SAFETY/word/embeddings/oleObject415.bin
SAFETY_FORMULA_3_9_006,SAFETY,,OLE,word/embeddings/oleObject416.bin,formula_assets/SAFETY/word/embeddings/oleObject416.bin
SAFETY_FORMULA_3_9_007,SAFETY,3.43,OLE,word/embeddings/oleObject417.bin,formula_assets/SAFETY/word/embeddings/oleObject417.bin
SAFETY_FORMULA_3_9_008,SAFETY,,OLE,word/embeddings/oleObject418.bin,formula_assets/SAFETY/word/embeddings/oleObject418.bin
SAFETY_FORMULA_3_9_009,SAFETY,,OLE,word/embeddings/oleObject419.bin,formula_assets/SAFETY/word/embeddings/oleObject419.bin
SAFETY_FORMULA_3_9_010,SAFETY,,OLE,word/embeddings/oleObject420.bin,formula_assets/SAFETY/word/embeddings/oleObject420.bin
SAFETY_FORMULA_3_9_011,SAFETY,,OLE,word/embeddings/oleObject421.bin,formula_assets/SAFETY/word/embeddings/oleObject421.bin
SAFETY_FORMULA_3_9_012,SAFETY,,OLE,word/embeddings/oleObject422.bin,formula_assets/SAFETY/word/embeddings/oleObject422.bin
SAFETY_FORMULA_3_9_013,SAFETY,,OLE,word/embeddings/oleObject423.bin,formula_assets/SAFETY/word/embeddings/oleObject423.bin
SDF_FORMULA_4_1_1_1_012,SDF,,OLE,word/embeddings/oleObject1.bin,formula_assets/SDF/word/embeddings/oleObject1.bin
