detail_id,active,directionality,evidence_status,extraction_confidence,extractor_version,import_batch,narrative_text,normalized_relation_type,raw_applicable_system,raw_input_text,raw_output_text,raw_relation_type,review_status,section_id,section_no,section_title,source_document_id,source_hash
SAFE_LD_2_1,true,DIRECTED,documented,1.0,1.0.0,20260829_v1,"比例爆距是综合表征爆距和装药质量对冲击波强度影响的参数。在爆炸形式、炸药类型及环境条件相同的情况下，比例爆距与冲击波超压具有对应关系。比例爆距减小时，冲击波超压随之升高；比例爆距增大时，冲击波超压随之降低。二者整体呈单调关系，但在较宽的比例爆距范围内，通常不是统一的简单函数，而是通过相似理论、量纲分析和实验标定参数的方法得到相应的经验计算公式。掌握比例爆距与冲击波超压之间的逻辑关系，对于爆炸危险范围划分、建筑物和设备抗爆设计、人员安全距离确定、安全防护效果评价具有重要意义。
在文献[1]中，由爆炸相似律及量纲分析可知，冲击波超压是比例爆距的函数，可展开成多项式（级数）形式，即：
（2.1）
（2.2）
其中：ω：装药质量，kg；
r：爆距，m；
Ai（i=0，1，2，3…）：系数，由实验确定。
在文献[1]中，对于冲击波超压常见的计算公式如下：
（1）经验公式：
（2.3）
其中：：比例爆距，m/kg1/3；
ω：装药质量，kg；
r：爆距，m；
该式还适用于，其中H为爆炸中心距离地面的高度，也是装药在无限空气中爆炸的近似。
（2）Henrych公式：
（2.4）
（2.5）
（2.6）
其中：：比例爆距，m/kg1/3；
ω：装药质量，kg；
r：爆距，m；",FUNCTION,球形TNT裸装药在无限空气中爆炸,比例爆距,冲击波超压,函数关联,auto,SAFETY_SEC_2_1,2.1,比例爆距-冲击波超压,DOC_SAFE_V111,b5ae46f0422331f3
SAFE_LD_2_10,true,DIRECTED,documented,1.0,1.0.0,20260829_v1,"装药密度是表征炸药装填状态的重要参数，对爆炸能量释放具有重要作用。
在文献[1]中，对装药爆炸产生的冲击波参数进行实验研究，获得冲击波参数与装药密度的关系曲线及回归系数，并与爆炸相似律经验公式结果进行比较。
（1）冲击波超压
图 2.6装药密度-冲击波超压
如图所示，随着装药密度的增大，固定观测点处的冲击波超压随之增大，与爆炸相似律经验公式计算结果的误差主要是由于经验公式是基于装药密度为1.5g/cm3条件下总结的。
（2）正压作用时间
图 2.7 装药密度-正压作用时间
如图所示，随着装药密度的增大，正压作用时间也随之增长。
（3）比冲量
图 2.8 装药密度-比冲量
如图所示，随着装药密度的增大，比冲量也显著增大。
对上述逻辑关系的总结如下：
表 2-6 装药密度对冲击波参数的影响趋势",TREND,密度为1.0~1.5g/cm3装药在空气中爆炸,装药密度,冲击波超压、正压作用时间、比冲量,趋势关联,auto,SAFETY_SEC_2_10,2.10,装药密度-冲击波参数,DOC_SAFE_V111,c2931029de452064
SAFE_LD_2_11,true,DIRECTED,documented,1.0,1.0.0,20260829_v1,"爆热用于表征单位质量炸药发生爆炸时释放的能量，TNT当量表征一定质量的待测炸药在能量释放方面相当于多少质量的TNT。待测炸药的爆热越大，其TNT当量通常越大。常见的冲击波计算公式，都是针对球形TNT装药在无限空气介质中的爆炸，但事实上炸药种类丰富，爆炸条件不尽相同，掌握爆热与TNT当量的逻辑关系，对比例爆距计算、爆炸冲击波参数的计算至关重要。
1）炸药在无限空气介质中爆炸
在文献[1]中，根据能量相似原理，基于爆热的TNT当量测算方法如下：
（2.25）
其中：Qv：待测装药爆热，J/kg；
QTNT：TNT爆热，取4.52×10⁶ J/kg；
ω：待测装药质量，kg；
ωe：待测装药的TNT当量，kg。
2）装药在地面上爆炸
在文献[1]中，当装药在地面爆炸时，首先根据爆热换算成无限空气中爆炸的TNT当量，再结合爆炸条件进一步换算。具体计算步骤如下：
（2.26）
,地面为刚性土壤	（2.27）
,地面为一般土壤	（2.28）
其中：Qv：待测装药爆热，J/kg；
QTNT：TNT爆热，取4.52×10⁶ J/kg；
ω：待测装药质量，kg；
ωe：无限空气中爆炸，待测装药的TNT当量，kg；
：地面爆炸，待测装药的TNT当量，kg。
3）装药在管道（坑道）内爆炸
在文献[1]中，当装药在管道（坑道）内爆炸时，首先根据爆热换算成无限空气中爆炸的TNT当量，再结合爆炸条件进一步换算。具体计算步骤如下：
（2.29）
,两端开口	（2.30）
,一端开口	（2.31）
其中：Qv：待测装药爆热，J/kg；
QTNT：TNT爆热，取4.52×10⁶ J/kg；
S：管道（坑道）截面积，m2；
r：冲击波传播距离，m；
ω：待测装药质量，kg；
ωe：无限空气中爆炸，待测装药的TNT当量，kg；
：管道（坑道）内爆炸，待测装药的TNT当量，kg。
4）装药在高空中爆炸
在文献[1]中，对于装药在高空爆炸，首先根据爆热换算成无限空气中爆炸的TNT当量，再结合爆炸条件进一步换算。具体计算步骤如下：
（2.32）
（2.33）
其中：Qv：待测装药爆热，J/kg；
QTNT：TNT爆热，取4.52×10⁶ J/kg；
p01：高空处空气压力，Pa；
p0：海平面空气压力，Pa；
ω：待测装药质量，kg；
ωe：无限空气中爆炸，待测装药的TNT当量，kg；
：高空爆炸，待测装药的TNT当量，kg。
5）长径比很大的圆柱形装药爆炸
在文献[1]中，对于长径比很大的圆柱形装药，当冲击波传播距离大于装药长度时，近似为球形装药；反之（r<L），要先根据爆热换算成无限空气中爆炸的TNT当量，再结合装药形状进一步换算。具体计算步骤如下：
（2.34）
, r<L	（2.35）
其中：Qv：待测装药爆热，J/kg；
QTNT：TNT爆热，取4.52×10⁶ J/kg；
r：冲击波传播距离，m；
L：圆柱形装药长度，m；
ω：待测装药质量，kg；
ωe：无限空气中爆炸，待测装药的TNT当量，kg；
：长径比很大的待测装药的TNT当量，kg。
6）带壳装药当量转化
在文献[1]中，对于带壳装药爆炸空气冲击波参数的计算，首先换算为裸装药的当量，再结合爆炸条件换算为TNT当量。转换为裸装药当量公式如下：
,圆柱形壳体和装药	（2.36）
,球形壳体和装药	（2.37）
（2.38）
其中：ω：待测装药质量，kg；
M：壳体质量，kg；
α：装填系数；
γ：多方指数；
r0：壳体初始半径，m；
：壳体破裂半径，m；
：对于钢壳体，可取1.4~1.5；对于铜壳体，可取2.25；脆性材料或预制破片取值应小些。
7）运动装药当量转化
运动着的装药爆炸所产生的能量远高于静止爆炸。当装药运动方向与爆轰产物飞散方向一致时，爆炸效应最大，且随着两者速度矢量间夹角的增加而减小。根据能量相似原理，可把运动装药携带动能引起的能量增加看作装药量的增加，此时相当于静止装药的当量为：
（2.39）
其中：ω：待测装药质量，kg；
Qv：待测装药爆热，J/kg；
u0：装药运动速度，m/s。
综上，冲击波参数的计算通常以TNT为基准炸药，只有在明确等效准则、爆炸场景和适用条件的基础上进行TNT当量换算，才能保证后续比例爆距计算、冲击波参数预测以及安全防护设计具有合理性和可比性。
文献[1]~文献[6]给出典型炸药的TNT当量系数，如下表所示：
表 2-7 典型炸药的TNT当量",FUNCTION,典型炸药爆炸,爆热、装药量,TNT当量,函数关联,auto,SAFETY_SEC_2_11,2.11,爆热-TNT当量,DOC_SAFE_V111,5c06e931cd13097d
SAFE_LD_2_12,true,DIRECTED,documented,1.0,1.0.0,20260829_v1,"爆压是表征炸药爆轰产物对周围介质产生初始高压作用能力的重要参数。以TNT作为基准炸药，可根据炸药爆压建立相对关系。其他条件一定的情况下，待测装药爆压越高，形成冲击波的能力越强，相应的TNT当量也越大。掌握爆压与TNT当量的逻辑关系，可以将不同炸药的爆轰作用能力统一换算，为爆炸载荷估算提供前置参数。
在文献[1]中，基于爆压的TNT当量等效模型如下所示：
（2.40）
其中：PHE：待测装药爆压，Pa；
PTNT：TNT爆压，Pa；
ρHE：待测装药密度，kg/m3；
ρTNT：TNT密度，kg/m3；
ω：待测装药质量，kg。",FUNCTION,典型炸药爆炸,爆压、装药量、密度,TNT当量,函数关联,auto,SAFETY_SEC_2_12,2.12,爆压-TNT当量,DOC_SAFE_V111,ea17fc533a1a5e07
SAFE_LD_2_13,true,DIRECTED,documented,1.0,1.0.0,20260829_v1,"在文献[1]中，参量爆速D与参量格尼速度的逻辑关系论述如下：
（2.41）
式中：D：装药爆速，mm/μs；
E：格尼能，MJ/kg；
：格尼速度，mm/μs；
在文献[2]中，参量爆速D、密度ρ0与参量格尼速度的逻辑关系论述如下：
（2.42）
式中：D：装药爆速，m/ s；
E：格尼能，MJ/kg；
：格尼速度，m/s；
：炸药密度，kg/m3",FUNCTION,典型炸药,爆速D,格尼速度,函数关联,auto,SAFETY_SEC_2_13,2.13,爆速/密度-格尼速度,DOC_SAFE_V111,04461b948ab19c07
SAFE_LD_2_14,true,DIRECTED,documented,1.0,1.0.0,20260829_v1,"在文献[1]中，参量爆热Q、密度ρ0与参量格尼速度的逻辑关系论述如下：
（2.43）
（2.44）
在文献[2]中，参量爆热Q、密度ρ0与参量格尼速度的逻辑关系论述如下：
（2.45）
在文献[3]中，参量爆热Q、密度ρ0与参量格尼速度的逻辑关系论述如下：
（2.46）
式中：N：每克炸药所产生的爆炸气体产物的摩尔数，mol/g；
M：1 mol爆轰气体产物的平均摩尔量，g/mol；
Q：炸药爆热，MJ/kg；
φ：炸药组成及能量贮备的示性值，
：炸药密度，g/cm3；
Eg：格尼能，MJ/kg；
：格尼速度，mm/μs；",FUNCTION,典型炸药,爆热Q、密度ρ0,格尼速度,函数关联,auto,SAFETY_SEC_2_14,2.14,爆热/密度-格尼速度,DOC_SAFE_V111,cd1dcf9d3ed54d75
SAFE_LD_2_15,true,DIRECTED,documented,1.0,1.0.0,20260829_v1,"在文献[1]中，参量爆压PCJ、密度ρ0与参量格尼速度的逻辑关系论述如下：
（2.47）
式中：PCJ：炸药爆压，GPa；
：炸药密度，g/cm3。
：格尼速度，km/s；",FUNCTION,典型炸药,爆压PCJ、密度ρ0,格尼速度,函数关联,auto,SAFETY_SEC_2_15,2.15,爆压/密度- 格尼速度,DOC_SAFE_V111,c92f69e7cf28c0eb
SAFE_LD_2_16,true,UNDIRECTED,documented,1.0,1.0.0,20260829_v1,"在文献[1]中，参量爆容V、爆热Q、密度ρ0与参量格尼速度的逻辑关系论述如下：
（2.48）
（2.49）
式中：：炸药密度，g/cm3
Q：炸药爆热，MJ/kg；
V：炸药爆压，GPa；
ω：炸药示性值，无量纲；
：格尼速度，km/s；",FUNCTION,典型炸药,格尼速度,,函数关联,needs_review,SAFETY_SEC_2_16,2.16,爆容/爆热/密度- 格尼速度,DOC_SAFE_V111,bd04f66d956508b7
SAFE_LD_2_17,true,DIRECTED,documented,1.0,1.0.0,20260829_v1,"在文献[1]中，参量爆速D、绝热指数γ与参量格尼速度的逻辑关系论述如下：
（2.50）
在文献[2]中，参量爆速D、绝热指数γ与参量格尼速度的逻辑关系论述如下：
（2.51）
在文献[3]中，参量爆速D、绝热指数γ与参量格尼速度的逻辑关系论述如下：
（2.52）
式中：D：炸药爆速，km/ s；
γ：绝热指数，无量纲；
：格尼速度，km/s；",FUNCTION,典型炸药,爆速D、绝热指数γ,格尼速度,函数关联,auto,SAFETY_SEC_2_17,2.17,爆速/绝热指数-格尼速度,DOC_SAFE_V111,a8e3ff198a9afc5b
SAFE_LD_2_18,true,DIRECTED,documented,1.0,1.0.0,20260829_v1,"在文献[1]中，参量爆压PCJ、绝热指数γ与参量格尼速度的逻辑关系论述如下：
（2.53）
式中：PCJ：炸药爆压，GPa；
γ：绝热指数，无量纲；
：格尼速度，km/s；",FUNCTION,典型炸药,爆压PCJ、绝热指数γ,格尼速度,函数关联,auto,SAFETY_SEC_2_18,2.18,爆压/绝热指数-格尼速度,DOC_SAFE_V111,85c7ff08e41f2185
SAFE_LD_2_19,true,DIRECTED,documented,1.0,1.0.0,20260829_v1,"在文献[1]中，参量炸药组成元素CaHbNcOd、密度ρ0、生成热∆Hf与参量格尼速度的逻辑关系论述如下：
（2.54）
（2.55）
在文献[2]中，参量炸药组成元素CaHbNcOd、密度ρ0与参量格尼速度的逻辑关系论述如下：
（2.56）
式中：MW：炸药分子质量，g/mol；
∆Hf：炸药生成热，；kcal/mol；
：炸药密度，g/cm3；
a，b，c，d：原子个数，无量纲；
：格尼速度，km/s；",FUNCTION,非含铝炸药,炸药组成元素CaHbNcOd、密度ρ0、生成热∆Hf,格尼速度,函数关联,auto,SAFETY_SEC_2_19,2.19,炸药组分/密度/生成热-格尼速度,DOC_SAFE_V111,e80de2cf6a163aef
SAFE_LD_2_2,true,DIRECTED,documented,1.0,1.0.0,20260829_v1,"（1）冲击波超压
在文献[1]中，首先计算比例距离: ,其中R为爆心到墙体目标点距离；W为TNT 当量装药质量；Z为比例距离。从下图中获得球形TNT炸药在自由场空爆的冲击波超压、冲量、持续时间及其他冲击波参数。
图 2.1球形TNT自由场空爆冲击波参数
（2）反射超压和反射冲量
爆源位于地面以上一定高度，冲击波向外传播时会与地面发生相互作用，地面反射波与入射波叠加，形成马赫波。
计算比例爆高及入射角：，。其中和代表爆炸高度和地面水平距离。
参考下图由比例爆高及入射角获得空爆反射压力和比例反射冲量，通过换算的到实际墙面反射冲量。
图 2.3 反射超压vs. 入射角
图 2.4 比例反射冲量 vs. 入射角",TREND,球形TNT装药,比例爆距,自由场超压、正压作用时间、反射超压、反射冲量,趋势关联,auto,SAFETY_SEC_2_2,2.2,比例爆距-冲击波参数,DOC_SAFE_V111,3f8d0220a54b5687
SAFE_LD_2_20,true,DIRECTED,documented,1.0,1.0.0,20260829_v1,"在文献[1]中，参量密度ρ0、燃烧热∆Hc与参量格尼速度的逻辑关系论述如下：
（2.57）
式中：∆Hc：炸药燃烧热，；kcal/mol；
：炸药密度，g/cm3；
ɸ、ζ：调节因子，无量纲；
：格尼速度，km/s；",FUNCTION,含铝和非含铝炸药,密度ρ0、燃烧热∆Hc,格尼速度,函数关联,auto,SAFETY_SEC_2_20,2.20,炸药密度/燃烧热-格尼速度,DOC_SAFE_V111,86a95dfc751bba9e
SAFE_LD_2_21,true,UNDIRECTED,documented,1.0,1.0.0,20260829_v1,,UNKNOWN,,,,,needs_review,SAFETY_SEC_2_21,2.21,格尼速度/装填比-破片初速,DOC_SAFE_V111,2744ab4dbeb64ee0
SAFE_LD_2_22,true,DIRECTED,documented,1.0,1.0.0,20260829_v1,"（1）一端起爆圆柱装药
在文献[1]中，参量格尼速度VGurney、装药直径d、装药长度L与参量破片初速Vx的逻辑关系论述如下：
（2.78）
在文献[2]中，参量装药长度L、装药直径d、格尼速度VGurney与参量破片初速Vx的逻辑关系论述如下：
（2.79）
式中：VGurney：格尼速度，km/s；
L：装药长度，mm；
d：装药直径，mm；
Vx：位置x处的破片初速，km/s；
（2）中心起爆圆柱装药
在文献[1]中，参量装填比β、格尼能E与参量破片初速v0x的逻辑关系论述如下：
（2.80）
式中：：格尼常数，km/s；
β：装填比，无量纲；
d：装药直径，m；
k1、k2：端盖厚度无量纲参数；
v0x：位置x处的破片初速，km/s；
在文献[2]中，参量装药长度L、装药直径d、端盖厚度δe、壳体厚度δc、格尼速度VGurney与参量破片初速Vx的逻辑关系论述如下：
（2.81）
（2.82）
式中：L：装药长度，m；
d：装药直径，mm；
δe：端盖厚度，mm；
δc：壳体厚度，mm；
VGurney：格尼速度，km/s；
B、D：经验系数，无量纲；
Vx：位置x处的破片初速，km/s。",FUNCTION,有限长、中心起爆、带端盖的圆柱形装药壳体,装填比β、装药长度L、装药直径d、端盖厚度δe、壳体厚度δc、格尼能E,破片初速v0x,函数关联,auto,SAFETY_SEC_2_22,2.22,格尼速度/装填比-破片初速轴向分布,DOC_SAFE_V111,07dc76dc9eb893ed
SAFE_LD_2_23,true,DIRECTED,documented,1.0,1.0.0,20260829_v1,"（1）Mott分布
在文献[1]中，参量弹体破碎特性参数μ，装药质量C、壳体质量M与参量破片质量分布的逻辑关系论述如下：
（2.83）
（2.84）
（2.85）
（2.86）
式中：：质量大于mf的破片数；
M：壳体圆柱部分总质量，kg；
μ：弹体破碎特性参数，取决于弹体结构，材料及炸药性质，kg1/2；
B：Mott常数，与炸药类型和壳体材料有关，kg1/2/m7/6；
t0：弹丸壳体厚度，m；
di：壳体内径，m。
（2）Held分布
在文献[1]中，参量弹体破碎特性参数μ，装药质量C、壳体质量M0、壳体厚度δ、装药直径d与参量破片质量分布的逻辑关系论述如下：
（2.87）
（2.88）
式中：M0：弹体质量，kg；
：累积破片质量，kg；
n：累积破片数量；
B：常数，约为10-2；
δ：壳体厚度，mm；
d：装药直径，mm。",FUNCTION,适用于弹径一致、壁厚均匀圆柱钢壳战斗部,弹体破碎特性参数μ，装药质量C、壳体质量M0、壳体厚度δ、装药直径d,破片质量分布,函数关联,auto,SAFETY_SEC_2_23,2.23,装填比-破片质量分布,DOC_SAFE_V111,bffef014ff15e647
SAFE_LD_2_24,true,DIRECTED,documented,1.0,1.0.0,20260829_v1,"1）适用体系：火箭战斗部以及炮弹战斗部质量在1g以上破片数估算
在文献[1]中，参量战斗部壳体重量G0，装药量W，装填系数α与参量破片数量N的逻辑关系论述如下：
（2.89）
（2.90）
（2.91）
式中：G0：战斗部壳体重量，kg；
W：装药量；kg；
α：装填系数，无量纲；
N：破片数量。
上式适用于火箭战斗部以及炮弹战斗部质量在1g以上破片数估算，误差在10%以内。
2）适用体系：火炮榴弹、迫击炮弹总数估算
在文献[1]中，参量战斗部壳体重量G0，装药量W与参量破片数量N的逻辑关系论述如下：
（2.92）
式中：G0：战斗部壳体重量，kg；
W：装药量；kg；
N：破片数量。
3）适用体系：钢壳体和TNT装药战斗部
在文献[1]中，参量战斗部壳体内径r、厚度δ、长度l与参量破片数量N的逻辑关系论述如下：
（2.93）
式中：r：战斗部壳体内径，mm；
δ：战斗部壳体厚度，mm；
l：战斗部壳体长度，mm；
N：破片数量。",FUNCTION,,战斗部壳体重量G0，装药量W，装填系数α,破片数量N,函数关联,auto,SAFETY_SEC_2_24,2.24,装填比-破片数量,DOC_SAFE_V111,a844c1e230aea476
SAFE_LD_2_25,true,DIRECTED,documented,1.0,1.0.0,20260829_v1,"（1）Birkhoff定常理论
当爆轰波冲击尖楔形药型罩时，假定药型罩整个罩壁受到的压力处处相等，且以不变的速度V0向内压合。
在文献[1]中，参量药型罩顶角2α、压合角β、压合速度V0与参量射流速度Vj、杵速度Vs的逻辑关系论述如下：
（2.94）
（2.95）
式中：α：药型罩顶角的一半；
β：压合角；
V0：压合速度；
Vj：射流速度，m/s；
Vs：杵速度，m/s。
定常理论假定当爆轰波冲击尖楔形药型罩时，药型罩整个罩壁受到的压力处处相等，且以不变的速度V0向内压合。
（2）Birkhoff定常理论
在锥形罩情况下，罩壁从各个方向集中在轴线上。为了压合过程处于稳定状态，沿罩轴线每单位长度上的总质量必须是不变的，即罩壁厚度必须与离开罩顶的距离成反比。
在文献[1]中，参量药型罩顶角2α、爆速UD与参量射流速度Vj、杵速度Vs的逻辑关系论述如下：
（2.96）
（2.97）
式中：α：药型罩顶角的一半；
β：压合角；
UD：爆速，m/s；
Vj：射流速度，m/s；
Vs：杵速度，m/s。
（3）PER准定常理论
假设锥形（或楔形）罩壁的压合速度是变化的，压合速度从罩顶至罩底逐渐降低。
在文献[1]中，参量药型罩顶角2α、爆速UD与参量射流速度Vj、杵速度Vs的逻辑关系论述如下：
（2.98）
（2.99）
（2.100）
式中：α：药型罩顶角的一半；
β：压合角；
UD：爆速，m/s；
U：爆速，m/s；
Vj：射流速度，m/s；
Vs：杵速度，m/s。",FUNCTION,锥形/楔形药型罩,药型罩顶角2α、压合角β、压合速度V0、爆速UD,射流速度Vj、杵速度Vs,函数关联,auto,SAFETY_SEC_2_25,2.25,顶角/压合角/压合速度/爆速-射流速度,DOC_SAFE_V111,e24929a5d51cb677
SAFE_LD_2_26,true,DIRECTED,documented,1.0,1.0.0,20260829_v1,"（1）楔形药型罩
在文献[1]中，参量药型罩质量m、压合角β与参量射流质量mj、杵部分质量mj的逻辑关系论述如下：
（2.101）
（2.102）
式中：m：单位长度药型罩质量，kg；
β：压合角；
mj：射流质量，kg；
ms：杵部分质量，kg。
（2）锥形药型罩
在文献[1]中，参量药型罩质量m、压合角β与参量射流质量mj、杵部分质量mj的逻辑关系论述如下：
（2.103）
（2.104）
（2.105）
式中：m：单位长度药型罩质量，kg；
β：压合角；
mj：射流质量，kg；
ms：杵部分质量，kg。",FUNCTION,锥形药型罩,药型罩质量m、压合角β、,射流质量mj、杵部分质量mj,函数关联,auto,SAFETY_SEC_2_26,2.26,药型罩质量/压合角-射流质量,DOC_SAFE_V111,cb439cccf24810c8
SAFE_LD_2_27,true,DIRECTED,documented,1.0,1.0.0,20260829_v1,"在文献[1]中，参量药型罩角度α、厚度h与参量速度V的逻辑关系论述如下：
（2.106）
（2.107）
式中：α：药型罩角度α；
P：作用在药型罩微元上的气体产物压力，GPa；
h：药型罩厚度，cm；
ρ：药型罩材料密度，g/cm3；
A：药型罩微元面积，cm2；
Vx：轴向速度分量，m/s；
Vr：径向速度分量，m/s；",FUNCTION,EFP,药型罩角度α、厚度h,速度V,函数关联,auto,SAFETY_SEC_2_27,2.27,药型罩角度/厚度-EFP速度,DOC_SAFE_V111,c1699c1f1ea7fcb4
SAFE_LD_2_28,true,DIRECTED,documented,1.0,1.0.0,20260829_v1,"在文献[1]中，参量装药长径比L/D与参量EFP动能的逻辑关系论述如下：
炸药装药的长径比L/D对EFP 的形成有重要的影响，当L/D增加时，EFP的动能增加，直到某一值开始减小。例如，装药直径为117mm的战斗部，内装铜制药型罩，炸药装药的长径比L/D与动能的关系曲线如下图所示。图中表明，随着L/D的增加，EFP的动能增加，直到L/D≈1.5时，曲线变得平坦。一般说来，炸药装药的长径比L/D≈1.5时较为合适。如果战斗部没有足够的空间，根据某些研究者的经验数据，L/D≈0.75亦已足够。
图 2.9 炸药装药的长径比L/D与EFP动能的关系曲线",TREND,EFP,装药长径比L/D,EFP动能,趋势关联,auto,SAFETY_SEC_2_28,2.28,装药长径比-EFP动能,DOC_SAFE_V111,95f699de9ea54d07
SAFE_LD_2_29,true,DIRECTED,documented,1.0,1.0.0,20260829_v1,"（1）能量守恒与热力学模型：
适用条件：普通爆炸火球的理论计算
爆炸火球的温度主要由化学能释放的热量（爆热）决定，爆炸释放的总能量金属等于产物内能的增加，公式可表示为：
（2.108）
式中：Q，炸药爆炸释放的总能量，kJ；
mi，爆炸产物的质量，kg
cv,i，爆炸产物的定容比热容，J/(kg·K)；
T，爆炸温度，K。
（2）Kast平均热容法
适用条件：负有氧平衡炸药爆炸产物二次燃烧产生的火球
对于负氧平衡炸药CaHbNcOd，其燃烧热QL可按组分的碳、氢元素质量百分比近似按下式计算得到：
（2.109）
式中：Mr，炸药的相对分子质量。
根据炸药的燃烧反应方程式得到各燃烧产物的分子热容后，由于二次燃烧的热量只有一定比例用于热辐射，故而乘上一个修正系数β，可得到火球温度的计算式：
（2.110）
（2.111）
（2.112）
式中：β，修正系数，0.54。
下表列出了部分炸药的理论火球温度计算值。
表 2-8 部分炸药的理论火球温度
（3）总热焓计算方法
适用条件：假定燃料在抛撒后无损失，以高能炸药引爆引起爆轰，反应在瞬间完成，所有反应所放出热能均用于升高爆炸气体温度，并且视为绝热反应。
根据燃烧反应方程式，列出计算反应中各物质的量与标准生成焓，再根据定压比热容，由下列公式计算得出火球温度：
（2.113）
式中：T，火球温度，K；
T0，初始室温，K；
A，校正系数；
H，热焓改变量，kJ；
n，爆炸生成气体的总摩尔量，mol；
cv，爆炸混合气体的平均摩尔热容，Jmol-1K-1。
（4）最小自由能方法
适用条件：普遍适用
用最小自由能法计算的思想：
a）用Kamlet公式求出初始压力，公式如下：
（2.114）
式中：p，爆压，GPa；
D，爆速，m/s；
ρ，装药密度，g/cm3;
φ，炸药特性值；
N，每克炸药气体爆轰产物的摩尔数；
M，气体爆轰产物的平均摩尔质量；
Q，单位质量的最大爆热值。
b）假设一组爆炸产物平衡组分，
c）用Kast平均热容法计算此组分对应的温度T1；
d）用最小自由能法计算T1温度下爆炸产物的平衡组成；
e）用新的平衡组成重复c，计算温度T2；
f）计算T1和T2的中间值，代入为T1，重复d，依次迭代，直到T1与T2的差小于10K。",FUNCTION,,爆速D，装药密度ρ，爆热Q，炸药组分,火球温度T,函数关联,auto,SAFETY_SEC_2_29,2.29,爆热/装药量/炸药组分-火球温度,DOC_SAFE_V111,d544deeb341eaf29
SAFE_LD_2_3,true,DIRECTED,documented,1.0,1.0.0,20260829_v1,"初始波阵面参数能够反映不同炸药爆炸形成冲击波的初始强度，基于初始波阵面参数，也可较好表征炸药与冲击波超压的逻辑关系。尤其对于含铝炸药，爆炸过程中，除主装药爆轰释放能量外，铝粉还参与后燃反应，其能量释放过程、冲击波传播特性及超压衰减规律与常规炸药存在差异。掌握初始波阵面参数与冲击波超压之间的逻辑关系，可以为不同类型炸药提供一种不完全依赖TNT当量换算的超压计算方法，补充传统依据爆炸相似律的方法在特殊炸药、非理想炸药计算上的不足。
在文献[1]中，冲击波超压的计算公式如下：
（2.7）
（2.8）
其中：pxc：初始波阵面压力，Pa；
rc：初始冲击波出流时距爆源中心距离，m；
r：爆距，m；
d0：装药直径，m；
Vc：出流时爆炸产物比容。",FUNCTION,TNT等理想炸药、含铝炸药等非理想球形炸药在无限空气中爆炸,初始冲击波参数、爆距,冲击波超压,函数关联,auto,SAFETY_SEC_2_3,2.3,初始波阵面参数-冲击波超压,DOC_SAFE_V111,718a673736b46f27
SAFE_LD_2_30,true,DIRECTED,documented,1.0,1.0.0,20260829_v1,"（1）经验公式
适用条件：一般的火球模型经验公式
目前绝大多数火球模型是由试验总结而成的经验公式，其火球直径形式可以归纳为以下式：
（2.115）
式中：D，火球最大直径，m；
C，装药质量，,kg；
k，经验系数，取值范围通常为3~5，具体取决于燃料类型和环境介质；空气中：k = 3~5，水下：k约1~2；密闭空间内爆炸k可能增大。
n，经验系数，取0~1/3，具体取决于燃料类型和环境介质；
k、n的取值主要通过实验数据拟合得到，如TNT炸药在空气中：k=3.5，含金属炸药如铝热剂，k可能更高。
下表列出了部分模型的经验系数取值与适用范围：
表 2-91部分火球模型的经验系数取值
（2）Baker模型
适用条件：大多数物质和量级的可燃物产生的爆炸火球
Baker等人通过对不同类型的火球模型归纳研究，得到了一个相对完备的火球理论预测模型，其火球最大直径的表达式如下：
（2.116）
式中：D，火球的最大直径，m；
C，装药质量，kg；
T，火球温度，K。
（3）爆容计算火球特征直径
适用条件：燃烧产物的气体符合理想气体状态方程的近似球形火球在平均温度时刻的直径
1mol炸药CaHbNcOd爆炸后燃烧产物的总摩尔数为：
（2.117）
则爆容V0可以计算为：
（2.118）
式中：Mr，爆炸反应方程中炸药的摩尔质量，kg/mol；
再根据理想气体状态方程与球的体积公式：
（2.119）
（2.120）
可得到火球特征直径的理论计算式：
（2.121）
式中：D，火球特征直径，m；
C，装药质量，kg；
T，火球温度，K；
Mr，爆炸反应方程中炸药的摩尔质量，kg/mol。
下表列出了部分炸药在10kg下爆炸的理论火球特征直径：
表 2-2部分10kg炸药的理论火球温度",FUNCTION,,装药质量C，炸药组分,火球特征直径D,函数关联,auto,SAFETY_SEC_2_30,2.30,装药质量/炸药组分-火球直径,DOC_SAFE_V111,87abee942f1f4088
SAFE_LD_2_31,true,DIRECTED,documented,1.0,1.0.0,20260829_v1,"（1）经验公式
适用条件：一般的普通火球经验公式
目前绝大多数火球模型是由试验总结而成的经验公式，其火球持续时间的形式可以归纳为以下式：
（2.122）
式中：t，火球持续时间，s；
C，装药质量，kg；
a，经验系数，由试验数据拟合得到；
m，经验系数，由试验数据拟合得到。
经验系数的取值主要通过试验数据拟合得到，受以下因素影响：
炸药类型：TNT炸药在空气中：a=0.15，m=1/6，含金属炸药如铝热剂，a可能更高。
环境介质：空气中a取 0.1~1，m取0.1~0.65；水下a取0.05~0.1，密闭空间内爆炸a可能增大。
下表列出了部分经验公式的经验系数取值：
表 2-3部分火球模型的经验系数取值
（2）Baker模型
适用条件：大多数物质和量级的可燃物产生的爆炸火球
Baker等人通过对不同类型的火球模型归纳研究，得到了一个相对完备的火球理论预测模型，其火球持续时间的表达式如下：
（2.123）
式中：t，火球持续时间，s；
C，装药质量，kg；
T，火球温度，K。",FUNCTION,,装药质量C，火球温度T,火球持续时间t,函数关联,auto,SAFETY_SEC_2_31,2.31,装药质量-火球持续时间,DOC_SAFE_V111,b63477740a4d443a
SAFE_LD_2_32,true,DIRECTED,documented,1.0,1.0.0,20260829_v1,"（1）Baker模型
适用条件：不考虑大气损耗的前提下，适用于大多数物质和量级的可燃物产生的爆炸火球热辐射毁伤。
在文献[1]中，Baker等人在不考虑大气损耗的前提下，做出以下假设：
①传导和对流过程交换的热量对于热辐射交换的热量和火球内瞬时储存的能量可以忽略；
②火球的热容量 密度和比热的乘积不随时间变化；
③火球的瞬态成长过程忽略不计；
④单位质量燃料爆炸释放出的能量与燃料无关。
然后得到一个具有普适性的半经验公式如下：
（2.124）
（2.125）
式中：q，热通量，W/m2；
Q，热剂量，J/m2；
T，火球温度，K；
G，常量，0.95810-7；
D，火球直径，m；
L，到火球中心的距离，m；
F，常量，161.7；
bG，常量，2.04104；
C，装药质量，kg。
（2）Baker改进模型
适用条件：当离火球中心距离较远情况下，适用于大多数物质和量级的可燃物产生的爆炸火球热辐射毁伤。
原始Baker模型没有考虑大气中水蒸气和CO2对热辐射的吸收问题，实际中，目标距离爆源越远，热辐射被吸收的越多，考虑了空气中水蒸气和CO2对热辐射的吸收作用后，目标处接收到的热能将更接近真实值。
（2.126）
（2.127）
式中：q，热通量，W/m2；
Q，热剂量，J/m2；
T，火球温度，K；
G，常量，0.95810-7；
D，火球直径，m；
L，到火球中心的距离，m；
F，常量，161.7；
bG，常量，2.04104；
C，装药质量，kg。
（3）火球热辐射后果计算动态模型
适用条件：有复杂爆炸过程的火球，需要以试验数据为基础。
根据火球真实发展过程得到的火球动态变化模型，在国外得到普遍认可和广泛使用。该模型可以较好地模拟火球事故下每个时刻的变化并合理地评估火球热辐射的后果，从而计算出一个比较接近实际的危害区域。但仅有理论论证，试验数据较少，缺乏统计意义上的验证。
（2.128）
式中：Q，热剂量，kJ/m2；
τ，大气传输率；
F，目标的最大几何视角；
E为火球表面辐射能；
x，火球在地面垂直投影到目标的距离，m；
t，火球持续时间，s。
根据Stefan-Bolzmann方程，火球的表面辐射能E可以由下式得到：
（2.129）
式中：ε，火球表面比辐射率，其值与爆炸产物和环境有关，小于1；
σ，Stefan-Bolzmann常数，5.6710-8 W/(m2K4);
T，火球温度，K。
目标的最大几何视角F可由下式得到：
（2.130）
式中：D，火球直径，m；
H，火球的上升高度，m；
x，火球在地面垂直投影到目标的距离，m；
t，火球持续时间，s。
大气传输率τ是为考虑空气中水蒸气和CO2等对热辐射吸收后的传输系数，其计算公式如下：
（2.131）
式中：R，当地相对湿度；
pV，对应环境温度下水的饱和蒸汽压，Pa；
D，火球直径，m；
H，火球的上升高度，m；
x，火球在地面垂直投影到目标的距离，m；
t，火球持续时间，s。
（4）固体火焰模型
适用条件：沸腾液体扩展蒸气爆炸，以及类似的温压炸药。
固体火焰模型认为火球是一个固体球体，所有热辐射来自于球表面。根据这个假设，火球发射强度为常数，不随火球质量而变化，其数值由试验确定。如丙烷和丁烷组成的液化石油气，其热通量q取250~300kW·m2。
（5）点源模型
适用条件：沸腾液体扩展蒸气爆炸，以及类似的温压炸药。
点源模型认为火球中每个点均对外产生热辐射，其来自于燃烧放出热量，并假设发射强度为常数，其大小等于火球燃烧放出热量的一部分，热通量的计算式如下：
（2.132）
（2.133）
式中：q，热通量，kW/m2；
Q，热剂量，kJ/m2；
C，装药质量，kg；
Hc，可燃气体燃烧热，kJ/kg；
Ps，可燃物质饱和蒸汽压，103kPa；
D，火球直径，m；
L，目标离火球中心距离，m；
H，火球高度，m；
t，火球持续时间，s。
（6）S. B. Dorofeev方法
适用条件：沸腾液体扩展蒸气爆炸，以及类似的温压炸药。
在文献[1]中，S. B. Dorofeev方法首先用经验公式计算得出火球释放的能量E、再把火球 看成是一个有直径和持续时间的辐射物体。在持续时间，表面辐射出的热通量q被定义为：
（2.134）
（2.135）
式中：q，热通量，kWm-2；
E，火球产生的总辐射能，109J；
D，火球的最大直径，m；
t，火球持续时间，s；
c，经验参数，由试验确定；
C，装药质量，kg。",FUNCTION,,装药质量C，火球直径D，火球持续时间t,热通量q,函数关联,auto,SAFETY_SEC_2_32,2.32,装药质量-热通量,DOC_SAFE_V111,6d9b3398255c241d
SAFE_LD_2_4,true,DIRECTED,documented,1.0,1.0.0,20260829_v1,"对于带壳装药，冲击波超压不只受比例爆距的控制，还受到壳体相关参数的影响。当壳体质量、壳体厚度较大时，装药爆炸的能量会更多转化为壳体破裂能和破片动能，冲击波超压峰值随之降低。掌握比例爆距、壳体参数与冲击波超压的关系，对更准确描述带壳装药爆炸时空气冲击波载荷的形成机制有重要意义。
在文献[1]中，对于带壳装药爆炸的冲击波超压参数计算模型如下所示：
（2.9）
（2.10）
（2.11）
其中：r0：壳体半径，m；
δ：壳体厚度，m：
ρ0：装药密度，kg/m3；
ρ1：壳体密度，kg/m3；
σy：壳体材料屈服强度，Pa；
P0：爆轰产物初始压力，Pa；
γ：多方指数；
ω：装药质量，kg。
通过以上公式进行等效换算，得到等效的裸装药量，再利用比例爆距与冲击波超压的计算关系，即可获得带壳装药爆炸冲击波超压参数。",FUNCTION,圆柱形带壳装药在无限空气中爆炸,壳体参数、装药参数、爆距,冲击波超压,函数关联,auto,SAFETY_SEC_2_4,2.4,比例爆距/壳体参数-冲击波超压,DOC_SAFE_V111,766ddc381fac0daa
SAFE_LD_2_5,true,DIRECTED,documented,1.0,1.0.0,20260829_v1,"当冲击波传播至障碍面时，会发生反射作用，反射冲击波超压不同于自由场入射超压。在其他条件相同的情况下，比例爆距越小，入射超压越大，反射冲击波超压越大。掌握比例爆距与反射冲击波超压间的逻辑关系，有利于将自由场参数转换为实际作用于结构的爆炸载荷，对于抗爆设计、防护等级判定有重要作用。
1）刚性地面
在文献[1]中，给出条件下反射波超压计算模型如下：
（2.12）
其中：：比例爆距，m/kg1/3；
ω：装药质量，kg；
r：爆距，m。
2）非刚性地面
在文献[3]中，开展了TNT炸药在混凝土、沙土和土壤地质条件下的静爆试验，获得不同地形条件下地面反射波超压计算模型：
（2.13）
（2.14）
（2.15）
其中：η：阻抗系数；
:刚性地面反射波超压；
：比例爆距，m/kg1/3；
ω：装药质量，kg；
r：爆距，m；
ρ：地质材料密度，kg/m3。
表 2-2 典型地面材料密度
3）斜坡
在文献[4]中，给出条件下考虑斜坡角度的地面反射波超压峰值计算模型：
（2.16）
（2.17）
（2.18）
其中：：比例爆距，m/kg1/3；
ω：装药质量，kg；
r：爆距，m；
θ：斜坡角度。",FUNCTION,TNT装药不同地形发生反射,装药质量、爆距,反射冲击波超压,函数关联,auto,SAFETY_SEC_2_5,2.5,比例爆距-反射冲击波超压,DOC_SAFE_V111,45d7851cc9cea097
SAFE_LD_2_6,true,DIRECTED,documented,1.0,1.0.0,20260829_v1,"正压作用时间是影响爆炸冲击波对目标破坏作用大小的重要标志参数之一。其计算也是根据爆炸相似律及实验建立经验关系式。随着比例爆距增大，冲击波正压作用时间趋于延长。掌握比例爆距与冲击波正压作用时间之间的逻辑关系，可以确定冲击波载荷的时间尺度，构建压力-时间曲线，计算比冲量，对开展抗爆分析、防护结构设计及损伤程度评价有重要作用。
在文献[1]中，由爆炸相似律及量纲分析可知，冲击波正压作用时间是比例爆距的函数，可展开成多项式（级数）形式，即：
（2.19）
（2.20）
其中：ω：装药质量，kg；
r：爆距，m；
Bi（i=0，1，2，3…）：系数，由实验确定。
在文献[1]中，常用的冲击波正压作用时间计算公式如下：
（2.21）
其中：：比例爆距，m/kg1/3；
ω：装药质量，kg；
r：爆距，m；
r0:球形装药半径，m；
B：系数，一般取（1.3~1.5）×10-3。",FUNCTION,球形TNT裸装药在无限空气中爆炸,装药质量、爆距,正压作用时间,函数关联,auto,SAFETY_SEC_2_6,2.6,比例爆距-正压作用时间,DOC_SAFE_V111,90fbcae1dc390fd7
SAFE_LD_2_7,true,DIRECTED,documented,1.0,1.0.0,20260829_v1,"爆热反映炸药爆炸时的总能量释放能力，二者并非直接的函数关系，而是通过等效TNT当量来建立间接联系。因此，爆热对正压作用时间的影响主要体现为对TNT当量的修正。一般情况下，其他条件一定时，炸药爆热越大，其等效TNT当量越大，冲击波正压作用时间也相应增加，特别是通过“后燃反应”释放能量的炸药，通常产生更长的正压作用时间。
文献[1]对典型单质炸药的爆炸冲击波参数开展研究，并获得了炸药爆炸冲击波压力-时间曲线，通过对比，正压作用时间。
图 2.5 单质炸药压力-时间曲线
文献[2]通过AUTODYNA数值仿真，对比温压炸药后燃反应与TNT的正压持续时间，温压炸药明显高于传统TNT炸药。
上述炸药的爆热如下表所示：
表 2-3 典型炸药爆热
结合上述内容，对逻辑关系总结如下：
表 2-4 爆热对正压作用时间的影响趋势",TREND,装药爆炸,爆热,正压作用时间,趋势关联,auto,SAFETY_SEC_2_7,2.7,爆热-正压作用时间,DOC_SAFE_V111,95819667a21d3006
SAFE_LD_2_8,true,DIRECTED,documented,1.0,1.0.0,20260829_v1,"比冲量是冲击波超压对时间积分所得，用于表征冲击波在单位面积上的累积作用。在爆炸形式和环境条件相同的情况下，比例爆距越小，冲击波作用越强，比冲量越大；比例爆距越大，冲击波传播衰减越充分，比冲量越小。掌握比例爆距与比冲量之间的逻辑关系，可以预测目标位置冲击波累计载荷，直接影响结构动力响应分析以及评价防护结构性能。
1）裸装药无限空气中爆炸
在文献[1]中，由爆炸相似律及量纲分析可知，比冲量是比例爆距的函数，可展开成多项式（级数）形式，即：
（2.22）
（2.23）
其中：ω：装药质量，kg；
r：爆距，m；
Ci（i=0，1，2，3…）：系数，由实验确定。
在文献[1]中，常用的比冲量计算公式如下：
（2.24）
其中：：比例爆距，m/kg1/3；
ω：装药质量，kg；
r：爆距，m；
C：系数，一般取196~245。",FUNCTION,球形TNT裸装药在无限空气中爆炸,装药质量、爆距,比冲量,函数关联,auto,SAFETY_SEC_2_8,2.8,比例爆距-比冲量,DOC_SAFE_V111,fd35043c0d61e208
SAFE_LD_2_9,true,DIRECTED,documented,1.0,1.0.0,20260829_v1,"爆热与比冲量并不是直接的函数关系，而是通过等效TNT当量来建立间接联系。因此，爆热对比冲量的影响主要体现为对TNT当量的修正。
在文献[1]中，通过爆热将其他装药转化为等效TNT当量，再根据爆炸相似律计算冲击波比冲量。爆热越大，等效TNT当量越大，冲击波比冲量相应增大。
表 2-5 爆热对比冲量的影响趋势",TREND,典型炸药爆炸,爆热,比冲量,趋势关联,auto,SAFETY_SEC_2_9,2.9,爆热-比冲量,DOC_SAFE_V111,b697a775df463d72
SAFE_LD_3_1,true,DIRECTED,documented,1.0,1.0.0,20260829_v1,"计算墙面反射压力，通过区分爆炸类型后形成压力-时间函数：
（3.1）
p(t)为墙面压力函数，为等效三角形脉冲持续时间，按照常规写法写成：
（3.2）
确定了墙面压力 p(t) 后，将钢筋混凝土墙等效为单自由度系统，把实际钢筋混凝土墙在爆炸冲击波下的分布受力和分布质量，等效成一个单自由度质点的运动问题。UFC 中将实际结构的动力平衡写成，再通过荷载—质量系数 KLM 转换为等效体系。
（3.3）
其中为爆炸冲击波作用在墙体上的等效外荷载，为墙体在挠度 下产生的结构抗力，为等效单自由度质量，表示墙体代表点的加速度，整体表示等效惯性力，为墙体受爆面积，为荷载-质量系数，为钢筋混凝土密度，为墙厚，为质量转换系数，为荷载转换系数，对于单项墙体，可根据下图得到。
图 3.1  转换系数
整个公式可以理解为爆炸压力推动墙体运动，墙体本身会通过弯曲刚度、钢筋屈服、塑性变形等产生抵抗力。两者之差用于加速墙体产生变形。
对于抗力-挠度函数，表示当墙体产生某一挠度时，墙体自身能够提供多大的抵抗力，在弹性阶段：
（3.4）
其中为等效弹性刚度，当钢筋屈服、墙体进入塑性阶段后，抗力可以近似达到极限抗力：
（3.5）
其中为墙体代表点挠度，通常取最大挠度位置，表示整面墙的极限抗力。
（3.6）
为单位面积极限抗力，为单位宽度塑性弯矩承载力，为墙体计算跨度，表示单位宽度受拉钢筋面积，表示动态钢筋屈服强度，表示动态混凝土抗压强度，表示有效高度，表示等效受压区高度，表示截面高度。整理可得：
（3.7）
式中第一项为爆炸总载荷，第二项为墙体抗力，两项相减得到等效惯性力。",FUNCTION,,装药质量、几何参数、材料参数、墙面压力-时间函数,挠度时程方程、最大挠度、支座转角,函数关联,auto,SAFETY_SEC_3_1,3.1,冲击波超压-最大挠度,DOC_SAFE_V111,30160af77ba6d6c9
SAFE_LD_3_10,true,DIRECTED,documented,1.0,1.0.0,20260829_v1,"侵彻过程首先是高速冲击的流体动力学阶段，随着冲击速度的降低，材料强度的影响越来越显著，必须考虑侵彻过程的减速和材料强度影响。
（1）恒速杆侵彻
参考[1]中Christman和Gehring基于铝杆和钢杆对金属靶的侵彻实验数据，提出一个关于侵彻体的经验侵彻模型，计算公式为：
（3.44）
式中：P：总穿深，（m）；
D：侵彻体直径，（m）；
L：侵彻体长度，（m）；
ρj：侵彻体密度，（kg/m3）；
ρt：靶体密度，（kg/m3）；
Bmax：布氏硬度，（MPa）。
（2）减速杆侵彻
文献[1]中给出了应用动量守恒原理推导出杆的减速侵彻方程：
（3.45）
其中，
（3.46）
式中：P：总穿深，（m）；
L：侵彻体长度，（m）；
ρj：侵彻体密度，（kg/m3）；
ρt：靶体密度，（kg/m3）；
V：侵彻体初始冲击速度，（m/s）；
σt：靶体的塑性变形阻抗，（MPa）；
σp：射流的塑性变形阻抗，（MPa）。
（3）大炸高EFP侵彻深度
文献[2]中给出了大炸高时EFP的侵彻深度，式中两部分分别为第一次和第二次侵彻阶段。第一次侵彻是弹丸长度、密度和靶板密度的函数，第二次侵彻则是弹丸密度、弹丸动能、靶板密度和靶板强度的函数。
（3.47）
式中：P：总穿深，（m）；
D：侵彻体直径，（m）；
L：侵彻体长度，（m）；
ρj：侵彻体密度，（kg/m3）；
ρt：靶体密度，（kg/m3）；
Bmax：布氏硬度，（MPa）；
E1：最终侵彻体的能量。
（4）考虑EFP密实度的修正
文献[3]中，考虑了EFP的密实度，对定常侵彻中的穿深公式进行了修正。穿深计算公式为：
（3.48）
式中：P：总穿深，（m）；
l0 ：侵彻体初始长度，（m）；
ρj：侵彻体密度，（kg/m3）；
ρt：靶体密度，（kg/m3）；
η：EFP密实度。
5）Ammann-Whitney公式
文献[4]中给出了Ammann-Whitney公式：
（3.49）
式中：N：弹头形状因子，对残余EFP可取0.72；
M：残余部分的质量，（kg）；
d：侵彻体直径，（m）；
fc：混凝土无围压时的压缩强度。",FUNCTION,EFP速度低于破碎穿孔阶段的极限速度，EFP对混凝土靶的侵彻进入刚体侵彻阶段,侵彻体直径、靶体压缩强度,侵彻深度,函数关联,auto,SAFETY_SEC_3_10,3.10,EFP参数-侵彻深度,DOC_SAFE_V111,128de3413a6c07e0
SAFE_LD_3_11,true,DIRECTED,documented,1.0,1.0.0,20260829_v1,"聚能装药战斗部主要用来毁伤和破坏某些特殊结构的坚硬目标，侵彻机理与药型罩所形成的侵彻体特性有关。
（1）匀速射流定常侵彻
侵彻时射流与岩石界面将产生远大于靶体屈服强度的瞬间冲击应力，假设靶体和射流的行为均为理想不可压缩流体。侵彻深度计算公式为：
（3.50）
式中：P：侵彻深度，（m）；
L：射流长度，（m）；
ρj：射流流体密度，（g/cm3）；
ρt：岩石密度，（g/cm3）。
（2）断裂射流定常侵彻
当射流速度不够高、产生的压力不够大时，靶体强度的影响将会显现，并最终将影响到侵彻深度。断裂射流的定常侵彻公式为：
（3.51）
式中：ρj：射流质量除以包括射流段间隙在内的射流总体积所得到的密度，（g/cm3）；
ρt：靶板密度，（g/cm3）。
λ为常数，范围在1~2之间，表明射流断裂达到的程度，对连续射流λ=1；对断裂射流λ=2。
（3）DSM理论
假设存在一虚拟源，虚拟源是所有射流发出的点源，射流长度为零。虚拟源上的各射流微元的速度假设为在空间上线性分布。基于此，存在三种情况的侵彻公式：
射流断裂之前完成侵彻：
（3.52）
射流断裂在侵彻过程中出现：
（3.53）
射流断裂出现在侵彻开始之前：
（3.54）
其中，
（3.55）
式中：ρj射流密度，（g/cm3）；
ρt：靶体密度，（g/cm3）；
Vj0：射流头部速度，（m/s）；
t1：射流断裂时刻，（s）；
S：虚拟源到靶体表面的距离（m）。
4）准定常侵彻理论
在侵彻的后期阶段，当射流速度变慢时，靶板和射流强度的影响起着重要的作用。侵彻深度公式为：
（3.56）
其中，
（3.57）
式中：ρj：射流密度，（g/cm3）；
ρt：靶体密度，（g/cm3）；
Vj：当地射流速度，（m/s）；
σ为σt和σj之差；σt和σj分别表示靶体和射流的塑性变形阻抗，通常取靶体和射流屈服强度的1~3倍。",FUNCTION,考虑射流和靶板强度效应,当地射流速度、射流密度、射流塑性变形阻抗、靶体密度、靶体塑性变形阻抗,侵彻深度,函数关联,auto,SAFETY_SEC_3_11,3.11,射流参数-侵彻深度,DOC_SAFE_V111,99045f96e3c88cff
SAFE_LD_3_12,true,DIRECTED,documented,1.0,1.0.0,20260829_v1,"开坑直径主要由射流特性和靶板材料的动态响应共同决定。
（1）射流穿孔半径公式
在文献[1]中，Szendrei给出了射流穿孔半径随侵彻时间的变化公式：
（3.58）
式中：ρj：射流密度，（g/cm3）；
ρt：靶体密度，（g/cm3）；
Vj：当地射流速度，（m/s）；
：单位射流长度的侵彻深度；
rj：射流微元的半径，（m）；
σ为σt和σj之差；σt和σj分别表示靶体和射流的塑性变形阻抗，通常取靶体和射流屈服强度的1~3倍。
（2）Szendrei-Held 扩孔方程
文献[2]中，Held对Szendrei的方程进行了修正，给出 Szendrei-Held 扩孔方程
（3.59）
式中：Rt：靶体阻抗，（kg*m-2*s-1）；
ρj：射流密度，（kg/m3）；
ρt：靶体密度，（kg/m3）；
vj：当地射流速度，（m/s）；
rj：射流微元的半径，（m）；
（3）超音速侵彻混凝土
文献[3]中给出聚能装药射流超音速侵彻混凝土的开孔半径计算公式：
（3.60）
式中：Rt：靶体阻抗，（kg*m-2*s-1）；
ρj：射流密度，（kg/m3）；
ρt：靶体密度，（kg/m3）；
vj：当地射流速度，（m/s）；
u：碰撞点（破甲）速度，（m/s）；
C0：靶体材料声速。",FUNCTION,聚能装药射流超音速侵彻混凝土,射流密度、靶体密度、靶体阻抗、靶体材料声速、当地射流速度、碰撞点速度,开坑直径,函数关联,auto,SAFETY_SEC_3_12,3.12,射流参数-开坑直径,DOC_SAFE_V111,36ad78cd7707b539
SAFE_LD_3_13,true,DIRECTED,documented,1.0,1.0.0,20260829_v1,"射流侵彻混凝土靶形成的孔径是由初始孔径和径向扩孔两部分组成的。混凝土的拉伸强度低,在对混凝土靶进行扩孔计算时,可不考虑环向拉力对扩孔的影响。
（1）初始孔径
假设射流在孔底开孔的半径为，则有：
（3.61）
（2）径向扩孔
随着孔径的增加，扩孔速度逐渐降低，扩孔速度与扩孔孔径的关系如图3.3所示。
图 3.3扩孔速度与扩孔半径的变化关系
当时，即可得到射流侵彻混凝土靶的最终孔径：
（3.62）
式中：：扩孔开始时孔壁的初始扩孔速度；
：射流头部半径；
：靶板阻抗。
靶板阻抗的大小与靶强度以及密度有关。一般认为，当射流速度等于靶板的临界侵彻速度时，轴向侵彻速度，阻抗大小为
（3.63）
式中：：靶板的临界侵彻速度；
：射流密度。
并不是一个常数，不仅与靶强度和密度有关，还是关于射流速度的变量，随着的降低而减小，此处表达式仅仅是射流在整个侵彻过程中一个平均意义的表达式。因此，与试验相比，计算得到的入口直径偏大,而出口直径偏小，考虑到仿真结果有一定误差，混凝土强度在一定范围内跳动，且崩落区的坑深往往要大于1.5倍装药口径，其误差在工程应用上是可以接受的。",UNKNOWN,各种强度的混凝土靶,射流头部半径、靶板材料,初始孔径、径向扩孔孔径,,auto,SAFETY_SEC_3_13,3.13,射流头部半径/靶板材料-侵彻孔径,DOC_SAFE_V111,b633c02888aec1da
SAFE_LD_3_14,true,DIRECTED,documented,1.0,1.0.0,20260829_v1,"活性材料经冷压、烧结制备而成的活性药型罩，在聚能作用下形成的活性射流不同于传统金属射流，不仅可利用自身动能实现对目标的侵彻，更能在靶后发生爆炸反应，释放大量化学能与气体产物，显著提高射流的靶后毁伤威力。
活性材料本质上是一种特殊的含能材料，是一种在聚氟物中添加金属粉体的混合物，其在强冲击载荷下自身会被激活发生爆炸反应，活性材料的弛豫时间为活性材料激活开始直到完全反应结束,而活性材料弛豫时间受活性材料配方和材料组分粒径的影响，但活性材料配方及组分粒径一定时，活性材料的弛豫时间为定值。假设活性射流在弛豫时间内按惰性处理，达到弛豫时间后发生爆炸反应，并在侵彻过程中忽略靶板的强度效应，基于准定常理想不可压缩流体理论分析活性射流侵彻钢板过程。当t=τ时,活性射流穿透钢板在靶后的活性射流有效质量为，可表示为：
（3.64）
式中：：活性射流杆体部分的平均速度；
：靶板厚度；
：极限侵彻深度；
：炸高;
：活性射流穿透钢板消耗的射流长度；
：弛豫时间；
：活性射流碰靶前的时刻；
：活性射流穿透钢板所需时间。
当活性药型罩结构一定时，活性射流碰靶前时刻、射流的平均速度、极限侵彻深度可以通过数值模拟方法测得。文献[2]取、=1000 m/s、=80 mm，对于不同活性材料弛豫时间，穿靶后活性射流有效质量与靶板厚度之间的关系如图3.4所示。
图 3.4活性材料弛豫时间与靶后有效质量的关系",FUNCTION,活性药型罩靶后超压,活性射流杆体部分的平均速度、弛豫时间、极限侵彻深度、炸高H、靶板厚度L,穿靶后活性射流有效质量,函数关联,auto,SAFETY_SEC_3_14,3.14,活性射流参量/靶板厚度/炸高-靶后有效射流质量,DOC_SAFE_V111,229edf2c6acf4bd9
SAFE_LD_3_15,true,DIRECTED,documented,1.0,1.0.0,20260829_v1,"活性材料爆炸反应释放化学能的大小是衡量活性材料毁伤威力的重要指标，而它又是很难直接测量的参数，一般只能通过爆炸超压、正压时间、温度等参数来表征。在文献[1]中，对于密闭容器，假设定容条件下气体不做功，同时忽略了热损失和气体分子作用力，对于一定质量的活性材料，活性材料燃烧结束时气体压力达到最大，靶后超压与靶板厚度L的关系式为：
（3.65）
式中：：测试罐超压，MPa；
：气体常数和燃烧温度的乘积，J/g；
：燃气余容，cm³/g；
：测试罐初始容积，cm³。
对于一定质量的活性材料，在压力不高的条件下，通常认为为常量，通过线性回归获得、的表达式：
（3.66）
式中：。
在文献[2]中，由于活性材料在强冲击载荷下会发生类爆轰反应，并基于密闭空间内活性射流冲击波超压曲线与高能炸药冲击波曲线类似的实验现象，采用TNT爆炸建立活性射流爆燃的等效模型。等效模型计算虚拟爆炸点位置和靶后超压公式如下：
（3.67）
（3.68）
（3.69）
式中：：反应中心距离测压点间的距离；
：活性射流爆燃冲击波等效TNT当量；
：冲击波峰值压力；
：对比距离；
H：炸高；
：虚拟爆炸点横坐标。",FUNCTION,活性射流靶后超压,穿靶后活性射流有效质量、活性材料质量m、靶后空间（测试罐）初始容积、燃烧温度,靶后超压,函数关联,auto,SAFETY_SEC_3_15,3.15,活性射流参量-靶后超压,DOC_SAFE_V111,8fb886f4fee8b3c8
SAFE_LD_3_16,true,DIRECTED,documented,1.0,1.0.0,20260829_v1,"活性聚能战斗部作用本体功能型硬目标，在活性聚能侵彻体动能侵彻和内爆效应联合作用下，可实现对钢筋混凝土结构高效爆裂解体毁伤。
活性聚能侵彻体作用目标时，首先依靠动能对目标进行侵彻。侵彻至一定深度后，活性聚能侵彻体发生爆燃反应，在侵孔内释放大量化学能和气体产物。活性聚能侵彻体侵彻混凝土靶的深度，通过考虑反应弛豫时间的准定常理想力学理论获得，公式为：
（3.70）
式中：L：侵彻深度，（m）；
H：炸高，（m）；
t0：活性材料反应弛豫时间，（s）；
ta：活性聚能侵彻体头部到达靶板表面时间，（s）；
vj：射流速度，（m/s）；
vj0：射流头部速度，（m/s）；
u：碰撞点（破甲）速度，（m/s）。",FUNCTION,活性聚能侵彻体侵彻混凝土靶,炸高、活性材料反应弛豫时间、活性聚能侵彻体头部到达靶板表面时间、靶板密度、侵彻体密度,侵彻深度,函数关联,auto,SAFETY_SEC_3_16,3.16,活性射流特性参量-侵彻深度,DOC_SAFE_V111,99fb306e1e4210b4
SAFE_LD_3_17,true,DIRECTED,documented,1.0,1.0.0,20260829_v1,"活性聚能战斗部可大幅提升贯穿侵孔直径，在目标内部爆燃产生超压、火焰、热蚀等效应。
活性射流对混凝土靶的开孔孔径主要取决于侵彻动能和爆炸化学能，一方面，活性聚能侵彻体头部变形，消耗自身能量产生一孔径。另一方面，活性聚能侵彻体发生一定程度的爆燃反应，侵孔内产生的内爆超压使开孔孔径进一步扩大。文献[1]中给出动能和化学能共同作用下的开孔孔径计算公式如下：
（3.71）
其中，ct为靶体声速，σ0为靶体在爆炸载荷作用下受到的压应力；
E：靶体杨氏模量；
μ：靶体泊松比；
ρt：靶体密度；
σc：靶体压缩强度；
P：活性材料爆燃反应超压；
d：动能侵彻穿孔直径。",FUNCTION,活性聚能侵彻体侵彻混凝土靶,靶体密度、压缩强度、杨氏模量、泊松比、活性材料爆燃反应超压,穿孔直径,函数关联,auto,SAFETY_SEC_3_17,3.17,活性射流特性参量-穿孔直径,DOC_SAFE_V111,02671b578c3e6889
SAFE_LD_3_18,true,DIRECTED,documented,1.0,1.0.0,20260829_v1,"聚能装药战斗部的破甲威力主要包括侵彻深度和后效作用。后效作用是指聚能金属射流穿靶后，对靶板后面的乘员、仪器设备等破坏的程度。显然破甲威力与聚能装药战斗部中的装药、药型罩、炸高、壳体、战斗部的旋转运动和靶板材料等诸因素密切相关。
炸药是聚能射流破甲的能源，炸药爆轰后将能量传给药型罩，药型罩在轴线上闭合碰撞产生金属射流，然后依靠金属射流破甲。理论分析和实验研究都表明，从炸药性能方面，炸药的爆轰压力是影响破甲威力的主要因素。
在文献[1]中，参量爆轰压p与参量侵彻深度P、孔容积V的逻辑关系论述如下：
由图中可以看到，侵彻深度和孔容积基本上呈线性关系，而孔容积更明显。主要是试验是在固定炸高下进行的，对于不同爆轰压的炸药应有不同的有利炸高，所以侵彻深度有波动，而孔容积却能更好地反映靶板所吸收的能量。
图 3.5破甲深度P、孔容积V与爆轰压力p的关系
聚能装药的直径和长度也影响破甲威力，随着装药直径和长度的增加，侵彻深度增加，一般呈线性关系。但试验研究表明，当装药长度增至三倍直径以上时，侵彻深度不再增加。这可能是由于轴向和侧向稀疏波的影响所至，所以在确定装药结构形状时必须综合考虑多方面的因素。",TREND,聚能射流,爆轰压p、,侵彻深度P、孔容积V,趋势关联,auto,SAFETY_SEC_3_18,3.18,炸药性能/装药形状-破甲威力,DOC_SAFE_V111,95a291f4cdff0c5d
SAFE_LD_3_19,true,DIRECTED,documented,1.0,1.0.0,20260829_v1,"药型罩被压合后形成射流其延续性好、不断裂、密度大，对破甲最有利。所以，从原则上要求药型罩材料密度大、塑性好，在形成射流过程中不汽化。
在文献[1]中，参量药型罩材料、形状、锥角、壁厚与参量侵彻深度的逻辑关系论述如下：
（1）药型罩材料
下表是不同材料药型罩在同样装药结构条件下的侵彻数据。其中装药为 TNT/RDX50/50，装药直径为 36mm，药量为100g，密度为1.6g/cm3，药型罩锥角为40°，罩壁厚为 1mm，罩口直径为30mm，炸高为60mm.从实验结果看出，紫铜由于密度高、塑性好，侵彻深度最大。生铁在通常条件下是脆性材料，但在高温、高压下却表现出良好的可塑性。因此破甲效果也很好。铝虽然延性好，但密度太低。铅虽然延性好，密度也高，但其熔点和沸点都很低，在形成射流过程中易于汽化，所以破甲效果差。
表 3-13 不同材料药型罩侵彻深度试验数据
（2）锥角
从射流形成理论中射流速度和质量公式分析和实验可知，药型罩锥角存在一最佳范围，通常在35°~60°之间选取。当锥角小于30°时，虽然侵彻深度增大，但相应的穿孔直径减小，后效作用降低，同时侵彻稳定性变坏。当锥角大于90°时，射流形成过程可能发生了新的变化，即可能形成爆炸成形弹丸，侵彻深度显著下降，但孔径增大。所以，应依据对付的目标特性，选用合适的药型罩锥角。
（3）药型罩形状
研究表明，药型罩形状和壁厚均对破甲威力有影响。药型罩的形状是多种多样的，有圆锥形、喇叭形、半球形等。圆锥形罩和喇叭形罩破甲试验的比较列于下表。喇叭罩实际上是变锥角药型罩，顶部锥角小，口部锥角大，有利于提高射流头部速度，增加射流速度梯度便于射流拉长，有利于提高侵彻深度。但是喇叭罩工艺性差，破甲稳定性不好。
表 3-14 喇叭罩与圆锥罩侵彻深度的比较
（4）药型罩厚度
下图展示了直径41.36mm聚能装药药型罩厚度ε对侵彻深度的影响，图中还示出了有无外壳及外壳厚度的影响。图中 d为药型罩口部直径，曲线1为无外壳，2为外壳厚 1.54mm，3为外壳厚4.72mm。研究表明，药型罩最佳壁厚与药型罩材料、锥角、直径及有无外壳有关。采用顶部薄、口部厚的变壁厚药型罩，只要壁厚变化适当，可提高破甲效果。
图 3.6药型罩壁厚对侵彻的影响
（4）隔板
在装药结构中采用隔板，可改变在装药中传播的爆轰波形状。控制爆轰波传播方向和到达药型罩表面的时间。
在文献[1]中，参量隔板与参量破甲威力的逻辑关系论述如下：
当装药中无隔板时，爆轰波形为由起爆点发生的球面波，波阵面与罩表面的夹角为φ1。当有隔板时，爆轰波传播分成两路，一路由起爆点出发透过隔板向药型罩传播；另一路将绕过隔板向药型罩传播。结果在隔板和药型罩顶部之间可能形成不同爆轰波形，如有两个前突点的喇叭形波，有三个前突点的W形波，或者其他形状的爆轰波。这时作用在药型罩表面上的爆轰波波阵面与罩表面之夹角变成φ2，显然 φ2<φ1。由于作用在药型罩上初始压力与φ角有很大关系，φ角的减小，可提高作用在罩表面上的初始压力，从而提高破甲威力。
隔板材料和结构尺寸的选择必须考虑爆轰波形状与药柱形状、药型罩和壳体的适应性。一般采用塑料等惰性材料或低爆速炸药制成的活性材料作为隔板材料。隔板厚度取决于材料的隔爆性能，而隔板直径则与装药直径和药型罩锥角有很大关系。
（5）炸高
在文献[1]中，参量炸高与参量破甲威力的逻辑关系论述如下：
下图描述了不同药型罩锥角条件下炸高和侵彻深度的关系。其中最大侵彻深度对应的炸高称为最有利炸高或最佳炸高。对于一般常用药型罩，最佳炸高约为口部直径的1~3倍。
图 3.7不同罩锥角的炸高-侵彻深度曲线
不同材料药型罩侵彻深度随炸高的变化如下所示。由图可见，铝材料适合大炸高的场合。另外，采用高爆速炸药以及增大隔板直径，都能使药型罩所受的冲击压力增加，从而提高射流速度，便于射流拉长，增加有利炸高。
图 3.8不同罩材料的炸高-侵彻深度曲线
（6）旋转运动
在文献[1]中，参量旋转速度与参量破甲威力的逻辑关系论述如下：
战斗部的旋转运动会破坏金属射流的正常形成，同时在离心力作用下射流颗粒被甩向四周，横截面积变大，使中心变空，从而降低了破甲效果。战斗部转速愈高，破孔愈浅而粗，孔表面粗糙且不规则。下图示出了转速对破甲深度的影响。
图 3.9破甲深度与转速的关系
（7）战斗部壳体
在文献[1]中，参量壳体与参量破甲威力的逻辑关系论述如下：
从下图可充分看到壳体对破甲效果的影响。当增加壳体后，由于爆轰波在壳体壁上发生反射，稀疏波进入的推迟，导致靠近壳体壁面附近爆轰能量加强，从而加强了侧向爆轰波冲量，使侧向爆轰波较之中心爆轰波提前到达药型罩壁面，迫使罩顶后喷形成反射流，造成射流不集中、不稳定，破甲深度下降。但是，在增加壳体后若改变隔板的尺寸，会提高破甲效果。对不带隔板的装药，可采取改变药型罩锥角和药柱锥度的办法达到调整爆轰波形的目的，以改善破甲效果。
图 3.10  105mm示踪试验测得的P-x曲线
（8）靶板材料
在文献[1]中，参量靶板材料抗拉强度与参量破甲威力的逻辑关系论述如下：
由射流侵彻的流体动力学理论可知，侵彻深度与靶板材料密度的平方根成反比。另外，在侵彻的后期阶段不考虑靶板强度的影响是不行的，特别是随着高强度靶和复合靶的应用，更要求对靶板强度的影响进行认真分析。一般说来，当射流速度达5km/s以上时，可忽略靶板强度的影响；当射流速度小于5km/s时，必须考虑靶板强度的影响。不同靶板强度对侵彻深度的影响如下图所示，其中靶板强度以抗拉强度表示。可见，随着抗拉强度的增加，侵彻深度明显下降。
图 3.11靶材抗拉强度与侵彻深度关系曲线",TREND,聚能射流,靶板材料抗拉强度,侵彻深度,趋势关联,auto,SAFETY_SEC_3_19,3.19,药型罩材料/结构形状-侵彻深度,DOC_SAFE_V111,6f0ed6b6ccba090e
SAFE_LD_3_2,true,DIRECTED,documented,1.0,1.0.0,20260829_v1,"（1）德马耳公式
德马耳公式是计算弹丸穿透装甲所需最低速度（极限穿透速度）的经验公式，适用于均质装甲的中低速至高速穿甲场景。其核心形式为：
（3.8）
式中：b：装甲厚度，dm；
d：弹丸直径，dm；
m：弹丸质量，kg；
K：装甲抗弹能力系数，部分材料取值如表3-2所示。
表 3-2 装甲系数K的典型取值
（2）克虏伯公式（Krupp Formula）
克虏伯公式来自早期低速穿甲模型，适用于冲塞破坏主导（b/d<1b/d<1）的场景：
（3.9）
式中：b：装甲厚度，dm；
d：弹丸直径，dm；
m：弹丸质量，kg；
K：装甲抗弹能力系数。
（3）THOR方程
THOR方程是美国在20世纪60年代初期建立的，常用于自然破片在低速状态下对靶板的侵彻能力估算。
破片能穿透靶板的最小速度，称为极限穿透速度，如果速度低于极限穿透速度，破片就不能穿透靶板。用于计算极限穿透速度的THOR方程为：
（3.10）
式中：：极限穿透速度；
：破片剩余速度，ft/s；
：碰撞速度，ft/s；
：目标厚度，in；
：破片的平均入射面积，in²；
：破片质量，grain；
θ ：破片入射方向和目标法线之间的夹角；
、、、：破片剩余速度为0时对应的常数，部分材料对应数值如表3-3所示。
表 3-3 THOR方程常数（极限速度）
（4）方破片公式
当  时，
（3.11）
当  时，
（3.12）
式中：：靶板厚度；
：侵彻体直径；
：无量纲常数；
：侵彻体长度；
、、：经验常数，部分材料对应参数如表3-4所示。
表 3-4 计算所用的常数值
（5）球破片公式
我国学者在试验的基础上总结了一套球形破片对靶板侵彻的极限穿透速度公式：
（3.13）
式中：：靶板厚度，mm;
：入射角；
：球形破片直径，mm；
：破片材料密度，g/cm³；
：靶板材料密度，g/cm³；
：靶板强度极限，MPa；
, ：取决于弹靶条件的经验值，如表3-5所示。
表 3-5 a、b常数值
（6）冲塞破坏方程
（3.14）
式中：：弹丸极限穿透速度；
：弹丸质量；
：塞块质量；
：材料动态剪切强度，一般取静态值的2~3倍；
：塞块直径。
（7）弹道极限计算模型
在文献[3]中，研究了在0.33～2.70的弹靶厚度比内，钨合金球破片侵彻低碳钢的作用，发现：时，破片以刚性侵彻为主；时，破片以塑性侵彻为主；时，破片以侵蚀侵彻为主；时，破片以破碎侵彻为主。
经过简化、拟合和验证后的公式形式为：
（3.15）
式中：：弹、靶厚度比；
：弹、靶材料密度比；
：靶板材料拉伸极限强度；
：破片材料拉伸极限强度；
：破片材料屈服强度；
：靶板材料塑性波波速；
：靶板材料延伸率；
：破片材料延伸率。",FUNCTION,300～1800m /s着靶速度区间内，或0.33～2.70的弹靶厚度比内，钨合金球破片侵彻低碳钢,装甲厚度b、弹丸直径d、弹丸质量m、装甲抗弹能力系数K,极限穿透速度,函数关联,auto,SAFETY_SEC_3_2,3.2,破片参数/靶板参数-极限穿透速度,DOC_SAFE_V111,3e0bf8dda9041860
SAFE_LD_3_20,true,DIRECTED,documented,1.0,1.0.0,20260829_v1,"对于钢筋混凝土墙抗爆变形分析，通过3.1中描述的方法求得加速度，在通过两次积分后得到位移，而最大挠度以及支座转角。
支座转角用来衡量墙、板、梁等构件在爆炸荷载下变形严重程度的一个指标，判断变形是否可接受、是否进入严重塑性变形、是否接近局部破坏或整体失效。其物理意义是墙体在支座附近的变形斜率，或者墙体变形曲线在支座处转过的角度。一般来说最大挠度和支座转角越大，通常说明墙体整体变形越严重。
背面崩落表现为混凝土保护层或表层脱离，但它不是由初始压力波反射直接造成的，而是由构件整体大挠度弯曲响应导致。
爆炸荷载作用后，钢筋混凝土墙进入弯曲响应，随着挠度增大，受拉钢筋应变增大，混凝土裂缝发展，表层混凝土出现严重拉裂和压碎。由于表面应变最大，而两层钢筋之间的混凝土可能被拉筋或钢筋网约束，损伤更容易集中在钢筋外侧保护层，最终形成背面崩落。
崩落更适合用变形指标区分，而不是单纯用压力波拉应力判据。
（3.72）
其中和为发生背面崩落起始所对应的制作转角和对应挠度。在UFC中提到崩落可认为当为6°开始，同时，缩尺试验显示，当构件变形限制在为不超过约5°支座转角时，背面崩落通常不会发生。
除了崩落还有一种是失效后崩碎，它是构件整体失效后产生的破片。它对应的是构件已经发生弯曲破坏、屈服线破坏或整体完整性丧失后形成的混凝土块体、碎块或大板块。
还有一种则是直接剥落，这种一般发生在爆炸压力作用初期，由于冲击压力波穿过混凝土后在自由面反射形成拉伸波，导致表层混凝土脱离。这种一般是取决于峰值压力、应力波传播、构件厚度、混凝土抗拉强度等因素。UFC中对其的解释为当冲击波作用于混凝土构件迎爆面时，压缩应力传入构件并以压缩波形式传播；到达背面自由面后反射为拉伸波；若反射拉应力超过混凝土抗拉能力，就会形成剥落层并从主体构件中脱离，其判据可用拉应力判据表示：
（3.73）
其中为背面自由面反射产生的拉应力，则表示为混凝土动态抗拉强度	。当冲击波在混凝土背面自由面反射形成的拉应力大于混凝土动态抗拉强度时，背面混凝土保护层会发生直接剥落。
混凝土的动态抗拉强度通常写为：
（3.74）
其中表示为混凝土静态抗拉强度，表示为混凝土抗拉动态增大系数，如果有材料试验，优先使用试验值，如果没有试验值，可由为混凝土抗压强度进行工程估算，其形式为：
（3.75）
对于动态增大系数，爆炸冲击波属于高应变率加载，混凝土在动态作用下表现出更高的抗拉强度，因此需要乘以动态增大系数。理论上，爆炸压力作用于迎爆面后，会在混凝土中产生压缩应力波。该压缩波传播到背面自由面后反射为拉伸波。
理想自由面反射时，可近似认为反射拉应力为传入混凝土内部的压缩应力波幅值，可以将传入混凝土的压缩应力近似与迎爆面反射压力，但由于压力传入混凝土内部的折减/传递系数较难确定，UFC采用大量试验数据整理成剥落阈值曲线，如下图所示。
图 3.12 混凝土在空爆作用下的剥落阈值以及断裂曲线
试验数据按“无剥落、剥落但未贯穿、贯穿”分类，剥落阈值曲线可用于设计判断。其核心判断是通过墙厚、爆距、混凝土康养强度、装药质量、外壳质量等参数去计算剥落参数之后再与剥落阈值曲线比较。
修正装药质量计算公式为：，其中为爆炸构型系数，地表爆炸取1.0，自由空气爆炸取0.5，为圆柱装药形状修正系数，当圆柱形装药满足特定近场条件时，
（3.76）
适用条件为L > D且< 2时，其中L为装药长度，D为装药直径，R为表面到装药中心的距离，W为TNT当量装药质量，若不满足则取1 。这个系数主要用于修正近距离、侧向布置的圆柱形装药相对于半球形装药的差异。
对于非接触爆炸的剥落参数：
（3.77）
对于接触爆炸的剥落参数：
（3.78）
其中为剥落参数，为钢制外壳质量。需要注意的是接触爆炸时 R不是爆距为零，而是从板表面到装药重心的距离。对于有尺寸的装药，装药重心仍然与板表面存在几何距离。
之后再根据直接剥落阈值公式：
（3.79）
或贯穿阈值公式：
（3.80）
其中剥落阈值公式中a=−0.02511；b=0.01004；c=0.13613而贯穿阈值公式中a=0.028205；b=0.144308；c=0.049265。根据之前得到的剥落参数计算后比较是否存在剥落风险或者贯穿风险。",TREND,,最大挠度、支座转角,钢筋混凝土损毁程度,趋势关联,auto,SAFETY_SEC_3_20,3.20,最大挠度/支座转角-钢筋混凝土损毁程度,DOC_SAFE_V111,747434572783f1b3
SAFE_LD_3_21,true,DIRECTED,documented,1.0,1.0.0,20260829_v1,"适用条件：钢筋混凝土、实心砖墙
（1）钢筋混凝土墙
火球温度：典型爆炸火球温度可达2000-4000℃，作用时间0.1-10秒。
混凝土爆裂：高温导致内部水分汽化膨胀，表面产生剥落。
钢筋软化：超过400℃时钢筋屈服强度下降30%-50%。
（2）实心砖墙
瞬时高温损伤：
火球温度2000-4000℃下，砖体表面熔融（烧结砖熔点约1200℃），砂浆碳化失效。
热应力导致砖缝开裂，深度可到50-100mm。
热冲击剥落：急剧温升（＞1000℃/s）引发砖体表层爆裂。",QUALITATIVE,,火球温度T、火球直径D、火球持续时间t、钢筋屈服强度,损伤情况,定性关联,auto,SAFETY_SEC_3_21,3.21,火球温度-烧蚀面积,DOC_SAFE_V111,91f31505682b515b
SAFE_LD_3_3,true,DIRECTED,documented,1.0,1.0.0,20260829_v1,"（1）THOR方程
1）计算破片穿透靶板后剩余速度的THOR方程为：
（3.16）
式中：：破片剩余速度，ft/s；
：碰撞速度，ft/s；
：目标厚度，in；
：破片的平均入射面积，in²；
：破片质量，grain；
：破片入射方向和目标法线之间的夹角；
，，，，：与材料相关的常数，如表3-6所示。
2）计算破片穿透靶板后剩余质量的THOR方程为：
（3.17）
表 3-6 THOR方程常数（剩余速度和剩余质量）
（2）冲塞破坏方程
1）适用体系：垂直碰撞、冲塞破坏。
（3.18）
式中：，剩余速度；
：弹丸着速；
：剩余破片质量；
：剩余塞块质量。
2）适用体系：斜碰撞、冲塞破坏
（3.19）
式中：：剩余速度；
：弹丸质量；
：塞块质量；
：斜侵彻极限速度；
：弹丸着速；
：弹丸转动角。",FUNCTION,自然破片低速侵彻,装甲厚度e、破片直径d、破片质量m、塞块质量、弹靶碰撞速度、极限速度,剩余速度,函数关联,auto,SAFETY_SEC_3_3,3.3,破片参数/靶板参数-剩余速度,DOC_SAFE_V111,e035d2836ad53f53
SAFE_LD_3_4,true,DIRECTED,documented,1.0,1.0.0,20260829_v1,"在文献[1]中，相同钨合金弹丸在不同速度下侵彻两种厚度Q235钢靶的试验结果如下表所示。相同靶板厚度时，穿孔孔径随着着靶速度的增大而增大；着靶速度相同时，靶板厚度为6mm的穿孔孔径高于4mm 的孔径。
表 3-7 钨合金弹丸侵彻不同厚度 Q235 钢板的试验结果
在文献[2]中，相同钨合金弹丸在不同速度下侵彻相同厚度Q235钢靶的试验结果如表3-8所示。随着着靶速度的降低，内孔径、外孔径、靶后孔径均呈下降趋势，最低速度小于极限速度没有穿透靶板。
表 3-8 φ7 mm钨球侵彻15 mm厚Q235钢靶试验结果
对上述逻辑关系总结如下：
表 3-9 靶板厚度与破片着速趋势关联
对于相同的钨合金弹丸，随着靶板厚度增加，弹丸剩余速度减小，穿孔孔径下降；随着破片着速增大，弹丸剩余速度增大，穿孔孔径增大。",TREND,钨合金弹丸侵彻Q235钢靶,破片着速、靶板厚度,穿孔直径,趋势关联,auto,SAFETY_SEC_3_4,3.4,破片着速-穿孔直径,DOC_SAFE_V111,2703216cfa3cd356
SAFE_LD_3_5,true,DIRECTED,documented,1.0,1.0.0,20260829_v1,"破片/弹体侵彻混凝土时，侵彻深度随初速增大而增大，但增长速度呈非线性且存在阶段性差异。
1）修正Petry公式：
适用条件：侵彻钢筋混凝土
基于实验数据，在原始的纯经验关系式中，通过引入一个随混凝土类型变化的系数K来修正预测结果，使其能够应用于更广泛的工况。
公式形式为：
（3.20）
式中：H：侵彻深度（英寸）；
vs：初速（英尺/秒）；
W：弹重（磅）；
A：弹丸横截面积（平方英尺）；
K：混凝土可侵彻性系数，无钢筋混凝土取0.00799，钢筋（垂直于介质表面）混凝土取0.00426，特种钢筋混凝土取0.00284。
2）别列赞公式：
适用条件：侵彻各种土木材料
假设弹体在侵彻过程中受到的阻力与侵彻速度成线性关系，基于此假设推到运动方程并积分后，便得到了侵彻深度的计算式：
（3.21）
式中：λ为弹丸的形状系数；
KΠ为取决于介质性能的经验系数。
通过实验得到的KΠ值如下表所示。
表 3-10 不同介质KΠ值
弹丸的形状系数λ的取值：当Cq=15时，对于现代形状的榴弹，可以取1.3-1.5；或由确定，其中ld为弹丸头部长度。
修正表达式为：
（3.22）
式中：hq：侵彻深度，（m）；
λ1：弹形系数；
λ2：弹径系数；
Kq：介质材料侵彻系数，（m2*s/kg）
m：弹体质量，（kg）；
D：弹径，（m）；
v：侵彻初始速度，（m/s）；
α：侵彻着角，（°）；
n：偏转系数；
Kα：弹的偏转系数。
3）萨布茨基公式：
适用条件：侵彻各种土木材料
刚性弹丸低速垂直侵彻半无限混凝土靶板的经验公式，主要适用于较低的速度范围，通常小于700m/s。当弹丸撞击速度低于靶体材料的声速时，可将靶体视为不可压缩介质，侵彻过程主要由材料强度控制，流体动力学效应可忽略。
（3.23）
式中：x：弹体侵彻行程，（m）；
R：弹体半径，（m）；
I：弹体的形状系数，
A：取决于介质性能的静阻力系数，（kg·m-1·s-2）；
b：取决于介质性能的动阻力系数，（kg·m-1·s-2）。
公式中的A、b值见下表。
表 3-1 萨布茨基公式中的A、b值
对于球形弹头，i=1，钝头弹i=0.75，远程弹i=0.5，此外也可以用公式近似计算。
4）ACE公式：
适用条件：弹丸低速撞击半无限混凝土厚靶
ACE公式为经典经验公式，公式形式如下：
（3.24）
式中：H：侵彻深度，（英寸）；
vs：初速，（英尺/秒）；
W：弹重，（磅）；
D：弹体直径，（英寸）；
σc：抗压强度，（磅/平方英寸）。
5）NDRC公式：
适用条件：刚性弹体在中低速条件下侵彻半无限混凝土厚靶
侵彻深度主要由弹头形状系数和冲击函数决定，计算公式如下：
（3.25）
式中：N为弹体头部形状参量，对平头弹为0.72，对钝头弹为0.84，对球形弹为1.00，对尖头弹为1.14，其他参量与ACE公式相同。
6）Bernard公式
适用条件：刚性弹体侵彻混凝土、花岗岩、砂岩等岩石靶板
假设在弹体侵彻过程中，岩体对弹体的阻力是一个与岩体特性相关的常数，将弹体假设为一个不发生变形的刚体，即不考虑弹体在侵彻过程中的质量损失和严重变形。
（3.26）
其中，
（3.27）
式中：Nrc为弹形系数；
KCRH为弹头卵形曲率半径与弹头直径之比；
ηc为弹头锥形尖角；
其他参量采用英式单位制。
7）Young公式
适用条件：刚性弹体侵彻混凝土、岩石等
基于阻力恒定假设，认为弹丸在侵彻过程中受到一个恒定的平均阻力，计算公式如下：
（3.28）
其中，N为弹头性能系数：
对于卵形弹丸，
（3.29）
对于锥形弹头，
（3.30）
S为阻力系数，反应混凝土的可侵彻性指标，混凝土可侵彻性指标S值可用下公式计算：
（3.31）
式中：M：弹丸质量，（kg）；
A：弹体的截面面积，（m2）；
vs：侵彻弹体初始冲击着靶速度，（m/s）；
H：弹体侵彻深度，（m）；
K：缩尺效应系数，当M<182kg时，，当M≥182kg时，K=1.0；
Ln：弹头长度，（m）；
D：弹体直径，（m）；
CRH：弹头系数；
σc为实验时混凝土的无侧限抗压强度。
Kc与混凝土材料有关，，为靶体宽度与弹体直径的比值，对于钢筋混凝土F=20，对于无钢筋混凝土，F=30，如果W1＞F，Kc=1，对于玻薄目标（hc=0.5~2.0），F减小一半，P为混凝土中按体积计算的含钢百分率，Q为岩石质量指标，tc为混凝土的凝固时间（年）。如果tc＞1，则取tc=1，hc为混凝土目标的厚度，以弹体直径为单位，如果目标是多层组成，则每层应单独考虑，当hc＜0.5时，上式不再适用。若hc＞6，取hc=6；建议S=0.9。
8）BRL公式
适用条件：刚性弹体侵彻半无限厚混凝土
假设弹丸的所有动能在贯穿靶板的过程中，被全部用于对靶板材料做功。
（3.32）
式中：Hp：贯穿厚度，（m）；
Hs：崩落厚度，（m）；
vs：初速，（m/s）；
W：弹重，（kg）；
D：弹体直径，（m）；
σc：抗压强度，（MPa）。
9）Chang公式
适用条件：刚性弹体侵彻普通强度混凝土
该公式反映了动能主导的侵彻机制，计算公式如下：
（3.33）
式中：Hp：贯穿厚度，（m）；
Hs：崩落厚度，（m）；
vs：破片初速，（m/s）；
m：弹重，（kg）；
D：弹体直径，（m）；
σc：抗压强度，（MPa）。
10）Forrestal公式
适用条件：刚性弹体亚音速侵彻混凝土
将弹体侵彻混凝土的复杂过程，分解为“开坑”与“隧道侵彻”两个阶段，计算公式如下：
（3.34）
式中：H为瞬时侵彻深度，（m）；
d为弹体直径，（m）；
S、fc、ρ为靶体参量。
其中S由试验测定的与混凝土强度有关的系数，也可由计算，fc为混凝土单项抗压强度，ρ为混凝土靶体密度，N为弹形参量，，d为弹体直径，R为弹头部曲率半径。",FUNCTION,,破片初速v0或vs、弹重M、弹丸直径d、抗压强度fc、混凝土靶体密度ρ,侵彻深度H,函数关联,auto,SAFETY_SEC_3_5,3.5,破片初速-侵彻深度,DOC_SAFE_V111,6cf2d0a11f873206
SAFE_LD_3_6,true,DIRECTED,documented,1.0,1.0.0,20260829_v1,"破片撞击速度与开坑直径之间总体上呈正相关关系，随撞击速度增加，成坑直径逐渐增大。
在文献[1]中，为了降低自变量数目，可以将若干自变量组合起来，称为组合自变量。得出成坑直径的计算公式为：
（3.35）
其中，C为考虑长径比的组合自变量。
（3.36）
式中：D：成坑直径，（mm）；
dp：弹体直径，（mm）；
k：弹体长径比；
ρp：弹体密度；
ρt：靶体密度；
Yt：靶体强度。",FUNCTION,钨合金弹丸超高速撞击混凝土靶,弹体速度、弹体直径、弹体长径比、弹体密度、靶体密度、靶体强度,开坑直径,函数关联,auto,SAFETY_SEC_3_6,3.6,破片撞击速度-开坑直径,DOC_SAFE_V111,db689ae4841b374c
SAFE_LD_3_7,true,DIRECTED,documented,1.0,1.0.0,20260829_v1,"活性弹丸正碰撞铝靶的弹道极限速度随弹丸质量和靶板厚度的变化规律与钢弹丸侵彻靶板相类似。利用THOR方程对实验数据进行拟合，建立活性弹丸正碰撞铝靶弹道极限速度半经验预测关系，关系式为：
（3.37）
式中：：弹道极限速度；
、、：经验常数，可通过实验数据拟合获得；
：弹丸平均入射面积，近似等于圆柱形弹丸底面积；
：靶板厚度；
：弹丸质量。
对于实验用圆柱形活性弹丸，假设弹丸长径比为，同时考虑到弹丸质量与密度之间的关系可得到：
（3.38）
（3.39）
式中：：弹丸直径；
：弹丸长度；
：弹丸密度。
对活性弹丸弹道极限实验数据进行拟合，活性弹丸正侵彻铝靶弹道极限速度半经验预测关系为：
（3.40）
图 3.2活性弹丸正侵彻铝靶弹道极限
活性弹丸侵彻能力较相同质量钢弹丸弱，如图3.2所示。可以看出，随着弹丸质量的降低，活性弹丸与钢弹丸的弹道极限速度差值呈逐渐减小趋势，这表明，碰撞相同厚度铝靶条件下，随着弹丸质量的降低，活性弹丸弹道极限速度很可能等于或低于钢弹丸，即侵彻能力甚至可能超过钢弹丸。除了动能碰撞作用外，活性弹丸在侵彻过程中发生化学反应，并在侵彻通道内产生一定的爆燃压力。在一定的碰撞条件下，该爆燃压力很可能导致活性弹丸侵彻性能增强，甚至高于相同密度和尺寸的钢弹丸。",FUNCTION,活性弹丸侵彻铝靶,活性弹丸质量、靶板厚度、弹丸平均入射面积,弹道极限速度,函数关系,auto,SAFETY_SEC_3_7,3.7,活性弹丸质量/靶板厚度-弹道极限速度,DOC_SAFE_V111,5a6aab5e58c2a9fe
SAFE_LD_3_8,true,DIRECTED,documented,1.0,1.0.0,20260829_v1,"薄铝靶在活性弹丸侵彻作用下，形成典型花瓣形破坏。进一步分析活性弹丸动能和爆炸化学能联合作用下铝靶变形量与弹靶作用条件的关系，引入相对靶板隆起高度可表述为：
（3.41）
式中，和为常数，取值由靶板厚度、密度、弹丸长度和碰撞速度决定。v为碰撞速度，为给定碰撞速度，为给定速度下靶板隆起高度，参考值如表3-12所示。右侧第一项表征碰撞载荷对隆起高度的影响，第二项反映化学反应载荷对隆起高度的影响。
表 3-12 碰撞3mm靶实验结果
碰撞速度289～482 m/s范围内，假设为的一次函数，上式可拟合为：
（3.42）
在289～482 m/s速度范围内，随着碰撞速度增大，活性材料在侵彻过程中的化学响应对毁伤效应的影响显著增强，在一定程度上提高了活性弹丸对铝靶的毁伤能力。",FUNCTION,活性弹丸对薄铝靶侵彻增强,弹靶碰撞速度v,靶板隆起高度,函数关系,auto,SAFETY_SEC_3_8,3.8,活性弹丸着速/靶板隆起高度,DOC_SAFE_V111,fdf7b2a0790b79ef
SAFE_LD_3_9,true,DIRECTED,documented,1.0,1.0.0,20260829_v1,"厚铝靶在活性弹丸侵彻作用下，形成典型冲塞破坏，忽略活性材料化学响应对穿孔尺寸的影响，引入Tate侵彻理论估算穿孔直径，方程为：
（3.43）
式中：：穿孔直径；
：弹丸直径；
：弹丸材料密度；
：弹丸碰撞速度；
：弹靶接触面速度；
：靶板平均动态强度。
当碰撞速度在500～850 m/s范围内时，活性弹丸实验值大于计算结果，这是因为当活性弹丸以一定速度碰撞和侵彻目标过程中发生爆燃化学反应时，会释放大量化学能，增大了侵孔内的爆燃压力和温度，在一定程度上会促进侵孔边缘材料的径向流动，从而增大侵孔直径。",FUNCTION,活性弹丸对厚铝靶侵彻增强,弹丸直径、弹丸着速、弹丸材料密度、靶板强度、弹靶接触面速度,穿孔直径,函数关系,auto,SAFETY_SEC_3_9,3.9,活性弹丸参数/靶板参数-穿孔直径,DOC_SAFE_V111,7cc6a9c5ae6003df
SDF_LD_2_1_1_1,true,UNDIRECTED,documented,1.0,1.0.0,20260829_v1,"吸湿性决定了湿含量变化的趋势，湿含量反映了某一时刻吸湿作用的累积效果。在固定温湿度下，吸湿性强的物质会通过更强的表面吸附与毛细作用快速吸收水分，湿含量在短时间内迅速上升，最终在环境水汽压与表面饱和溶液蒸汽压相等时达到平衡湿含量；吸湿性弱的物质，则吸湿速率慢，平衡湿含量低。
在文献[1]中，湿含量与吸湿性之间存在定性关系：
其中吸湿率计算公式为：
式中：W：试样吸湿后质量增量分数，%；
m2：吸湿后试式样及称量瓶质量的数值，g；
m1：吸湿前试样及称量瓶质量的数值，g；
m3：吸湿后称量瓶的质量增量的数值，g；
m0：试样质量的数值，g。
吸湿性决定了物质在不同环境中可能达到的湿含量上限与动态趋势，湿含量则反应了物质在当前环境下的吸湿程度，二者并非简单的线性关系，而是特定条件下的对应关系，且湿含量的变化反过来会影响物质的表观吸湿性。",QUALITATIVE,火工药剂,湿含量、吸湿性,,定性关联,auto,SDF_SEC_2_1_1_1,2.1.1.1,湿含量-吸湿性,DOC_SDF_20260725,e3b16f50b1cad8ff
SDF_LD_2_1_1_2,true,UNDIRECTED,unresolved,1.0,1.0.0,20260829_v1,暂未查询到湿含量对安全性的逻辑关系。,UNKNOWN,,,,,needs_review,SDF_SEC_2_1_1_2,2.1.1.2,湿含量-安全性,DOC_SDF_20260725,cf3e91e07805938e
SDF_LD_2_1_1_3,true,UNDIRECTED,unresolved,1.0,1.0.0,20260829_v1,暂未查询到晶形对安全性的逻辑关系。,UNKNOWN,,,,,needs_review,SDF_SEC_2_1_1_3,2.1.1.3,晶形-安全性,DOC_SDF_20260725,f38a14baf1aeaba5
SDF_LD_2_1_2_1,true,UNDIRECTED,unresolved,1.0,1.0.0,20260829_v1,暂未查询到湿含量对火焰感度的逻辑关系。,UNKNOWN,,,,,needs_review,SDF_SEC_2_1_2_1,2.1.2.1,湿含量-火焰感度,DOC_SDF_20260725,bc2c00ddc6de8e76
SDF_LD_2_1_2_2,true,UNDIRECTED,unresolved,1.0,1.0.0,20260829_v1,暂未查询到湿含量对热感度的逻辑关系。,UNKNOWN,,,,,needs_review,SDF_SEC_2_1_2_2,2.1.2.2,湿含量-热感度,DOC_SDF_20260725,637dd1e344788f76
SDF_LD_2_1_2_3,true,UNDIRECTED,documented,1.0,1.0.0,20260829_v1,"晶形影响比表面积、表面缺陷分布及点火接触面积，显著改变其火焰感度。一般认为球形化晶形因表面光滑，热点形成概率低从而火焰感度低；针状、片状等不规则晶形因比表面积大，表面棱角多，在点火作用下，易形成局部高温区，使得火焰感度高。
在文献[1]和[2]中，晶形与火焰感度之间存在定性关系：
晶体形貌的变化常常伴随晶体品质的变化。晶体形貌对撞击感度的影响比较复杂。一般说来，具有尖锐棱角和长径比大的不规则晶体的感度高于块状或类球形等规则晶体，当前炸药晶体颗粒形态特征难以用确定的参数进行准确描述，且测试感度的装置精度不高，目前仅获得一些定性的规律。
SDF的六角形棱柱状晶形虽火焰感度整体较高（见图 1），但若通过晶形控制剂获得球形化晶体，其表面均匀性提高，火焰能量传递更分散，火焰感度会略有降低，本质是晶形改变了火焰能量在药剂表面的集中程度。",QUALITATIVE,火工药剂,晶形、火焰感度,,定性关联,auto,SDF_SEC_2_1_2_3,2.1.2.3,晶形-火焰感度,DOC_SDF_20260725,7c4458c611fff62d
SDF_LD_2_1_2_4,true,UNDIRECTED,documented,1.0,1.0.0,20260829_v1,"晶形通过影响晶体表面缺陷、电荷分布及摩擦起点特性，直接改变静电积累程度与放电敏感性。针状、片状晶形表面棱角尖锐、缺陷密集，在摩擦或碰撞时易发生局部电荷集中，形成高电场强度，静电感度高；球形或短柱状晶形表面光滑、缺陷少，电荷分布更均匀，静电积累与放电概率降低，静电感度低。
在文献[2]和[3]中，晶形与静电感度之间存在定性关系：
SDF的主要缺点是静电感度大，容易产生静电积聚，造成静电放电而发生爆炸事故。当它与丝绸类物质相摩擦时，或者是三硝基间苯二酚铅结晶之间或与其它物体之间摩擦，易产生静电积聚现象。为了降低其静电感度，可采用蜂蜡钝化，但因蜂蜡在50 ℃左右容易软化，不能在较热地区使用，后改用沥青钝化。沥青在90 ℃软化，这样就提高了三硝基间苯二酚铅的耐热性，沥青钝化后的三硝基间苯二酚铅的静电感度大大降低。三硝基间苯二酚铅经沥青饨化后，虽其静电感度可以大大降低，但同时增加了工艺的复杂性，存在一定的危险性，SDF静电火花测试结果如表 2所示。
静电感度试验采用兰利-最优化D法开展，即采用兰利法开展系列静电火花放电预试验，并将每次测试静电放电的电容储能、被引爆频率作为测量值。再采用最大似然法等分析计算得到被测样品的静电感度分布，由此得到预试验结果。基于预试验结果，采用最优化D法开始试验测试，每次试验选择能使静电感度分布均值和方差测量误差最优化（即误差降低最多）的静电放电能量开展，以迅速收敛获得准确的静电感度分布结果。
利用兰利-最优化D法开展静电感度试验可较准确地获得样品极小响应概率对应的静电放电能量。当试验次数达到70次时，10-6响应概率对应的静电放电能量的相对测算误差约为±18%,且更高响应概率对应的静电放电能量结果准确性优于该值。针对不同样品在不同温度加载条件下均开展90次以上静电感度试验，能保证小响应概率静电放电能量结果的准确性。
表 2 静电火花感度试验结果
通过不同晶形样品的静电电源或发火能量测试，发现SDF通过球形化改性后，晶体间摩擦起电减弱，静电积累量显著下降。",QUALITATIVE,火工药剂,晶形、静电感度,,定性关联,auto,SDF_SEC_2_1_2_4,2.1.2.4,晶形-静电感度,DOC_SDF_20260725,b282714a65ae863e
SDF_LD_2_1_2_5,true,UNDIRECTED,documented,1.0,1.0.0,20260829_v1,"晶形是决定机械感度（撞击、摩擦感度）的核心因素之一，主要通过晶格能、表面棱角及破碎特性发挥作用，晶格能低的晶形结构稳定性差，在外力作用下易断裂产生新表面和热点，机械感度高；晶格能高的晶形结构稳定，抗破碎能力强，机械感度低。
在文献[1]、[2]和[3]中，晶形与机械感度之间存在定性关系：
根据热点理论，在机械作用下，炸药首先经历塑性流动，表现出晶体间相对运动和大幅度的形变，产生高的应力，从而导致局部热点的产生。应力大小由晶体力学性质和机械作用环境综合决定。晶体形貌是决定晶体受力形成应力的关键因素。长径比小球形度大的规则晶体受力后，形成的应力在各轴向比较均匀分散且数值较低，不易形成热点；而针状或具有尖锐棱角的晶体受外力后则相反，各轴向应力分布不均匀且大小差异巨大，易于在局部应力集中处形成热点，从而引发强烈反应。此外，不同晶形的炸药还表现出不同的化学反应能力，外观整齐晶体表面光滑的样品，具有较低的热分解反应速率；而晶体外观粗糙，表面纹理明显的样品侧则热分解反应速率快。因此对于同种炸药，具有长径比小、球形度高、外形规则的含能晶体，其感度较低。硝胺高感炸药基本符合该规律。
炸药晶体颗粒的形态特征尚难以通过确定的参数进行精确描述，且感度测试装置的精度有限，因此仅能获得定性的规律或趋势性认识。就多数炸药而言，各形态特征对撞击感度的影响程度通常遵循以下顺序：微纳多级结构 > 颗粒大小与分布 > 晶体形貌 > 晶体缺陷。然而，该影响顺序及其程度在不同炸药间存在显著差异，且变化范围较宽。
SDF撞击感度测试采用分离式霍普金森杆（SHPB）模拟高加速度过载环境，子弹、输入杆、输出杆为LY-12铝材、直径Φ12.0 mm、长度分别为400，1500，1000 mm。采用组合整形器将入射脉冲延长到150 μs以上。
表 3 SDFSHPB加载下的响应状态
由表 3看出，SDF在某加载气压以下不爆炸，超过某一加载强度后（称为“最高加载气压”）则全部发生爆炸，在这之间则为爆与不爆的交叉状态。从安全性角度选取略低于该“最高加载气压”的值作为起爆药的临界加载气压。因此，SHPB装置条件下SDF的临界加载气压分别为0.55 MPa，0.045 MPa，0.065 MPa。
针状、片状晶形棱角尖锐，摩擦或撞击时易形成应力集中点，热点生成概率大，机械感度显著高于球形或柱状晶形，可通过不同晶形的撞击上下限、摩擦爆炸概率实验测定。",QUALITATIVE,火工药剂,晶形、机械感度,,定性关联,auto,SDF_SEC_2_1_2_5,2.1.2.5,晶形-机械感度,DOC_SDF_20260725,bd419c8f8a3ec30f
SDF_LD_2_1_2_6,true,UNDIRECTED,documented,1.0,1.0.0,20260829_v1,"晶形通过晶格能、热传导路径及热积累特性影响热感度。晶格能大的晶形离子间静电引力强，结构稳定，热分解需更高能量，热感度低；晶格能较小的晶形，结构松散，热易引发键断裂，热感度高。
在文献[1]中，晶形与热感度之间存在定性关系：
图 3 200 ℃/24 h高温试验前后SDF样品的晶体形貌对比
如图 3所示，SDF在经过高温存储后，出现晶粒碎裂的现象。从图 4中可以看出，在200 °C/24h高温试验后SDF样品的热分解过程与未经高温试验时基本一致，分解反应主要发生在289 °C，此时出现明显的分解峰，经过高温试验后的SDF样品在160 °C附近的吸热脱水峰消失。在200 °C条件下，当存储时间增加到50 h时，DSC显示SDF样品未出现热分解现象。
图 4 SDF在200℃分别存储24h，50h后的DSC图
图 5 SDF在200℃存储24h，50h后的XRD图
由图 5可以看出200 ℃/24 h高温SDF样品与未经高温存储SDF样品的XRD衍射图谱一致，在0-30 ℃和45-60 ℃范围内都存在衍射峰，结合DSC的测试结果，说明在200 ℃/24 h试验条件下，SDF能够保持性能稳定。且200 ℃/50 h高温SDF样品未表现出晶态，结合DSC测试结果，说明在200 ℃/50 h条件下，SDF已经完全分解。以上结果表明，SDF能够在200 ℃下保持性能稳定24 h，超过50 h时，SDF发生分解反应，导致产品失效。
球形晶形热传导均匀，热量易扩散，热积累少，热感度较低；针状进行热传导路径不均匀，局部易形成高温区，热感度较高。通过不同晶形的爆发点测试分析，发现SDF结晶的爆发点预期六角形棱柱状晶形相关，可通过改性获得更稳定的晶形，使热感度进一步降低。",QUALITATIVE,火工药剂,晶形、热感度,,定性关联,auto,SDF_SEC_2_1_2_6,2.1.2.6,晶形-热感度,DOC_SDF_20260725,c2eaadda82d613e7
SDF_LD_2_1_3_1,true,UNDIRECTED,unresolved,1.0,1.0.0,20260829_v1,暂未查询到湿含量对爆热的逻辑关系。,UNKNOWN,,,,,needs_review,SDF_SEC_2_1_3_1,2.1.3.1,湿含量-爆热,DOC_SDF_20260725,9edc1435c008a467
SDF_LD_2_1_3_2,true,UNDIRECTED,unresolved,1.0,1.0.0,20260829_v1,暂未查询到湿含量对爆温的逻辑关系。,UNKNOWN,,,,,needs_review,SDF_SEC_2_1_3_2,2.1.3.2,湿含量-爆温,DOC_SDF_20260725,4e696db06980a6cb
SDF_LD_2_1_3_3,true,UNDIRECTED,documented,1.0,1.0.0,20260829_v1,"晶形通过影响含能材料的晶体密度与分子堆积紧密程度，间接调控爆热的大小。爆热本质上是炸药爆炸时化学能转化为气体产物热能的量度，晶体密度越高，单位质量内可参与反应的分子数越多，爆炸时释放的化学能总量越大，爆热通常越高。
在文献[1]中，晶形与爆热之间存在定性关系：
不同晶形的同种炸药因分子排列方式与晶胞堆积效率差异，密度存在显著区别，晶形通过决定晶体密度，定性地影响爆热，因此，高密度晶形往往对应高爆热。",QUALITATIVE,火炸药,晶形、爆热,,定性关联,auto,SDF_SEC_2_1_3_3,2.1.3.3,晶形-爆热,DOC_SDF_20260725,a443388262090c1a
SDF_LD_2_1_3_4,true,UNDIRECTED,documented,1.0,1.0.0,20260829_v1,"晶形对爆压的影响主要源于晶体密度与爆轰产物初始状态的差异。爆压是爆轰波阵面压力的直接体现，依赖于炸药密度与爆速的共同作用，晶形是决定晶体堆积密度的重要因素之一。高密度晶形能使装药在同等条件下达到更高的堆积密度，从而在爆轰时产生更强的冲击波压缩作用，爆压随之升高。反之，低密度晶形分子排列松散，密度较低，爆轰时能量集中程度减弱，爆压较低。
在文献[1]中，晶形与爆压之间存在定性关系：
晶形是影响晶体堆积密度的根本因素，晶形通过决定含能材料的晶体密度与分子堆积方式，直接调控爆压的大小，爆压是爆轰波阵面的体现，依赖于炸药密度与爆速的共同作用。",QUALITATIVE,含能材料,晶形、爆压,,定性关联,auto,SDF_SEC_2_1_3_4,2.1.3.4,晶形-爆压,DOC_SDF_20260725,0da6939292ee631f
SDF_LD_2_1_3_5,true,UNDIRECTED,documented,1.0,1.0.0,20260829_v1,"晶形通过影响爆热与爆炸产物的热容特性，对爆温产生间接作用。爆温由爆热与产物总热容的比值决定，晶形决定的密度与分子结构会影响爆热大小及产物组成比例，从而改变爆温水平。高密度晶形因爆热较高，若产物热容变化不大，则爆温倾向于升高；但晶形也可能通过改变分子分解路径影响产物种类，进而影响产物热容，使爆温变化趋势复杂化。总体而言，高密度、高爆热的晶形通常对应较高爆温。
在文献[1]中，晶形与爆温之间存在定性关系：
晶形通过影响爆热与爆炸产物的热容特性，对爆温产生间接而重要的作用。爆温由爆热与产物总热容的比值决定，而晶形决定的晶体密度与分子结构会影响爆热大小及产物组成比例，从而改变爆温水平。",QUALITATIVE,凝聚炸药,晶形、爆温,,定性关联,auto,SDF_SEC_2_1_3_5,2.1.3.5,晶形-爆温,DOC_SDF_20260725,76f404050f1c3474
SDF_LD_2_1_4_1,true,UNDIRECTED,documented,1.0,1.0.0,20260829_v1,"在极低湿含量下，虽然SDF本体化学安定性良好，但静电积累极为显著，静电火花感度极高，极易因摩擦、流动等操作中的静电放电而发生意外爆炸，总体安定性极差。湿含量过高，加速水解反应，生成碱性副产物，降低热安定性，促进晶型转变，提高机械感度，增加团聚倾向，导致装药密度不均，影响爆轰可靠性。湿含量过低，静电感度显著上升，增大意外引爆风险；粉末流动性过强，易造成工艺污染和计量误差。
在文献[1]中，湿含量与安定性之间存在定性关系：
湿含量过高可能会加速炸药的分解，增加其发生意外爆炸的风险，对炸药的储存和使用安全构成威胁。湿含量增加对含能材料的化学安定性和贮存可靠性普遍有害，会加速其分解和老化；但湿含量增加通常会降低材料的机械感度，在一定条件下有利于生产、运输过程中的操作安全。",QUALITATIVE,点火药,湿含量、安定性,,定性关联,auto,SDF_SEC_2_1_4_1,2.1.4.1,湿含量-安定性,DOC_SDF_20260725,6beb88ca457a01b3
SDF_LD_2_1_4_2,true,UNDIRECTED,unresolved,1.0,1.0.0,20260829_v1,暂未查询到晶形对安定性的逻辑关系。,UNKNOWN,,,,,needs_review,SDF_SEC_2_1_4_2,2.1.4.2,晶形-安定性,DOC_SDF_20260725,9554cbff70138bea
SDF_LD_2_3_1_1,true,UNDIRECTED,documented,1.0,1.0.0,20260829_v1,"在一定的温度范围内，提高反应温度有利于获得更大、更规整的SDF晶体。温度过高，可能导致副反应增多、纯度下降、晶体形貌不规则、安全性风险增加；温度过低，易生成细小结晶、糊状胶体，流散性差。因此，在SDF的实际生产中，严格控制反应温度在60-65 ℃，是获得粒度均匀、形貌规整、流散性好、纯度高的产品的关键工艺参数之一。
在文献[1]中，反应温度与粒度之间存在定性关系：
可用粒径跨度S表示粒度分布，计算公式为：
S=(d90-d10)/2d50
式中：d10：体积分数累积至10%时的颗粒粒径，目；
d50：体积分数累积至50%时的颗粒粒径，目；
d90：体积分数累积至90%时的颗粒粒径，目。
提高反应温度，会提高SDF在溶液中的溶解度。意味着在相同的原料浓度下，溶液的瞬时过饱和度会降低。过饱和度是结晶的驱动力，较低的过饱和度有利于减少晶核的瞬间大量生成，使有限的晶核有更充分的物质和时间生长，从而易于得到更大、更均匀的晶体。",QUALITATIVE,火炸药,反应温度、粒度,,定性关联,auto,SDF_SEC_2_3_1_1,2.3.1.1,反应温度-粒度,DOC_SDF_20260725,97b629732037774c
SDF_LD_2_3_1_10,true,UNDIRECTED,unresolved,1.0,1.0.0,20260829_v1,暂未查询到pH对纯度的逻辑关系。,UNKNOWN,,,,,needs_review,SDF_SEC_2_3_1_10,2.3.1.10,反应pH-纯度,DOC_SDF_20260725,f89c30a3748de240
SDF_LD_2_3_1_11,true,UNDIRECTED,documented,1.0,1.0.0,20260829_v1,"湿含量是单位质量固体中所含水分的质量，通过过滤工艺分离固液两相。在过滤初期，滤饼薄，阻力小，单位时间脱水量大，湿含量下降快。滤饼增厚，过滤阻力增加，脱水速率逐渐降低。当所有可流动的自由水被基本排除后，脱水速率趋于零，湿含量不再随时间变化。
在文献[1]和[2]中，过滤时间与湿含量的逻辑关系论述如下：
其中Ruth过滤方程为：
式中：q1：过滤速度，m3·s-1；
θ：过滤时间，s；
v：单位面积上的滤液体积，m3；
vm：单位面积上的假想滤液体积，相当于过滤介质阻力，m3；
K：Ruth系数，m2·s-1。
过滤时间通过调控物料与过滤介质接触的长短，直接影响湿含量的变化轨迹。当达到一定时间后，滤饼阻力与过滤压力达成平衡，水分排出速率趋近于零，湿含量稳定在平衡湿含量附近。时间过短湿含量高，过长则可能导致二次吸湿。",FUNCTION,工业过滤，火工药剂,过滤时间、湿含量,,函数关联,auto,SDF_SEC_2_3_1_11,2.3.1.11,过滤时间-湿含量,DOC_SDF_20260725,ae4e643f0f1865fc
SDF_LD_2_3_1_12,true,UNDIRECTED,documented,1.0,1.0.0,20260829_v1,"湿含量是单位质量固体中所含水分的质量，通过过滤工艺分离固液两相。过滤速度是一个过程速率指标。在恒压过滤中，过滤速度会随着滤饼增厚（即湿含量降低）而自然衰减。因此，高初始过滤速度可以更快地去除大量自由水，缩短达到目标湿含量的时间，但无法改变由滤饼性质决定的最终湿含量极限。
在文献[1]和[2]中，过滤速度与湿含量的逻辑关系论述如下：
其中Ruth过滤方程为：
式中：q1：过滤速度，m3·s-1；
θ：过滤时间，s；
v：单位面积上的滤液体积，m3；
vm：单位面积上的假想滤液体积，相当于过滤介质阻力，m3；
K：Ruth系数，m2·s-1。
过滤速度通过改变物料在滤床中的停留时间与水分迁移效率，影响最终湿含量。",FUNCTION,工业过滤，火工药剂,过滤速度、湿含量,,函数关联,auto,SDF_SEC_2_3_1_12,2.3.1.12,过滤速度-湿含量,DOC_SDF_20260725,7c63cbac885adcfa
SDF_LD_2_3_1_13,true,UNDIRECTED,documented,1.0,1.0.0,20260829_v1,"湿含量是单位质量固体中所含水分的质量，通过过滤工艺分离固液两相。作为过滤过程的推动力，更高的压力能提供更大的力来克服流动阻力，排出滤饼空隙中的自由水，从而降低湿含量；对于可压缩滤饼，高压会压缩滤饼颗粒，使其变形、重排，导致滤饼空隙率减小、孔径变小、渗透性变差。这会使后续的脱水更加困难，阻碍湿含量的进一步降低。
在文献[1]中，过滤压力与湿含量的逻辑关系论述如下：
其中恒压过滤方程为：
式中：p：使用的过滤压力，单位为Pa；
m：湿的和干的滤饼质量之比；
s：固相在悬浮液中的质量百分数，%；
ρ：滤液密度，kg·m-3；
μ：滤液粘度，Pa·s；
：平均过滤比阻，m·kg-1。
过滤压力是水分脱出的直接驱动力，通过克服滤材与滤饼的阻力推动水分透过，对湿含量的影响最为直接。压力差（过滤压力）与流量（脱水速率）正相关，进而影响湿含量，压力需适度，过低脱水不足、湿含量高，过高则可能浪费能源且效果边际递减。",FUNCTION,工业过滤，火工药剂,过滤压力、湿含量,,函数关联,auto,SDF_SEC_2_3_1_13,2.3.1.13,过滤压力-湿含量,DOC_SDF_20260725,4834fac72884b6b5
SDF_LD_2_3_1_14,true,UNDIRECTED,documented,1.0,1.0.0,20260829_v1,"湿含量是单位质量固体中所含水分的质量，通过烘干工艺减少产品水分。烘干温度是去除湿物料中不同形态水分的主要驱动力，在水分蒸发阶段，温度通过影响水分蒸发速率间接影响湿含量下降的速度；在结晶水脱除阶段，温度必须达到特定阈值才能启动脱结晶水过程，且脱除速率随温度升高而显著加快。
在文献[1]中，烘干温度与湿含量的实验/计算数据如表 6和表 7所示：
表 6 烘干温度与湿含量关系
表 7 水分脱除机理
烘干温度通过提供水分蒸发的驱动力直接影响物料中湿含量的下降速率与最终平衡值。温度需适度，过低脱水慢、湿含量高，过高则可能适得其反。",TREND,火工药剂,烘干温度、湿含量,,趋势关联,auto,SDF_SEC_2_3_1_14,2.3.1.14,烘干温度-湿含量,DOC_SDF_20260725,37c2193599deddba
SDF_LD_2_3_1_15,true,UNDIRECTED,documented,1.0,1.0.0,20260829_v1,"湿含量是单位质量固体中所含水分的质量，通过烘干工艺减少产品水分。烘干时间是实现从初始湿含量降至目标湿含量的过程变量。在特定烘干温度下，湿含量随烘干时间的延长而降低，但降低速率会逐渐变慢，最终趋近于平衡湿含量。在恒定的烘干条件下，湿含量与烘干时间的关系曲线（即干燥曲线）呈现两个特征阶段，恒速干燥阶段：湿含量随时间线性下降，下降速率快且恒定；降速干燥阶段：湿含量随时间非线性下降，下降速率逐渐减慢，最终无限趋近于平衡湿含量。
劳允亮, 盛涤伦. 火工药剂学[M]. 北京: 北京理工大学出版社, 2011.
罗伯特·马蒂阿什, 伊日·帕赫曼(著)， 张建国(译). 起爆药学[M]. 北京: 北京理工大学出版社, 2016.
在文献[1]和[2]中，烘干时间与湿含量的逻辑关系论述如下：
其中恒速干燥阶段为：
其中降速干燥阶段为：
式中：X0：初始湿含量，%；
Xc：临界湿含量，%；
UC：干燥速率，m3·s-1；
G’/S：单位干燥面积上的绝干物料量。
烘干时间决定水分脱出的充分程度，通过累积蒸发效应调控湿含量的最终水平。时间不足则湿含量偏高，时间过长则能耗增加且无实质脱水收益。
图 6 SDF水合物在不同温度下的失水速率
由图 6发现，在115 ℃、135 ℃、145 ℃下失水分别需要16 h、7 h、4 h。在此过程中，SDF晶体断裂释放出结晶水。这种可逆的脱水再水合反应在工业上（140 ℃）被用来改善晶体粒度，从而避免了细化过程。",FUNCTION,烟火药，火工药剂,烘干时间、湿含量,,函数关联,auto,SDF_SEC_2_3_1_15,2.3.1.15,烘干时间-湿含量,DOC_SDF_20260725,e12e7ecc5e848d36
SDF_LD_2_3_1_16,true,UNDIRECTED,documented,1.0,1.0.0,20260829_v1,"湿含量是单位质量固体中所含水分的质量，通过烘干工艺减少产品水分。升温速率本身不直接决定最终湿含量，但它通过影响干燥过程的传热传质效率和物料内部温度梯度，间接影响干燥速率和最终湿含量。异常的升温速率会显著增加物料热分解的风险，从根本上破坏产品。
对干燥速率的影响，较快的升温速率能更快地将物料加热到目标干燥温度，从而缩短预热阶段的时间，使物料更早进入恒速干燥阶段，从整体上缩短达到目标湿含量所需的总时间。
对干燥均匀性的影响，过快的升温速率可能导致物料表面迅速干燥结壳，形成一层致密的干层，阻碍内部水分的向外扩散（或内扩散控制），从而使内部湿含量下降变慢，甚至导致内外湿含量不均。
对于斯蒂酚酸铅这类热敏性物质，过快的升温速率会导致物料内部温度滞后于设定温度，产生较大的温度梯度。如果设定温度已接近其热分解起始温度（约200 ℃），过快的升温可能使局部（尤其是传热不良的区域）温度瞬间超过安全阈值，引发局部过热、热分解甚至燃烧爆炸，产品完全失效。
在文献[1]中，升温速率与湿含量的实验/计算数据如表 8和表 9所示：
表 8 升温速率对湿含量的影响
表 9 升温速率对湿含量影响的基本机理
升温速率通过影响水分迁移与蒸发的阶段性特征，间接改变湿含量的变化规律。烘干温度应调节在合适值并配合适当升温，避免高温导致药剂分解。",TREND,火工药剂,升温速率、湿含量,,趋势关联,auto,SDF_SEC_2_3_1_16,2.3.1.16,升温速率-湿含量,DOC_SDF_20260725,0c13c582e229d898
SDF_LD_2_3_1_17,true,UNDIRECTED,documented,1.0,1.0.0,20260829_v1,"包装量对安全性的影响存在一个临界点。在临界点以下，增加包装量会显著增加危险性；超过临界点后，由于装药直径/厚度超过临界尺寸，系统反而会更易发生爆轰，但可能因能量更大而导致更严重的后果。对于斯蒂酚酸铅这种感度较高的起爆药，其安全包装量通常被严格限制在远低于其爆轰临界尺寸的范围内。
在文献[1]和[2]中，包装量与安全性之间存在定性关系：
包装量越大，对火工品本身的钝感处理要求越高。未经过钝化造粒的SDF流散性差、静电感度高，小包装下风险尚可控制，但大包装量场景下必须先进行沥青钝化、石墨包覆、羧甲基纤维素造粒等处理，降低药剂感度，才能匹配大包装的安全性要求。
包装量越大，单位包装内的总化学能越高，且热量更不易散失。超过临界包装量后，可能导致热量积累速率大于散失速率，引发热爆炸。斯蒂酚酸铅是静电感度极高的物质。包装、运输、倾倒过程中，药粒与容器壁、药粒之间的摩擦会产生静电。包装量越大，摩擦接触面积和次数可能增加，静电积累的总量和放电风险随之增大。包装单元在储运中会受到振动、冲击、堆压。包装量越大，底层药剂承受的静压力越大，可能导致摩擦感度升高的风险。",QUALITATIVE,火工药剂,包装量、安全性,,定性关联,auto,SDF_SEC_2_3_1_17,2.3.1.17,包装量-安全性,DOC_SDF_20260725,2e1f23c8340e75a8
SDF_LD_2_3_1_18,true,UNDIRECTED,unresolved,1.0,1.0.0,20260829_v1,暂未查询到烘干温度对安全性的逻辑关系。,UNKNOWN,,,,,needs_review,SDF_SEC_2_3_1_18,2.3.1.18,烘干温度-安全性,DOC_SDF_20260725,349e1501ef7ae5d1
SDF_LD_2_3_1_19,true,UNDIRECTED,documented,1.0,1.0.0,20260829_v1,"斯蒂酚酸铅固有的低吸湿性是其物理性质，不随包装量改变。更大的包装量意味着更大的药剂与空气接触的表面积和更多的吸湿，这会导致吸湿总量增加、达到吸湿平衡所需时间延长，从而放大了吸湿可能引发的化学分解风险。
对吸湿速率和平衡时间的影响，对于非密封或防潮性能有限的包装，包装量越大，物料总质量越大，需要从环境中吸收更多水分才能达到其固有的平衡吸湿量。因此，达到吸湿平衡所需的时间更长。同时，大包装内部的水分扩散路径更长，吸湿速率会变慢。
对吸湿均匀性的影响，在非密封包装中，包装外层的物料直接与环境空气接触，会先于内层物料吸湿。包装量越大，物料堆积越厚，内外层物料达到吸湿平衡的差异（湿度梯度）就越大，导致产品性能不均一。
在文献[1]中，包装量与吸湿性之间存在定性关系：
其中吸湿量经验计算式为：
吸湿总量=包装量×平衡吸湿率
斯蒂酚酸铅的包装量与其吸湿性之间的关系是间接的但至关重要的。包装量不改变其固有的低吸湿率，但直接决定了吸湿的绝对量，吸湿后化学分解风险增加。考虑到包装量越大，对防潮密封措施的要求就越高。
斯蒂酚酸铅本身吸湿性很小。但吸湿后可能引发严重的次生化学反应，包装量越大，一旦包装密封失效或环境湿度极高，可能吸收的总水分量绝对值越大。这些水分若集中在局部（如包装底部或角落），可能为水解反应提供条件。斯蒂酚酸铅吸湿水解会生成斯蒂芬酸和碱式硝酸铅等，这些酸性产物可能腐蚀金属壳体，或与内部其他组分发生不良反应，降低起爆性能，甚至引发分解。
图 7 含能材料不同包装形式
如图 7所示，对包装密封有效性的考验，大包装对包装材料的密封性、强度以及封口工艺要求更高。任何微小的密封缺陷，在大包装长期储存中，因内外压差、温度循环导致水分侵入的绝对量更大，从而放大了吸湿带来的风险。",QUALITATIVE,含能材料,包装量、吸湿性,,定性关联,auto,SDF_SEC_2_3_1_19,2.3.1.19,包装量-吸湿性,DOC_SDF_20260725,d7e612fbf489e900
SDF_LD_2_3_1_2,true,UNDIRECTED,documented,1.0,1.0.0,20260829_v1,"粒度是颗粒的线性尺寸。反应时间使反应完全，确保原料充分反应，提高得率。促进晶体熟化，在一定的温度和搅拌条件下，小晶体可能溶解，大晶体继续生长，使平均粒度略有增大并分布更均匀。
在文献[1]中，反应时间与粒度之间存在定性关系：
反应时间通过调控结晶过程中的晶核生成与晶体成长速率，直接影响含能材料或药剂的粒度分布与平均粒径。在结晶初期，反应时间较短时，晶核大量生成而晶体成长不充分，易得到细小且粒度分布宽的颗粒；随着反应时间延长，晶核逐渐转化为晶体并持续长大，粒度随之增大，但当晶体接近极限粒径后，继续延长时间会因“逆研磨”或颗粒团聚导致粒度不再减小甚至回升。
三硝基间苯二酚铅在不同用途中需通过控制反应时间调节结晶颗粒大小，混制针刺药需较大颗粒以保证流散性，而沥青钝化工艺需较小颗粒以利造粒，本质是反应时间通过晶核-晶体动态平衡调控粒度的体现。",QUALITATIVE,火工药剂,反应时间、粒度,,定性关联,auto,SDF_SEC_2_3_1_2,2.3.1.2,反应时间-粒度,DOC_SDF_20260725,3c7c786badda7440
SDF_LD_2_3_1_3,true,UNDIRECTED,documented,1.0,1.0.0,20260829_v1,"粒度反映了颗粒尺寸。反应pH直接决定产物的化学组成和晶形，从而根本性地影响其粒度。不同pH区间会生成化学组成和晶体结构完全不同的SDF（中性盐、酸性盐、碱性盐），它们的结晶和粒度特点截然不同。
晶体形貌与粒度紧密相关，过饱和度、结晶动力学与pH影响反应离子的活度、存在形态以及产物的溶解度。改变溶液的过饱和度，进而控制晶核生成速率与晶体生长速率的竞争关系，最终决定粒度大小和分布。调控晶体生长习性，特定的pH环境有利于特定晶面的优先生长，从而形成针状、片状、棱柱状或球形等不同形貌的晶体。
在文献[1]中，反应pH与粒度的实验/计算数据如下：
pH主要通过影响生成产物确定斯蒂酚酸铅粒度，如表 4所示，不同pH下，生成三种不同（酸性、中性、碱性）SDF产物，同时因pH不同，各产物晶形和粒度存在较大差异。
表 4 反应pH对粒度的影响
三硝基间苯二酚铅在酸性介质中，酸度逐渐加大时晶体成长越大，反之则晶体小，严格控制pH可获得特定粒度的结晶。pH还会影响晶形控制剂的作用效果——如羧甲基纤维素钠作为晶形控制剂时，特定pH下可引导晶体球形化生长，避免针状或片状细颗粒生成。",TREND,火工药剂,反应pH、粒度,,趋势关联,auto,SDF_SEC_2_3_1_3,2.3.1.3,反应pH-粒度,DOC_SDF_20260725,ad560a26a4f5eaa8
SDF_LD_2_3_1_4,true,UNDIRECTED,documented,1.0,1.0.0,20260829_v1,"晶形是晶体的几何外形。在一定的温度范围内，提高反应温度有利于获得更大、更规整的SDF晶体。温度过高，可能导致副反应增多、纯度下降、晶体形貌不规则、安全性风险增加；温度过低，易生成细小结晶、糊状胶体，流散性差。因此，在SDF的实际生产中，严格控制反应温度在60-65 ℃，是获得粒度均匀、形貌规整、流散性好、纯度高的产品的关键工艺参数之一。
杨利, 张同来. 新型火工药剂理论与技术[M]. 北京: 北京理工大学出版社, 2019.
劳允亮. 起爆药化学与工艺学[M]. 北京: 北京理工大学出版社, 1997.
在文献[1]和[2]中，反应温度与晶形之间存在定性关系：
在相同的原料浓度下，温度升高导致溶液的瞬时过饱和度降低。过饱和度是结晶的驱动力。较低的过饱和度有利于减少晶核的瞬间大量生成，使晶核有更充分的物质和时间进行规则生长，从而得到形貌规整（如六角棱柱状）、表面光滑、粒度较大且均匀的晶体。温度太低时，反应和结晶速率过慢，可能生成大量微晶并发生无序聚集，形成无定形的胶状沉淀，无法形成规则的晶体形貌，使产品流散性极差。
温度影响固液界面粗糙度，低温下界面多为光滑界面，晶体呈层状生长，易形成针状、片状等各向异性晶形；温度升高至界面粗糙化温度时，界面粗糙度增加，生长机制转为连续生长，利于形成球形、短柱状等各向同性晶形。三硝基间苯二酚铅在较低温度下易生成棉絮状不定形胶团，较高温度下则形成流散性良好的苯环状均匀颗粒。
根据结晶过程的原理可知，反应温度高，有利于晶体的成长，可得到较大晶体颗粒，而反应温度低，易生成细小结晶。同时，由于三硝基间苯二酚铅在结晶过程中，需要吸收大量的热，如果反应温度过低，则容易生成糊状胶体。在三硝基间苯二酚铅结晶过程中，产生这种糊状胶体，将会给洗涤，抽滤带来困难，且不易烘十等。因此，需要控制一定的化合温度。经验证明化合温度低于50 ℃时，容易生成糊状胶体。一般在60-65 ℃为宜。
根据结晶动力学的原理，制造颗粒均匀和良好流散性能的三硝基苯二酚铅，需要使其反应溶液在低过饱和度而析出的结晶。在显微镜观察下是“苯环”体，为要达到低饱和，在一定的反应溶液浓度下，应保持较高的温度，如达到70-80 ℃时，需要10分钟左石才出现结晶体。不会产生象在低温下很快出现的黄色糊状物。
在温度高的情况下溶解度大，不易迅速形成过饱和。而且由于晶体越小则溶解度越大，最初生成的微小晶粒比较不稳定，随后又溶解。如此生成和溶解过程反复进行。当逐渐达到一定的过饱和度后结晶即析出。在低温时，则容易达到过高饱和度而立即析出大量小结晶。晶粒细小，形成凝胶体或细小的胶状物，认为是细小粒子的三硝基间苯二酚铅胶状物也可能混有Pb+碱性物。",QUALITATIVE,火工药剂,反应温度、晶形,,定性关联,auto,SDF_SEC_2_3_1_4,2.3.1.4,反应温度-晶形,DOC_SDF_20260725,5cb23bc20817c287
SDF_LD_2_3_1_5,true,UNDIRECTED,documented,1.0,1.0.0,20260829_v1,"晶形是指晶体的几何外形，反应时间是晶体成核与生长过程的核心时间约束，直接决定晶体的晶形、粒度分布与缺陷程度，是“反应进程→晶体生长平衡→晶形特征”的正向关联关系。反应时间不足会导致晶形不完整、细晶占比高；反应时间合适时晶形规则、接近预期；反应时间过长会引发晶形劣化、缺陷增加。
在文献[1]和[2]中，反应时间与晶形之间存在定性关系：
反应时间通过调控晶核生成与晶体成长的动态平衡，影响晶形的规整性与稳定性。结晶初期，短时间反应晶核大量生成但成长不充分，易形成细小、不规则晶形；随反应时间延长，晶核逐渐转化为晶体并持续长大，晶形趋于规整——但过长反应时间可能引发晶体团聚或二次生长，导致晶形劣化。
三硝基间苯二酚铅在混制针刺药工艺中需较大结晶颗粒，而沥青钝化工艺需较小颗粒，可通过控制反应时间调节结晶成长程度实现。此外，反应时间还影响晶形控制剂的作用效果——足够时间让晶形控制剂均匀吸附于晶体表面，能有效抑制特定晶面生长，形成目标晶形。",QUALITATIVE,火工药剂,反应时间、晶形,,定性关联,auto,SDF_SEC_2_3_1_5,2.3.1.5,反应时间-晶形,DOC_SDF_20260725,938ca3e42d08a0f4
SDF_LD_2_3_1_6,true,UNDIRECTED,documented,1.0,1.0.0,20260829_v1,"晶形是晶体的几何外形。反应pH过高、过低或波动都会导致SDF晶体形貌异常。决定产物类型，不同pH区间会生成化学组成和晶体结构完全不同的SDF（中性盐、酸性盐、碱性盐），它们的结晶和粒度特点截然不同。过饱和度、结晶动力学与pH影响反应离子的活度、存在形态以及产物的溶解度。改变溶液的过饱和度，进而控制晶核生成速率与晶体生长速率的竞争关系，最终决定粒度大小和分布。调控晶体生长习性，特定的pH环境有利于特定晶面的优先生长，从而形成针状、片状、棱柱状或球形等不同形貌的晶体。
在文献[1]和[2]中，反应pH与晶形的实验/计算数据如表 5所示：
表 5 反应pH对晶形的影响
三硝基间苯二酚铅在碱性介质中，易生成带有胶体絮状的碱性三硝基间苯二酚铅。碱性三硝基间苯二酚铅可用于引燃药或击发药。三硝基间苯二酚铅在酸性介质中，当酸度逐渐加大时，则晶体随之成长。反之则晶体小。但酸性过大时，则可使三硝基间苯二酚铅溶解。因此，控制溶液一定酸度，则可获得一定粒度的结晶。
三硝基间苯二酚铅在酸性介质中，酸度逐渐加大时晶体成长越大，反之则晶体小，严格控制pH可获得特定粒度的结晶。pH还影响晶形控制剂的作用效果——如羧甲基纤维素钠作为晶形控制剂时，特定pH下可引导晶体球形化生长，避免针状/片状细颗粒生成。",TREND,火工药剂,反应pH、晶形,,趋势关联,auto,SDF_SEC_2_3_1_6,2.3.1.6,反应pH-晶形,DOC_SDF_20260725,2e1cf892f4655db7
SDF_LD_2_3_1_7,true,UNDIRECTED,unresolved,1.0,1.0.0,20260829_v1,暂未查询到反应时间对密度的逻辑关系。,UNKNOWN,,,,,needs_review,SDF_SEC_2_3_1_7,2.3.1.7,反应时间-密度,DOC_SDF_20260725,e910bcc07400f9df
SDF_LD_2_3_1_8,true,UNDIRECTED,unresolved,1.0,1.0.0,20260829_v1,暂未查询到烘干时间对密度的逻辑关系。,UNKNOWN,,,,,needs_review,SDF_SEC_2_3_1_8,2.3.1.8,烘干时间-密度,DOC_SDF_20260725,6137b23d1bf4144b
SDF_LD_2_3_1_9,true,UNDIRECTED,unresolved,1.0,1.0.0,20260829_v1,暂未查询到反应时间对纯度的逻辑关系。,UNKNOWN,,,,,needs_review,SDF_SEC_2_3_1_9,2.3.1.9,反应时间-纯度,DOC_SDF_20260725,89b1260b533e6023
SDF_LD_2_3_2_1,true,UNDIRECTED,documented,1.0,1.0.0,20260829_v1,"盐雾环境（Cl-/OH-）侵蚀是影响SDF安定性的重要环境因素。盐雾中的氯离子具有强侵蚀性，能够破坏晶体表面结构；氢氧根离子则可能导致碱性水解反应。这种侵蚀作用在长时间暴露下会逐渐累积，最终导致材料失效。
盐雾侵蚀机理可概括为以下步骤：首先，Cl-和OH-通过扩散或毛细作用渗透到晶体表面；然后，这些离子与晶体表面的铅离子发生反应，生成Pb(OH)Cl等产物；随着侵蚀的深入，反应产物积累，晶形出现层裂；最终，晶体结构完全破坏，转化为Pb3(CO3)2(OH)2等稳定产物。
SEM观察显示，盐雾3天后晶型层裂，形成小片状，表面出现空穴和裂纹。XRD分析表明，2天后出现PbO2，3天后出现Pb3(CO3)2(OH)2。活化能从原始的112.52 k·mol-1降至97-100 k·mol-1，下降约12%。
在文献[1]中，湿含量与安定性之间存在定性关系：
如图 8所示，SDF在电子显微镜下呈规则棱柱状，颗粒分散，大小均匀一致，粒径在35 μm左右，表面光滑无层裂，完整性较好，空穴和缺陷少。然后将SDF放入盐雾试验箱恒温35 ℃贮存3 d后SDF的晶体形貌发生了明显改变。SDF的晶型结构发生层裂，形成不规则的小片状晶型，晶体表面出现空穴和大量裂纹。这可能会导致SDF的晶体表面出现大量的活性位点，使其易于发生化学反应，从而削弱SDF的本质安定性能，导致失效。
图 8 SDF在盐雾环境下试验3d前后的SEM表面形貌
由图 9可知，盐雾试验1 d后，产物的成分组成无明显变化，说明SDF在盐雾试验1 d时较为稳定；盐雾2 d时，产物的主要成分为PbO2、SDF；盐雾3 d后，产物主要组分为SDF和Pb3(CO3)2(OH)2。说明随着盐雾时间的延长，部分SDF发生分解失效，其铅元素受盐雾环境应力的影响，先转移到铅的氧化物PbO2中，然后形成碱式碳酸铅。
图 9 SDF在盐雾环境下贮存不同时间后的XRD图
图 10 SDF在盐雾环境下贮存不同时间后的DSC图
通过分析图 10的热流曲线可知，SDF在发生热分解反应的起始阶段，会发生晶型转换而出现明显的熔融吸热峰。随着盐雾试验贮存时间的增加，SDF热分解反应的放热量呈先降低、后增加的趋势，相关的热分解特征参数见表 10和表11。可知SDF发生热分解反应的表观活化能受盐雾环境应力的影响，由112.52 kJ·mol-1降低为97.02 kJ·mol-1，后增加为100.253 kJ·mol-1。结合XRD测试结果推断出，在盐雾环境应力的影响下，部分SDF先分解生成PbO2，然后与CO2和OH-反应，生成碱式碳酸铅。反应焓变量总体呈下降趋势，其本质安定性能降低。
表 10 盐雾环境下贮存不同时间的SDF热分解动力学特征参数
表 11 盐雾时间对SDF影响",TREND,SDF,盐雾时间、安定性,,趋势关联,auto,SDF_SEC_2_3_2_1,2.3.2.1,盐雾环境-安定性,DOC_SDF_20260725,25ab4b70633d373f
SDF_LD_2_3_2_2,true,UNDIRECTED,unresolved,1.0,1.0.0,20260829_v1,暂未查询到pH对安定性的逻辑关系。,UNKNOWN,,,,,needs_review,SDF_SEC_2_3_2_2,2.3.2.2,反应pH-安定性,DOC_SDF_20260725,b5122513b58da8be
SDF_LD_2_3_2_3,true,UNDIRECTED,unresolved,1.0,1.0.0,20260829_v1,暂未查询到烘干温度对安定性的逻辑关系。,UNKNOWN,,,,,needs_review,SDF_SEC_2_3_2_3,2.3.2.3,烘干温度-安定性,DOC_SDF_20260725,fb05cc98027f1005
SDF_LD_2_3_2_4,true,UNDIRECTED,unresolved,1.0,1.0.0,20260829_v1,暂未查询到烘干时间对安定性的逻辑关系。,UNKNOWN,,,,,needs_review,SDF_SEC_2_3_2_4,2.3.2.4,烘干时间-安定性,DOC_SDF_20260725,76982ff7c4113265
SDF_LD_2_3_3_1,true,UNDIRECTED,unresolved,1.0,1.0.0,20260829_v1,暂未查询到颗粒分布对安全性的逻辑关系。,UNKNOWN,,,,,needs_review,SDF_SEC_2_3_3_1,2.3.3.1,颗粒分布-安全性,DOC_SDF_20260725,d2edec4dea2efe7c
SDF_LD_2_3_3_2,true,UNDIRECTED,documented,1.0,1.0.0,20260829_v1,"碱式SDFI型是黄色和橘黄色针状晶体，堆积密度为0.3-0.5 g∙cm-3，不利于装药。若在SDF化合反应过程，严格控制反应介质的酸碱度，在晶形控制剂的作用下或加入一定量的SDF晶种，严格控制反应液的过饱和度等条件，可以生产出黄褐色和棕色的细颗粒Ⅱ型碱式SDF，堆积密度可达1.2-1.6 g∙cm-3。
在文献[1]和[2]中，颗粒分布与密度之间存在定性关系：
SDF的配料组成是控制其产品粒度的决定性因素。通过精确调整配料，可以有效地控制晶核生成速度和晶体成长速度的比率，从而定向制备出所需粒度的产品，以满足不同火工品的装药需求。严格控制反应母液的低过饱和度是为了促进晶体成长，获得粒度较大的产品。反之，快速加入高浓度溶液会产生高过饱和度，得到细颗粒。合理的颗粒级配是提高装药密度最关键的工艺手段。
通过大小颗粒的科学搭配，可以填充颗粒间的空隙，减少孔隙率，实现更紧密的堆积，从而显著提高装药密度。同时，球形颗粒因其流动性好，有利于提高装药密度和工艺性能。",QUALITATIVE,火工药剂,颗粒分布、密度,,定性关联,auto,SDF_SEC_2_3_3_2,2.3.3.2,颗粒分布-密度,DOC_SDF_20260725,a81542fbcd58d970
SDF_LD_2_3_3_3,true,UNDIRECTED,documented,1.0,1.0.0,20260829_v1,"制备三硝基间苯二酚时，若硝化不完全，反应液仍为红色，表明硝化不完全。这种不纯的斯蒂芬酸用于制备钠/镁盐时，会将其中的副产物、未反应原料等杂质带入后续反应，最终降低SDF的纯度。
在文献[1]中，配料组成与纯度的逻辑关系论述如下：
其中纯度公式为：
式中：：目标物质的质量，kg；
：样品的总质量，kg。
关键原料的纯度需严格控制，杂质（尤其是金属离子、水分、还原性物质）会显著影响反应进程与产品稳定性。起爆药生产中，原料的纯度偏差可能导致感度异常波动。反应物的摩尔比需精确控制，以提高目标产物收率并减少副反应。一般而言，核心原料纯度偏差需控制在0.1%-1%以内，具体根据品种确定。
配料组成对产物纯度的影响，本质上是原料纯度、杂质种类与含量以及各组分配比共同决定的化学与工艺因果链，配料比例通过影响反应完全度、中间体稳定性及副反应程度间接调控纯度，三硝基间苯二酚铅合成中配料组成不当会导致pH不合理生成碱式盐杂质。",FUNCTION,火工药剂,配料组成、纯度,,函数关联,auto,SDF_SEC_2_3_3_3,2.3.3.3,配料组成-纯度,DOC_SDF_20260725,fe606d3d0479e73d
SDF_LD_2_3_3_4,true,UNDIRECTED,documented,1.0,1.0.0,20260829_v1,"SDF的配料组成是控制其晶形的最核心、最有效的手段。通过选择不同的配料，可以定向地改变晶体不同晶面的生长速率，从而抑制其他晶型，获得理想的球形或近似球形聚晶，极大改善产品的流散性、堆积密度和安全性。所有对配料的调整，其最终目的都是为了获得流散性好、堆积密度高、机械感度低的球形晶体，以满足火工品自动化、安全化装药的需求。
在文献[1]中，配料组成与晶形之间存在定性关系：
配料组成中的晶形是指配料中固体物质的晶体形态。晶形是物质微观结构的宏观表现，不同的晶形意味着晶体内部原子、离子或分子的排列方式不同，由其内部原子排列和生长环境共同决定。常见的晶形包括针状、板状、柱状、立方体、八面体等。
原料液浓度直接决定反应液的过饱和度，过饱和度的高低是直接影响晶核生成和晶体成长的主要外界因素之一。过饱和度的高低直接影响晶体的形态和晶面的数目，如果溶液的过饱和度高，则在晶体成长过程中生成的晶面少，晶形简单；如果溶液的过饱和度低，晶形也相对复杂。当溶液的过饱和度增大时，晶体成核速率和生成速率均增大，于是产生大量晶核，由于迅速产生的大量晶核来不及生长，因而晶体不能向理想的方向生长。
pH对火工药剂的结晶质量（晶体大小、均匀性、规则性）的影响较为显著。如在三硝基间苯二酚铅合成过程中，由于pH的不同，可以得到不同的晶形，其爆炸性能也有很大的差别。在碱性介质中，生成棉絮状的碱式三硝基间苯二酚铅晶体；在弱酸性介质中，则生成苯环状的三硝基间苯二酚铅正盐晶体。因而适当选择并准确控制一个合理的pH在火工药剂的制备工艺优化中起着关键作用。为此，在火工药剂制备过程中，应该首先进行大量预备性试验，来寻找晶体生长受介质pH变化影响的规律，并最终选定最佳pH。
对于难溶的弱酸盐说来，pH降低，促使多相离子平衡向溶解的方向移动，从而使难溶盐的溶解度加大，有利于得到较大的晶体。但如果pH过低（＜5），则会因部分分解而引起产品的纯度和产量降低。",QUALITATIVE,火工药剂,配料组成、晶形,,定性关联,auto,SDF_SEC_2_3_3_4,2.3.3.4,配料组成-晶形,DOC_SDF_20260725,6cd3bdad721971e4
SDF_LD_2_3_3_5,true,UNDIRECTED,documented,1.0,1.0.0,20260829_v1,"较高的反应物浓度容易产生较高的过饱和度，导致快速成核，生成大量细小的晶核，最终产品粒度较细；反之，较低浓度有利于晶体缓慢生长，获得较大颗粒。SDF的配料组成是控制其产品粒度的关键工艺手段，通过调整反应物浓度、引入晶形控制剂等配料变量，可以定向改变结晶的过饱和度和成核速率，实现对晶体粒度大小和分布的有效调控。
在文献[1]中，配料组成与粒度的实验/计算数据如表 12所示：
表 12 溶液浓度对结晶颗粒的影响
粒度是指配料中固体颗粒的大小及其分布情况。颗粒分布通常指粒径分布，是指在一定的粒径区间内，各粒级颗粒所占的相对数量或体积百分比。粒径越大，孔隙率越高，堆积密度越小，粒径越小，孔隙率越低，堆积密度越大。",TREND,火工药剂,配料组成、粒度,,趋势关联,auto,SDF_SEC_2_3_3_5,2.3.3.5,配料组成-粒度,DOC_SDF_20260725,c1168666bbf58af3
SDF_LD_2_3_4_1,true,UNDIRECTED,documented,1.0,1.0.0,20260829_v1,"颗粒分布通过比表面积与火焰接触特性直接调控火焰感度。颗粒分布影响药剂与火焰的接触面积和局部受热集中度，细颗粒比表面积大，火焰作用时易形成更多炽热固体微粒，点火能力强，火焰感度较高；过细时可能因热容小、易熔化而降低稳定性。粒度分布宽时，混合不均导致感度散布大；分布窄且颗粒适中可在保证点火能力的同时提高感度一致性。
在文献[1]和[2]中，颗粒分布与火焰感度之间存在定性关系：
火焰雷管用SDF需细粒以增强火焰感度，细粒过多会降低流散性与使用安全性，需通过粒度控制平衡点火性能与感度一致性。",QUALITATIVE,火工药剂,颗粒分布、火焰感度,,定性关联,auto,SDF_SEC_2_3_4_1,2.3.4.1,颗粒分布-火焰感度,DOC_SDF_20260725,b4b1a98753c1bebf
SDF_LD_2_3_4_2,true,UNDIRECTED,documented,1.0,1.0.0,20260829_v1,"颗粒分布通过摩擦面积与电荷积累特性影响静电感度。粒度细、分布宽会增加颗粒间及颗粒与器壁的摩擦面积与几率，易产生并积累高电压静电，静电感度升高；粗颗粒或分布均匀、球形化颗粒可减少摩擦集中点，降低静电积累与放电概率。
在文献[3]中，颗粒分布与静电感度之间存在定性关系：
表 13 静电积累试验结果
细颗粒、分布宽的物料摩擦面积大，易积累高静电，感度高；粗颗粒或球形化、分布均匀的颗粒摩擦集中点少，可降低静电积累与放电概率。",QUALITATIVE,火工药剂,颗粒分布、静电感度,,定性关联,auto,SDF_SEC_2_3_4_2,2.3.4.2,颗粒分布-静电感度,DOC_SDF_20260725,9075a517aff60818
SDF_LD_2_3_4_3,true,UNDIRECTED,documented,1.0,1.0.0,20260829_v1,"颗粒分布通过应力分散与热点形成概率调控机械感度（撞击、摩擦感度）。细颗粒因比表面积大、受力时应力分散、颗粒团聚体破碎耗能多，单位面积承受的冲击或摩擦力减小，热点生成概率降低，机械感度往往下降；过细且分布宽可能增加颗粒间接触点，摩擦热点增多，摩擦感度反而升高。粗颗粒或存在大颗粒时，受冲击易破碎产生棱角锐利的新生表面，形成热点，机械感度升高。
在文献[1]中，颗粒分布与机械感度之间存在定性关系：
细颗粒应力分散、团聚体破碎耗能多，热点生成概率低，机械感度下降；过细且分布宽会增加摩擦接触点，摩擦感度反而升高；粗颗粒受冲击易产生尖锐新生表面，热点多，机械感度高。",QUALITATIVE,火工药剂,颗粒分布、机械感度,,定性关联,auto,SDF_SEC_2_3_4_3,2.3.4.3,颗粒分布-机械感度,DOC_SDF_20260725,0963b88d7c3b3460
SDF_LD_2_3_4_4,true,UNDIRECTED,documented,1.0,1.0.0,20260829_v1,"颗粒分布通过热传导均匀性与热点蓄热特性影响热感度。粒度细、分布均匀利于热量在颗粒间均匀传递，减少局部过热，可降低热感度（爆发点升高）；分布宽且有粗颗粒时，传热不均，粗颗粒内部易蓄热形成热点，热感度升高。超细颗粒因表面能高、易吸热分解，也能提高热感度。
在文献[1]中，颗粒分布与热感度之间存在定性关系：
细粒度炸药的爆发点受颗粒内部缺陷与传热条件影响显著，缺陷多的细颗粒易形成热点，热感度高于缺陷少的粗颗粒。",QUALITATIVE,火工药剂,颗粒分布、热感度,,定性关联,auto,SDF_SEC_2_3_4_4,2.3.4.4,颗粒分布-热感度,DOC_SDF_20260725,66acffb8f43596fa
SDF_LD_2_3_5_1,true,UNDIRECTED,documented,1.0,1.0.0,20260829_v1,"颗粒分布通过反应完全度与能量释放效率影响爆热。粒度细且分布均匀可增加比表面积，使爆炸反应更完全，气体产物生成更充分，爆热提高；过细可能使部分能量消耗于表面熔化或气化，反降爆热。分布宽的物料因反应同步性差，部分粗颗粒反应不完全，爆热下降。工业上常通过粒度级配（粗细搭配）提高装药密度与反应完全度，从而提升爆热。
在文献[1]和[2]中，颗粒分布与爆热之间存在定性关系：
三硝基间苯二酚铅的爆炸反应方程式：
正盐与碱式盐的理化性能是有差异的，表 14显示了正盐和碱式盐的性能对比。
表 14 SDF正盐与碱式盐的性能对比
细颗粒且分布均匀时，比表面积大，反应更完全，爆热提高；过细会因表面熔化或气化消耗能量，反降爆热；分布宽的物料因粗细颗粒反应不同步，爆热下降。工业上常用粒度级配（粗细搭配）提升爆热。",QUALITATIVE,炸药,颗粒分布、爆热,,定性关联,auto,SDF_SEC_2_3_5_1,2.3.5.1,颗粒分布-爆热,DOC_SDF_20260725,dc3b378649bce192
SDF_LD_2_3_5_2,true,UNDIRECTED,documented,1.0,1.0.0,20260829_v1,"颗粒分布通过装药密度与爆速影响爆压。细颗粒可提高装药密度与均匀性，减少孔隙，爆轰时冲击波传播更集中，爆速提升，从而爆压升高；分布均匀避免局部密度差异导致的爆速波动，爆压更稳定。粗颗粒或分布宽的物料易形成空隙，降低装药密度与爆速，爆压下降。
在文献[1]中，颗粒分布与爆压之间存在定性关系：
细颗粒可提高装药密度与均匀性，减少孔隙，爆速提升，爆压升高；分布均匀可避免爆速波动，爆压更稳定；粗颗粒或分布宽的物料易形成空隙，降低密度与爆速，爆压下降。",QUALITATIVE,炸药,颗粒分布、爆压,,定性关联,auto,SDF_SEC_2_3_5_2,2.3.5.2,颗粒分布-爆压,DOC_SDF_20260725,471f6fd93c52cd54
SDF_LD_2_3_5_3,true,UNDIRECTED,documented,1.0,1.0.0,20260829_v1,"爆温由爆热与产物热容决定。细颗粒且分布均匀时，反应完全、爆热高，若产物热容变化不大，爆温升高；细粒可能因产物中易激发的小分子（如NO2）比例增加，热容增大，爆温趋势复杂。分布宽的物料因反应不同步，部分粗颗粒未完全反应，爆热受限，爆温偏低。
在文献[1]中，颗粒分布与爆温之间存在定性关系：
均匀细粒装药能实现更高且稳定的爆温输出，细颗粒且分布均匀时，反应完全、爆热高，爆温升高；分布宽的物料因反应不同步，爆热受限，爆温偏低。均匀细粒装药能实现更高且稳定的爆温输出。
表 15 物料与其他主要维度的关联
注：☆表示二者间存在重要逻辑关系，目前尚未找到相关数据的参考文献，暂无数据支撑。",QUALITATIVE,炸药,颗粒分布、爆温,,定性关联,auto,SDF_SEC_2_3_5_3,2.3.5.3,颗粒分布-爆温,DOC_SDF_20260725,dd173f3601d25889
SDF_LD_3_1_1_1,true,UNDIRECTED,documented,1.0,1.0.0,20260829_v1,"在SDF的化工工艺中，腐蚀性是设备材质选择的决定性因素。为防止设备损坏、保障安全，必须选用耐腐蚀材料；针对强无机酸和高温环境，需采用高合金不锈钢或特种合金；为应对卤素和有机酸腐蚀，可选用非金属材料或特殊金属；同时必须严格避免材料与物料的不相容组合。其核心原则是通过精确的材质匹配，确保设备在腐蚀性环境下的长期稳定性和可靠性。
在文献[1]、[2]和[3]中，腐蚀性与设备材质之间存在定性关系：
（1）常见腐蚀介质
无机酸性腐蚀物质包含硫酸、盐酸、硝酸、氢氟酸、磷酸及氯化氢气体等腐蚀性强且普遍，破坏设备金属结构。其中氢氟酸等能腐蚀玻璃、含硅填料，微量氯离子易引起不锈钢孔蚀和应力腐蚀破裂。
有机酸性腐蚀物质冰醋酸（乙酸）甲酸等腐蚀性随浓度、温度变化大，腐蚀设备及容器；影响食品、油脂等行业的生产设备寿命。
无机碱性腐蚀物质氢氧化钠、氢氧化钾、硫化钠等应力腐蚀与脆断，可引起碳钢的“碱脆”（应力腐蚀破裂）。高温浓碱对纳性全属（铝、锌等）腐蚀严重，碱液浓缩易引发设备破裂。
盐类介质氯化钠、氯化钾等腐蚀性强。氯离子极易引发孔蚀、缝隙腐蚀，硝酸根离子可引起碳腐蚀，溶液导电性增加，加速电偶腐蚀。
腐蚀性气体二氧化硫、氯气、含硫气体等露点腐蚀与高温腐蚀。低于露点时冷凝液腐蚀极强（如含硫烟气冷凝生成亚硫酸/硫酸），高温含硫气体在金属表面生成低熔点硫化物膜，损害机械性能。
（2）腐蚀对生产的具体影响表现
1）引发局部腐蚀，导致设备突发性灾难事故
孔蚀与缝隙腐蚀，氯离子等活性离子破坏钝化膜，在死角或缝隙内形成闭塞电池，pH急剧下降，导致设备穿孔泄漏。
应力腐蚀破裂，拉应力与特定离子（如奥氏体不锈钢/Cl⁻体系、碳钢/NO3⁻体系、铜合金/NH3体系）共同作用，导致设备脆性断裂，可能引起可燃、有毒流体泄漏乃至爆炸。
晶间腐蚀，如不锈钢焊接热影响区晶界贫铬，导致设备在外观无明显变化时丧失强度和延性，在正常载荷下碎裂。
磨损腐蚀（冲击、空蚀），高流速流体或含固体颗粒的介质破坏保护膜，导致管道弯头、三通、泵叶轮等部位迅速减薄穿孔。
2）影响工艺操作条件，引发意外腐蚀
浓度波动与突变，若生产中介质浓度跨越腐蚀突变点（如碳钢在50%左右硫酸中腐蚀最严重，>60%反而下降；不锈钢在>95%浓硝酸中腐蚀加重），会造成意外加速腐蚀。
杂质富集与冷凝（冷点与露点），微量杂质（如醋酸中含0.002% Cl⁻可使腐蚀率激增1800倍；尿素设备漏入汞导致铜合金破裂）或设备保温不佳产生的“冷点”（导致腐蚀性气体冷凝，如HCl冷凝液回滴）都会造成局部严重腐蚀。
停车期间的腐蚀，设备停车时残存的物料（如不锈钢缝隙内残留的含Cl⁻稀液蒸发浓缩）或使用不当的清洗剂（如盐酸清洗不锈钢设备），会导致严重的局部腐蚀。
3）降低传热效率，缩短设备寿命
腐蚀产物膜和水垢沉积在换热器表面，不仅使金属管壁减薄，更严重的是大幅降低传热系数，甚至堵塞管径，导致生产无法正常运行。部分非金属材料（如加入石墨填料的氟塑料管）虽热导率低，但因耐蚀性好、不结垢，反而能长期保持传热效率。
4）导致环境污染与安全隐患
有毒/可燃物料泄漏，腐蚀穿孔使设备内的酸、碱、易燃易爆或有毒流体泄漏，污染环境，引发火灾或人员中毒。
氢损伤与高温腐蚀，在高温含氢环境中，钢发生脱碳和氢腐蚀，强度下降并可能产生甲烷引起破裂；高温含硫气体产生低熔点硫化物，使设备迅速结垢并脆化。
（3）生产中选材与设计的警示要点
避免电偶设计，不同金属接触（如碳钢与铜、不锈钢与石墨）会加速电位较低的金属（阳极）腐蚀。
消除缝隙，搭焊、点焊、法兰垫片等产生的缝隙是腐蚀隐患，应采用连续焊、双面对焊。
控制流速与避免死角，流速过大引起冲刷腐蚀，流速过小或存在死角则易产生浓差电池和沉积物下的孔蚀。
特定禁忌组合，含铅材料不能用于食品和医药；含铜金属不宜用于含氨/铵环境；Cl⁻环境慎用普通奥氏体不锈钢。
腐蚀性物质对生产的影响不仅是单纯的材料消耗（均匀腐蚀），更多的是通过局部腐蚀、应力腐蚀等形态导致设备失效和工艺中断。生产中必须结合介质的浓度、温度、流速、杂质成分及设备结构设计，严格参照手册的腐蚀数据和选材原则进行合理选材与防护。
腐蚀性介质类别属下列情况之一者，不宜采用钢结构。
①当腐蚀性介质类别属于液态介质时（包括硝酸、硫酸、醋酸等类别）。
②当腐蚀性介质类别属于气态介质但对钢材有可能出现中等腐蚀等级时。
③当腐蚀性介质类别属于固态介质但对钢材有可能出现中等腐蚀等级时。
对有均匀腐蚀的容器，不同材质的腐蚀裕量如表 16所示，其中腐蚀裕量应按下式计算：
式中：NF：设计使用年限，年；
dc：腐蚀速率，mm·a-1。
表 16 不同材质的腐蚀裕量
SDF具有一定的腐蚀性，主要源于其水解产物的化学活性及铅离子的氧化作用。在生产和储存过程中，设备材质的选择必须考虑耐化学腐蚀、抗静电和机械强度等因素。",QUALITATIVE,化工，石油化工，火炸药,腐蚀性、设备材质,,定性关联,auto,SDF_SEC_3_1_1_1,3.1.1.1,腐蚀性-设备材质,DOC_SDF_20260725,4352a35c297b7661
SDF_LD_3_1_1_2,true,UNDIRECTED,documented,1.0,1.0.0,20260829_v1,"低黏度流体（<50 Pa·s），流体黏滞力小，容易产生湍流。混合主要依靠湍流扩散和宏观对流循环。因此要求搅拌器能提供较高的剪切速率和循环流量，不必紧贴釜壁。
高黏度流体（>50 Pa·s），流体黏滞力极大，只能处于层流状态。混合极其困难，极易在釜壁和搅拌器远端形成“死区”。混合机理主要依靠叶片推动流体产生拉伸、折叠与剪切细分。因此，搅拌器必须尽可能覆盖更大的釜体空间，推动所有流体参与循环。
在文献[1]中，黏度与搅拌桨型式之间存在定性关系：
（1）不同黏度区间与搅拌桨形式的适配逻辑
1）低黏度互溶液体区（黏度<5 Pa·s）
适用桨型，推进式（旋桨式）、涡轮式（如六直叶圆盘涡轮）、平桨式等。这些搅拌器直径通常较小，转速较高，能在釜内造成强烈的湍流和较高的循环速率。
低黏度混合的首要要求是提供足够的循环量，避免死区，并具备一定剪切以强化湍流扩散，上述桨型正好满足。
挡板配合，此类设备通常需安装全挡板（宽度为D/12-D/10），以消除打漩，将水平环向流转化为轴向循环流，大幅提高混合效率。
2）中高黏度流体区（黏度5-50 Pa·s，甚至更高）
适用桨型，锚式、框式、MIG式等。随着黏度增加，若继续使用小桨径涡轮，只能在桨叶附近形成局部湍流，远处液体仍然静止（形成“沟流”）。
此时必须增大搅拌器的直径与釜径之比（d/D）。锚式和框式的d/D可达0.8-0.95，其逻辑在于利用近壁效应，使叶片与釜壁之间的间隙区成为强剪切区，防止高黏物料在釜壁挂壁或停滞。
挡板逻辑转变，当黏度≥20 Pa·s时，挡板宽度应收窄；当黏度超过50 Pa·s后，就没有必要设置挡板。因为在高黏度下，流体自身黏滞力已足够抑制打漩，加装挡板反而在挡板背后形成死角。
3）高黏及超高黏度流体区（黏度>50 Pa·s）
适用桨型，螺带式（单螺带、双螺带、四螺带）、螺杆-导流筒式、复动式等。高黏流体的混合速率主要取决于搅拌器与釜壁间的相对运动及釜内整体的循环能力。
螺带式，叶片覆盖高度大，旋转时能把釜内整个空间的流体上下翻转，强制所有物料参与轴向循环，消除死区，是高黏牛顿/非牛顿流体最常用的桨型。
螺杆-导流筒式，在导流筒内产生强烈的向下（或向上）流，环隙中反向流动，具有极高的轴向循环比。手册特别指出，它在层流和过渡流域都有极高的混合效率，非常适合随反应进行黏度逐渐增大的体系（如溶液聚合、本体聚合）。
（2）特殊流变性与搅拌桨的逻辑关联
流体的流变特性（不仅仅是表观黏度）对选型的决定性影响。假塑性流体（剪切变稀），小桨径搅拌器（如涡轮）高速旋转时，桨叶区剪切大、黏度低，流体易流动；远离桨叶区剪切低、黏度高，流体近乎停滞。必须使用大d/D比的搅拌器（如螺带、锚式），或保证转速大于某一临界值，迫使釜壁处的低剪切流体也产生运动。
黏弹性流体（法向应力效应），法向应力会引起沿搅拌轴的爬杆效应（Weissenberg效应）和孤立漩涡，导致混合时间显著延长（可达牛顿流体的4倍以上）。法向应力有加强轴向流的作用，因此螺杆-导流筒式或螺带式等具有强制轴向推进作用的搅拌器最为适用；而盘式涡轮等径向流桨型效果极差。
（3）定量评价指标对选型逻辑的验证
在层流区（高黏），螺带式、螺杆-导流筒式的值远低于锚式和框式，证明其混合效率高；而框式搅拌器在全部雷诺数范围内均是低效的，从节能观点看应予淘汰（仅在低成本、易制造时有优势）。
在过渡流域，螺带式效率下降，此时MIG-锚式、半椭圆板-导流筒式或三叶后掠叶与D型挡板组合表现出更高的混合效率，这为黏度随反应变化的工艺提供了选型逻辑，反应初期低黏阶段靠挡板与折叶产生湍流，后期高黏阶段靠锚或导流筒维持循环。
黏度与搅拌桨形式的逻辑关系可以概括为一条主线，黏度越高→流体自主湍流扩散能力越弱→搅拌器必须提供越强的强制容积循环→要求搅拌器的d/D比越大、叶片覆盖面越广、转速越低，同时设备内挡板的作用逐渐减弱直至取消。",QUALITATIVE,化工，多相物料,黏度、搅拌桨型式,,定性关联,auto,SDF_SEC_3_1_1_2,3.1.1.2,黏度-搅拌桨型式,DOC_SDF_20260725,8939b039b0c2905a
SDF_LD_3_1_2_1,true,UNDIRECTED,documented,1.0,1.0.0,20260829_v1,"生成焓决定了过程需要交换的热量大小，换热面积决定了设备传递热量的能力。从热力学和传热学基本原理看，生成焓（决定内热源强度）和换热面积（决定外散热能力）对系统热行为有明确、相反的定性影响。高负值的生成焓（强放热）是热失控的驱动因素，而大的换热面积是抑制热失控的稳定因素。
在文献[1]中，生成焓与换热面积的逻辑关系论述如下：
生成焓（ΔHf）是指在标准状态下，由稳定相态的单质生成1 mol化合物时的焓变，其正负和绝对值大小直接反映反应的热效应类型与强度。
换热面积是换热器（如列管式、板式、套管式换热器）中参与热量交换的有效表面积，其大小直接决定“热量传递的效率”，在相同换热条件下，换热面积越大，单位时间内传递的热量越高，其中换热面积的计算公式为：
式中：：传热速率，W；
：总传热系数，W·m-²·K-1；
：平均传热温差，；
：传热面积，m²。
其中热产生率公式为：
式中：：系统的热产生速率，W·m-2；
A：频率因子；
Q：吸收或放出的热量，KJ；
e-E/RT：指数因子；
E：反应的活化能，KJ·mol-1；
R：气体常数；
V：体积，m3；
c：浓度，mol·L-1；
n：反应级数。
其中Newton冷却公式为：
式中：：系统向外界环境的散热速率，W；
χ：传热系数；
S：和反应器或周围环境相接的反应物表面积，m2；
T：反应温度，K；
Ta：环境温度，K。
生成焓高的炸药或燃料在燃烧/爆炸时释放的总热量更大，若要在限定温度范围内移除这些热量，就需要更大的换热面积来保证热流密度不致过高；反之，生成焓低的物质放热少，同等热移除要求下换热面积可减小。在含能材料应用中，生成焓与反应路径、产物温度密切相关，产物高温区往往集中在有限界面，为有效控制热点温度，需通过增加局部换热面积来加强散热。生成焓对换热面积的影响是间接的、通过热负荷需求体现的。",FUNCTION,化工,生成焓、换热面积,,函数关联,auto,SDF_SEC_3_1_2_1,3.1.2.1,生成焓-换热面积,DOC_SDF_20260725,237f09965ceaed41
SDF_LD_3_1_2_2,true,UNDIRECTED,documented,1.0,1.0.0,20260829_v1,"SDF的比热容决定了传热过程需要交换的热量大小，换热面积决定了设备传递热量的能力。从热力学第一定律和传热学基本原理看，比热和换热面积对系统热行为有明确、相反的定性影响。比热大意味着系统“热惯性”大，吸收或释放相同热量时温度变化慢；换热面积大意味着系统“散热能力强”，能更快地将内部热量传递到外界。系统的温度历程（如升温速率、最高温度、是否点火/爆炸）取决于内部产热、热容储能与外部散热之间的动态平衡，比热和换热面积是决定后两者的关键参数。
在文献[1]中，比热与换热面积的逻辑关系论述如下：
比热（又称比热容）是物质的核心热物理性质之一，描述了单位质量物质升高或降低单位温度时吸收或释放的热量，直接决定了物质的吸热/放热能力。
式中：C：比热容，J·kg-1·K-1；
Q：吸收或放出的热量，J；
m：物质的质量，kg；
Δt：温度变化量，K。
其中热产生率公式为：
式中：：系统的热产生速率，W·m-2；
A：频率因子；
e-E/RT：指数因子；
E：反应的活化能，KJ·mol-1；
R：气体常数；
V：体积，m3；
c：浓度，mol·L-1；
n：反应级数。
其中Newton冷却公式为：
式中：：系统向外界环境的散热速率，W；
χ：传热系数；
S：和反应器或周围环境相接的反应物表面积，m2；
T：反应温度，K；
Ta：环境温度，K。
在火工品或含能材料的冷却系统中，高比热（热容）的冷却剂能带走更多热量而温升有限，换热面积需求相对降低；而低比热的冷却剂温升剧烈，需扩大换热面防止热点。",FUNCTION,化工,比热、换热面积,,函数关联,auto,SDF_SEC_3_1_2_2,3.1.2.2,比热-换热面积,DOC_SDF_20260725,19889c4a3efa7afd
SDF_LD_3_1_2_3,true,UNDIRECTED,documented,1.0,1.0.0,20260829_v1,"在总热流量一定时，增大传热面积或增大导热系数都能降低热阻，强化传热。导热系数（λ）是表征物质导热能力的物性参数，决定了在给定温度梯度下热流的速率；换热面积（A）是系统与外界进行热交换的几何因素，直接影响散热或吸热的总量。两者通过能量守恒方程（如Fourier定律、边界条件）耦合，共同影响系统的温度分布和热历程。
在文献[1]中，导热系数与换热面积的逻辑关系论述如下：
导热系数是表征材料导热能力的物理性质，它通过决定导热热阻的大小，直接影响了总传热系数，进而成为决定换热面积的关键设计参数之一。它描述了单位时间内、单位温度梯度下，通过单位面积材料的热量多少。
式中：Q：总热流量，W；
A：传热面积，m²；
λ：导热系数，W·m-1·K-1；
：温度梯度，K·m-1。
从Fourier定律和Newton冷却定律的基本原理看，导热系数和换热面积对系统热行为有明确、相互关联的定性影响。导热系数大意味着材料内部热量传递快，温度容易均匀；换热面积大意味着系统与外界换热能力强，散热或吸热总量大。系统的温度场和热历程取决于内部导热、热源产热与外部散热之间的动态平衡，而导热系数和换热面积是决定前两者和后者的关键参数。
其中Fourier定律为：
式中：q：热流密度，W·m-2；
：导热系数；
：温度梯度。
当温度为空间的确定的函数时，这个函数对空间坐标的偏导数也是确定的。通过P点在t时间内流过面积A的热量Q可写为：
式中：dA：微元传热面积，m2；
导热系数高意味着热量更容易从高温区传到换热界面，可在较小换热面积下实现同等热移除；导热系数低则内部热阻大，热量积聚严重，为达到相同的外部散热效果，必须增大换热面积或采用高导热中间层来补偿。",FUNCTION,化工,导热系数、换热面积,,函数关联,auto,SDF_SEC_3_1_2_3,3.1.2.3,导热系数-换热面积,DOC_SDF_20260725,0e3a629e0e773359
SDF_LD_3_1_3_1,true,UNDIRECTED,unresolved,1.0,1.0.0,20260829_v1,暂未查询到生成焓对包装材料的逻辑关系。,UNKNOWN,,,,,needs_review,SDF_SEC_3_1_3_1,3.1.3.1,生成焓-包装材料,DOC_SDF_20260725,2bfda46de15a3bd7
SDF_LD_3_1_3_2,true,UNDIRECTED,unresolved,1.0,1.0.0,20260829_v1,暂未查询到比热对包装材料的逻辑关系。,UNKNOWN,,,,,needs_review,SDF_SEC_3_1_3_2,3.1.3.2,比热-包装材料,DOC_SDF_20260725,92e00ed88ffc5a43
SDF_LD_3_1_3_3,true,UNDIRECTED,unresolved,1.0,1.0.0,20260829_v1,暂未查询到导热系数对包装材料的逻辑关系。,UNKNOWN,,,,,needs_review,SDF_SEC_3_1_3_3,3.1.3.3,导热系数-包装材料,DOC_SDF_20260725,c6ff4e981b7b637b
SDF_LD_3_1_3_4,true,UNDIRECTED,documented,1.0,1.0.0,20260829_v1,"SDF的吸湿性虽然微弱，但其对水分的敏感性极高，因此包装材料的防潮性能是决定其寿命和可靠性的关键因素，采用密封性极佳的金属容器或高性能防潮高分子材料进行包装，并确保包装工艺的完整性。任何透湿、非密封的包装都可能导致药剂在储存期间逐渐分解、失效，并引发严重的可靠性问题和安全风险。
在文献[1]和[2]中，吸湿性与包装材料之间存在定性关系如表 17所示：
表 17 湿度对火工品和火工药剂的影响效应
包装材料的防潮密封性能是决定吸湿性强的火工药剂能否长期保持性能稳定、安全可靠的关键。选择不当的包装材料会导致药剂吸湿变质，引发严重的安全性和可靠性问题。",QUALITATIVE,烟火药，火工药剂,吸湿性、包装材料,,定性关联,auto,SDF_SEC_3_1_3_4,3.1.3.4,吸湿性-包装材料,DOC_SDF_20260725,2ca542e8fafda154
SDF_LD_3_1_4_1,true,UNDIRECTED,documented,1.0,1.0.0,20260829_v1,"火焰感度反映含能材料在火焰作用下发生燃烧或爆炸的难易程度，这一特性直接决定了包装材料需具备的阻燃与阻隔火焰能力。对于火焰感度高的药剂，包装材料必须能有效阻挡外部火焰能量传递到内容物，同时延缓或抑制药剂被引燃。
在文献[1]和[2]中，火焰感度与包装材料之间存在定性关系：
SDF通常采用阻燃高分子材料或金属箔/陶瓷层复合结构，以延长火焰穿透时间、降低热传导效率；若包装材料的阻燃性能不足，可能在外部火源接触时发生连锁引燃，扩大事故风险。",QUALITATIVE,火工药剂,火焰感度、包装材料,,定性关联,auto,SDF_SEC_3_1_4_1,3.1.4.1,火焰感度-包装材料,DOC_SDF_20260725,1c35f63e3bd48816
SDF_LD_3_1_4_2,true,UNDIRECTED,documented,1.0,1.0.0,20260829_v1,"静电感度体现含能材料在静电放电火花作用下发生爆炸的难易程度，高静电感度药剂对包装材料的导电性与抗静电性能提出严苛要求。若包装材料绝缘性过强，药剂与包装摩擦或接触分离产生的静电荷无法及时导走，易积累至放电阈值引发爆炸。
在文献[1]中，静电感度与包装材料之间存在定性关系：
图 11 静电积累测量仪器示意图
静电积累测量仪器如图 11所示，SDF需选用导电或抗静电材料或内置导电衬层，控制表面电阻率，加速静电荷泄漏；同时，包装材料表面应平整光滑，减少与药剂间的摩擦起电，高静电感度必须匹配高导电/抗静电材料。",QUALITATIVE,SDF,静电感度、包装材料,,定性关联,auto,SDF_SEC_3_1_4_2,3.1.4.2,静电感度-包装材料,DOC_SDF_20260725,712e4595bfb2f885
SDF_LD_3_1_4_3,true,UNDIRECTED,documented,1.0,1.0.0,20260829_v1,"机械感度（撞击、摩擦感度）决定含能材料在机械作用下发生意外的可能性，进而影响包装材料的缓冲、减震与表面耐磨性能。对于高机械感度药剂，包装需能有效吸收运输或搬运中的冲击能量，避免因撞击导致药剂颗粒破碎产生热点；同时，包装材料表面应耐磨、低摩擦系数，减少与药剂间的摩擦生热与静电。
在文献[1]中，机械感度与包装材料之间存在定性关系：
包装材料通过其物理保护性、环境隔绝性以及与药剂的相容性，直接影响SDF在储存、运输过程中的实际感度表现和安全状态。不当的包装材料会显著增加火工品的意外发火风险。感度越高，包装材料对防震、防摩擦的要求就越高；感度低的物料则可采用一般包装。
常采用弹性缓冲材料（如泡沫塑料、橡胶内衬）结合光滑耐磨外层（如涂覆聚四氟乙烯的铝箔），既降低冲击加速度，又减少摩擦概率。高机械感度对应高缓冲与低摩擦材料需求，具体缓冲层厚度与摩擦系数需通过落锤冲击与摩擦试验半定量优化，确保机械刺激下药剂不产生危险热点。",QUALITATIVE,火工药剂,机械感度、包装材料,,定性关联,auto,SDF_SEC_3_1_4_3,3.1.4.3,机械感度-包装材料,DOC_SDF_20260725,b5db2a41e6f31b0d
SDF_LD_3_1_4_4,true,UNDIRECTED,documented,1.0,1.0.0,20260829_v1,"热感度反映含能材料在热作用下发生分解或爆炸的难易程度，这要求包装材料具备隔热与耐高温性能。对于低热感度药剂，包装需能阻隔外部环境高温向内部传递，延缓药剂热分解；对于高热感度药剂，则需更严格的隔热设计。常用隔热材料或耐高温基体作为包装层，降低热传导速率，使药剂在短时高温下仍能保持化学安定。
在文献[1]中，晶形与火焰感度之间存在定性关系：
热感度对包装材料的影响是基于热传导理论，高热感度对应高隔热/耐高温材料需求，具体隔热层厚度与热导率需通过热仿真与加速老化试验半定量确定，确保包装在极端温度下内部温升不超过药剂安全阈值。",QUALITATIVE,火工药剂,热感度、包装材料,,定性关联,auto,SDF_SEC_3_1_4_4,3.1.4.4,热感度-包装材料,DOC_SDF_20260725,4660ca4391341960
SDF_LD_3_1_4_5,true,UNDIRECTED,documented,1.0,1.0.0,20260829_v1,"SDF的感度高，包装材料对防震、防摩擦、防静电的要求高。包装材料的材质（尤其是其得失电子的能力、导电性/绝缘性）和表面状态，通过与火工药剂（如SDF）摩擦接触，决定了静电积累的极性和数量级。这种影响在本质上是由接触电位差和材料电阻率等基本性质决定的定性规律。
在文献[1]中，静电积累与包装材料之间存在定性关系：
静电积累是指物体在摩擦、接触分离、感应等物理过程中，因电荷转移或电荷分离导致正负电荷无法及时中和，从而在物体表面或内部形成电荷富集的现象。普通塑料包装材料容易积累静电。防静电包装材料通过提高电导率或耗散性能，避免静电危害。不同材料与起爆药摩擦产生的静电电压差异巨大。
包装材料的导电性是决定SDF在包装、搬运、拆包过程中静电积累风险的关键因素。必须使用防静电或导电包装材料来泄放静电荷，严禁使用易产生和积累静电的绝缘材料。",QUALITATIVE,火工药剂,静电积累、包装材料,,定性关联,auto,SDF_SEC_3_1_4_5,3.1.4.5,静电积累-包装材料,DOC_SDF_20260725,f0ae95b793547ba6
SDF_LD_3_2_0_1,true,UNDIRECTED,documented,1.0,1.0.0,20260829_v1,"釜体越高（长径比越大），单位容积对应的夹套传热面积越小；反之，釜体越矮（长径比越小），单位容积的夹套传热面积越大。
2004.
[2]蔡纪宁. 化工设备机械基础课程设计指导书[M]. 北京: 化学工业出版
社, 2000.
在文献[1]和[2]中，反应釜高度与反应釜内径之间存在定性关系如表 18所示：
表 18 不同类型反应釜的长径比
1）液-固/液-液相体系，长径比通常取较小值（1-1.3），釜型偏矮胖，有利于形成均匀的轴向循环流。
气-液相体系，长径比取较大值（1-2），釜型偏高瘦，因为较高的液位可以增加气液接触时间，有利于气体的分散和吸收。
发酵罐，长径比最大（1.7-2.5），由于发酵过程需要大量无菌空气，较高的液层深度能延长气泡在液相中的停留时间，提高氧传质效率。
2）传热需求
当工艺过程放热量较大，需要较大的传热面积时，应适当减小长径比，采用矮胖型釜体。若夹套传热面积不足，还需在釜体内部增设盘管等传热元件。
3）搅拌器层数与流型
单层搅拌器，如果长径比过大（液面过高），单层搅拌器难以使全釜形成有效的轴向循环，液面容易出现分层或死区。
多层搅拌器，当必须采用大长径比时（如气液反应或发酵罐），通常需要安装多层搅拌器，以保证沿高度方向均有强烈的混合作用。
4）容积与制造限制
对于小容积反应釜，为使筒体内径不至于太小（以便在顶盖上布置接管、人孔和传动装置），通常长径比取较小值。在极端情况下，装液高径比最大时可达6。
反应釜高度与内径的比例关系（长径比）本质上是由工艺过程的传质、传热与混合需求决定的。液-固体系取1-1.3，气-液体系取1-2，发酵罐取1.7-2.5。在满足工艺核心需求的前提下，还需综合权衡搅拌器配置、传热面积布置以及设备制造与支承的合理性。",QUALITATIVE,化工,反应釜高度、反应釜内径,,定性关联,auto,SDF_SEC_3_2_0_1,3.2.0.1,反应釜高度-反应釜内径,DOC_SDF_20260725,4cc26370e104d3b3
SDF_LD_3_2_0_2,true,UNDIRECTED,documented,1.0,1.0.0,20260829_v1,"夹套与筒体的连接常焊接成封闭结构。手册明确指出，夹套与筒体的焊接点与法兰距离一般不小于150~200 mm（若有保温层取大值）。这直接决定了夹套直径必须足够大，以留出足够的径向距离（即D2与D1差值的一半）来满足装拆螺栓和焊接操作的空间要求。
在文献[1]中，筒体直径与夹套直径的实验/计算数据如下：
1）夹套直径随筒体直径的增大而阶梯式增大
夹套直径D2并非连续变化，而是根据筒体内径D1的范围按固定差值确定（见表 19）。
表 19 筒体内径与夹套内径的关系
小直径釜（500~600 mm），设备较小，夹套制造容易，50 mm的间隙足以满足焊接和安装需求。
中等直径釜（700~1800 mm），这是最常用的规格，100 mm的间隙是为了方便夹套的焊接施工、保温层安装以及保证夹套内流体的流动空间。
大直径釜（2000~3000 mm），随着筒体直径增大，筒体在压力作用下的径向变形量可能更大，且大设备需要更厚的保温层或更复杂的焊接操作空间，因此需要200 mm的更大间隙。
2）结构设计与安装的影响
当筒体内径D1≤1200 mm时，顶盖与筒体宜采用可拆连接。夹套必须在此法兰连接点之外，因此夹套直径的设计必须考虑法兰螺栓的拆卸空间，防止夹套阻碍封头的拆卸。
筒体直径-夹套直径的影响关系是随筒体直径增大，夹套直径按阶梯规律增大（50 mm→100 mm→200 mm），目的既是预留焊接与保温空间，也是为了平衡夹套环隙的流体力学性能与制造成本。设计时必须严格遵守表 19的对应关系，以确保设备的可制造性和运行安全性。",TREND,化工,筒体直径、夹套直径,,趋势关联,auto,SDF_SEC_3_2_0_2,3.2.0.2,筒体直径-夹套直径,DOC_SDF_20260725,bcfd7ae283b1d795
SDF_LD_3_2_0_3,true,UNDIRECTED,documented,1.0,1.0.0,20260829_v1,"筒体直径决定盘管的布置空间，限制盘管内径范围。筒体直径决定了可布置盘管的最大外接圆尺寸，而盘管内径需与盘管外径、管间隙共同满足筒体空间约束。
在文献[1]和[2]中，筒体直径与盘管内径/管间隙/长度的实验/计算数据如下：
筒体直径决定了可布置盘管的最大外接圆尺寸，盘管内径需与盘管外径、其中管间隙共同满足筒体空间约束（见表 20），约束公式为：
D1≥n×(do+Δ)+2×炉壁/设备壁厚
式中：D1：筒体直径，m；
do：盘管外径，m；
n：盘管圈数；
Δ：管间隙，m。
当筒体直径较小时（如D1≤600 mm），可布置的盘管数量少、管间间隙有限，盘管内径通常选择较小值（如di=25-57 mm），避免多根盘管拥挤导致热干扰或安装困难。
当筒体直径较大时（如D1≥700 mm），可布置更多盘管或采用更大管径的盘管，此时盘管内径可选择范围更宽（如di=57-127 mm），甚至可采用分支变径设计（入口小管、出口大管）优化传热。
表 20 筒体直径与盘管内径的关系
盘管长度上限由筒体高度（筒体直径与长径比共同决定）约束（见表 21）。筒体高度H1由筒体直径D1和长径比i=H1/D1共同决定。盘管（如螺旋盘管、U型排管）的单根长度或总长度直接受H1限制，筒体高度越高，可布置的盘管层数越多，总长度越长。
表 21 筒体直径与盘管长度的关系
换热尺寸-特征尺寸",TREND,化工，有机化工,筒体直径、盘管内径/管间隙/长度,,趋势关联,auto,SDF_SEC_3_2_0_3,3.2.0.3,筒体直径-盘管内径/管间隙/长度,DOC_SDF_20260725,3161103d024b2518
SDF_LD_3_2_0_4,true,UNDIRECTED,documented,1.0,1.0.0,20260829_v1,"夹套高度是决定夹套换热面积的核心几何参数，换热面积随夹套高度增大而线性增加，二者需协同设计以满足工艺传热需求，同时受筒体结构、装料系数等约束。换热面积是夹套高度的设计目标，夹套高度是实现换热面积的核心手段，二者通过筒体内径、装料系数、封头参数协同匹配，最终满足工艺传热要求。
在文献[1]中，换热面积与夹套高度的逻辑关系论述如下：
夹套所包围的罐体传热面积由筒体表面积和封头表面积两部分组成，其中公式为：
F总=F筒+F封=H2×F1m+F封
式中：F总：夹套覆盖区域的总传热面积，m2；
F筒：筒体表面积，m2；
H2：夹套高度，m；
F1m：1米高筒体的内表面积，m2；
F封：罐体封头的表面积，m2。
在筒体内径固定的情况下，夹套高度H2与筒体传热面积F筒呈线性正相关，夹套高度每增加1 m，筒体传热面积增加F1m，总传热面积随H2增大而同步增大，必须满足工艺要求的传热面积F总，即F封+F筒≥F总。",FUNCTION,化工,换热面积、夹套高度,,函数关联,auto,SDF_SEC_3_2_0_4,3.2.0.4,换热面积-夹套高度,DOC_SDF_20260725,5b6e02c533fcfc78
SDF_LD_3_2_1_1,true,UNDIRECTED,documented,1.0,1.0.0,20260829_v1,"换热形式直接决定了单位容积的传热能力、传热系数及有效传热温差，进而决定相同设备容积下可实现的换热面积大小，二者是“换热实现方式→传热效率→换热面积需求”的适配关系。
在文献[1]和[2]中，换热面积与换热形式的逻辑关系论述如表 22所示：
夹套式换热，仅在反应釜筒体外侧设置夹套，传热面仅为筒体被夹套覆盖的表面积+对应封头表面积，是最基础的换热形式。
夹套+内置盘管换热，在夹套基础上，在釜内增设螺旋盘管/直管，盘管作为辅助换热面，热载体在管内流动，与釜内物料换热。
全内置盘管/蛇管换热，无夹套，完全依靠釜内盘管/沉浸式蛇管提供换热面，常用于腐蚀性介质（夹套易被腐蚀）或高压反应釜（避免夹套承压设计成本高）。
外盘管（半管夹套/蜂窝夹套）换热，将夹套改为在筒体外侧焊接半圆管/蜂窝式结构，载热体在半圆管内流动，是夹套式的改进形式。
板式/螺旋板等高效换热形式（管程/壳程换热），物料在板片/螺旋板间流动，传热面为板片/螺旋板，不属于反应釜内置换热，常用于独立的物料预热/冷却。
表 22 换热形式与换热面积的关系",TREND,化工,换热面积、换热形式,,趋势关联,auto,SDF_SEC_3_2_1_1,3.2.1.1,换热面积-换热形式,DOC_SDF_20260725,410a71646e151813
SDF_LD_3_2_2_1,true,UNDIRECTED,documented,1.0,1.0.0,20260829_v1,"设备设计压力是安全阀起跳压力的确定基准，安全阀起跳压力需严格受限于设备设计压力，二者需满足“起跳压力≤设计压力”的核心约束，同时根据设备工况不同，起跳压力的取值存在明确的量化规则。
在文献[1]中，设备设计压力与安全阀起跳压力之间存在逻辑关系如表 23所示：
表 23 安全阀起跳压力与设备设计压力的关系
设备设计压力是安全阀起跳压力的上限基准，起跳压力需根据设备工况、系统位置、是否多阀/火灾工况在≤设计压力到≤1.1倍设计压力的范围内取值，同时设计压力需根据起跳压力反向校核，保证不低于起跳压力及附加压力损失之和。",NON_STRUCTURAL,化工,设备设计压力、安全阀起跳压力,,非结构关联,auto,SDF_SEC_3_2_2_1,3.2.2.1,设备设计压力-安全阀起跳压力,DOC_SDF_20260725,7aef82e3858252d4
SDF_LD_3_3_1_1,true,UNDIRECTED,documented,1.0,1.0.0,20260829_v1,"过滤器型式直接决定了过滤推动力、过滤面积的可扩展方式、滤饼与介质的阻力特性，进而决定单位时间内的滤液产出量（处理量），是“设备结构形式→过滤工艺参数→处理量”的适配关系。
在文献[1]中，处理量与过滤器型式之间存在逻辑关系如表 24所示：
表 24 不同型式过滤器的处理能力
不同过滤器型式通过其结构特征、推动力类型和面积扩展方式，直接决定单位时间内的处理量水平。间歇式板框压滤机可通过增加框数扩大过滤面积提升处理量，但受辅助时间占比限制；同面积的叶滤机因置换洗涤法使洗涤时间仅为板框的1/4，处理量比板框高20%~30%；连续式回转真空过滤机无辅助时间，处理量与（过滤面积×转速×浸没度）的平方根呈正相关，适合大规模连续生产，但真空推动力有限，同面积处理量低于高压压滤机；离心过滤机依靠离心力作为推动力，同面积下处理量可达真空过滤机的5~10倍，但单台面积上限较低，适合小处理量高附加值物料分离；而管道过滤器仅作为预处理设备，处理量受公称直径和滤网目数限制，远低于专用过滤机。
操作条件-特征尺寸",NON_STRUCTURAL,化工,处理量、过滤器型式,,非结构关联,auto,SDF_SEC_3_3_1_1,3.3.1.1,处理量-过滤器型式,DOC_SDF_20260725,e35d7e2f6dafa237
SDF_LD_3_3_1_2,true,UNDIRECTED,documented,1.0,1.0.0,20260829_v1,"螺旋盘管直径是影响管内流速、雷诺数、流动阻力与传热效率的核心参数，通过盘管通流截面积与对流传热系数两个路径共同决定单位时间内的处理量，是“盘管几何参数→流体力学与传热性能→处理量”的适配关系。
在文献[1]和[2]中，处理量与螺旋盘管直径的逻辑关系论述如下：
其中体积流量计算公式为：
式中：qV：体积流量，m3·s-1；
：螺旋盘管内径，m；
：盘管总根数；
：管内流体流速，m3·s-1；。
螺旋盘管直径是决定管内通流截面积、雷诺数与传热效率的核心几何参数，在盘管根数、流速固定时，与盘管内径的平方成正比，内径增大1倍处理量可提升3倍，若维持固定处理量则增大管径可降低流速、减少阻力损失；同时盘管内径增大可提升雷诺数，更易进入湍流区，对流传热系数显著升高，单位面积换热能力增强，可支撑更高的热负荷处理量上限，避免层流下传热效率不足限制处理规模；此外螺旋盘管需适配反应器筒体尺寸，筒体直径越大可选择的盘管内径上限越高，最大处理量越高，整体呈现“小管径适配小处理量、大管径支撑大处理量”的适配规律。
操作条件-换热尺寸",FUNCTION,化工，烟火药,处理量、螺旋盘管直径,,函数关联,auto,SDF_SEC_3_3_1_2,3.3.1.2,处理量-螺旋盘管直径,DOC_SDF_20260725,a216b1b060ace4cf
SDF_LD_3_3_1_3,true,UNDIRECTED,documented,1.0,1.0.0,20260829_v1,"撤热介质的类型、流量与换热面积存在双向适配关系。换热面积需求决定了撤热介质的选型与用量规模；反之，撤热介质的物性（如比热容）也会反向约束所需换热面积的大小，二者需协同设计以满足工艺热负荷要求。
在文献[1]中，撤热介质及用量与换热面积之间存在逻辑关系：
其中撤热介质及用量与换热面积可以通过以下公式关联：
式中：A：传热面积，m2；
Q：总热量，J；
：温度变化量，K；
：导热系数，W·m-2·K-1；
：撤热介质用量，kg；
：撤热介质比热容，J·kg-1·K-1；
：介质进出口温差，K。
当撤热介质用量不足时，需通过增大换热面积A（提高夹套高度H2、增加盘管根数/长度）来补偿传热能力的不足；反之，若qm充足，可适当减小换热面积，降低设备制造成本。
图 12 淤浆法聚乙烯CX工艺聚合釜五种撤热方式
①为气体进料升温撤热；②为溶剂进料升温撤热；③为夹套冷却撤热；
④为釜顶冷凝器冷却撤热；⑤为浆液外循环冷却撤热
撤热介质用量越大、单位用量换热能力越低，所需换热面积越大；换热面积的结构上限又反向限制介质的最大可用用量，二者需通过热负荷联立协同设计。
操作条件-设计条件",NON_STRUCTURAL,化工,撤热介质及用量、换热面积,,非结构关联,auto,SDF_SEC_3_3_1_3,3.3.1.3,撤热介质及用量-换热面积,DOC_SDF_20260725,a5c751ac14b5d265
SDF_LD_3_3_1_4,true,UNDIRECTED,unresolved,1.0,1.0.0,20260829_v1,"暂未查询到撤热介质及用量对换热形式的逻辑关系。
表 25 设备与其他主要维度的关联
注：☆表示二者间存在重要逻辑关系，目前尚未找到相关数据的参考文献，暂无数据支撑。",UNKNOWN,,,,,needs_review,SDF_SEC_3_3_1_4,3.3.1.4,撤热介质及用量-换热形式,DOC_SDF_20260725,3c9d4458008aa62a
SDF_LD_4_1_1_1,true,UNDIRECTED,documented,1.0,1.0.0,20260829_v1,"热容随温度升高而单调递增，温度升高激发了分子更多的运动模式。热容与温度之间存在基于物理原理的定量理论关系，该关系的具体函数形式（尤其是其中的参数）需要通过实验或高精度计算以半定量的方式确定，并用于实际的定量热力学计算中。
在文献[1]和[2]中，热容与温度的逻辑关系论述如下：
单位质量的物体，其热熔越大，升高1 K温度所需的热量越高。化学反应热容，是指在没有化学反应和相变的条件下物质温度升高1 K所吸的热。物质的量为1 mol时，称为摩尔热容。
其中Fourier导热微分方程为：
式中：：温度的二阶空间导数，K·m-2；
：体发热强度，W·m-3；
：密度，g/cm3；
：比热，J·kg-1·K-1；
：导热系数。
热容与升温时的条件有关。升温时保持体系体积不变的摩尔热容，称为恒容摩尔热容Cv（J·K-1·mol-1）；保持压力不变的摩尔热容，称为恒压摩尔热容Cp（J·K-1·mo1-1）。恒压摩尔热容，一般简称为恒压热容或热容。因为吸收的热量分别等于内能或焓的变化，故：
其中热容-温度关系通常符合多项式经验公式为：
式中：a：热容温度系数，J∙K-1∙mol-1；
b：热容温度系数，J∙K-2∙mol-1；
c：热容温度系数，J∙K∙mol-1；
d：热容温度系数，J∙K-3∙mol-1。
热容是物质升高单位温度所需吸收的热量，它直接决定了反应体系在单位放热量下温度升高的幅度。在火工药剂或含能材料的反应中，若反应物或产物的热容较大，则反应释放的热量会被更多地用于升温，温度变化相对缓慢，这有助于在工艺中避免局部过热；反之，热容小则相同热量输入会导致温度迅速上升，易引发副反应或安全风险。",FUNCTION,化工，烟火药,热容、温度,,函数关联,auto,SDF_SEC_4_1_1_1,4.1.1.1,热容-温度,DOC_SDF_20260725,5d225491aa21316e
SDF_LD_4_1_1_2,true,UNDIRECTED,documented,1.0,1.0.0,20260829_v1,"SDF的晶体密度会随温度升高，分子热运动加剧，需要更大的空间，导致体积膨胀，由于质量不变，因此密度下降。
在文献[1]中，密度与温度的逻辑关系论述如下：
其中Fourier导热微分方程为：
式中：：温度的二阶空间导数，K·m-2；
：体发热强度，W·m-3；
：密度，g·cm-3；
：比热，J·kg-1·K-1；
：导热系数。
密度与温度之间存在普遍的负相关关系，即绝大多数物质遵循“热胀冷缩”的规律，温度升高导致密度下降。这一现象的本质是温度升高加剧了分子或原子的热运动，使其平均间距增大，体积膨胀，从而在质量不变的情况下密度降低。固体密度随温度升高而轻微减小，其变化可通过线膨胀系数或晶胞参数的热膨胀来量化。",FUNCTION,炸药，推进剂,密度、温度,,函数关联,auto,SDF_SEC_4_1_1_2,4.1.1.2,密度-温度,DOC_SDF_20260725,51a624d6a9af78a6
SDF_LD_4_1_1_3,true,UNDIRECTED,documented,1.0,1.0.0,20260829_v1,"SDF粘度和温度的关系主要体现在悬浮液体系中的流动性变化。由于其本身不形成液态相，常以水或有机溶剂悬浮液形式存在，其粘度特性主要受溶剂粘度、颗粒分散性及温度影响。
在文献[1]中，粘度与温度的逻辑关系论述如下：
其中含能材料黏性系数与温度的关系为：
式中：：黏性系数；
：初始黏性系数；
：黏度活化能，J·mol-1；
k：玻尔兹曼常数；
T：反应温度，K。
粘度是衡量流体抵抗流动变形能力的物理量，分子间作用力越强，内摩擦力越大，流体流动越困难，粘度越高。液体温度升高，粘度降低。气体温度升高，粘度增大。",FUNCTION,高聚物黏结炸药,粘度、温度,,函数关联,auto,SDF_SEC_4_1_1_3,4.1.1.3,粘度-温度,DOC_SDF_20260725,fcb5ddf2c83a9e76
SDF_LD_4_1_1_4,true,UNDIRECTED,documented,1.0,1.0.0,20260829_v1,"SDF在水中的溶解度很小，温度升高，溶解度增大，温度下降，溶解度降低。在17 ℃时，100 mL水中仅溶解0.07 g。微溶于酒精、乙醚等有机溶剂，在醋酸铵溶液中溶解较好，SDF可以在80 ℃的加热条件下溶于丙三醇中，加水即有沉淀析出，过滤后在滤液中加入丙酮，SDF开始析出。对于大多数固体溶解过程，ΔS>0（系统无序度增加），ΔH>0（吸热）。根据ΔG=ΔH-TΔS，温度T升高有利于ΔG<0，即溶解度随温度升高而增加。这是一个普遍的定性规律。反之，对于放热溶解过程（ΔH<0），溶解度可能随温度升高而下降。
在文献[1]和[2]中，溶解度与温度的逻辑关系论述如下：
溶解度是指在一定温度和压力下，某种物质在一定量溶剂中达到饱和时所能溶解的最大量。它是物质在溶剂中溶解能力的定量表示。
其中Van’t-Hoff方程为：
式中：A，B，C：模型参数，可由实验回归得到；
x：溶质的摩尔分数，%。
溶解度决定溶质在溶剂中的溶解量随温度的变化规律，对反应温度的影响体现在反应介质中有效浓度与结晶/沉淀过程的热效应上。对多数固体反应物，温度升高溶解度增大，可提高溶液中反应物的有效浓度，加快反应速率并改变放热分布，从而需要调节反应温度以控制反应进程与晶体形貌。",FUNCTION,火工药剂,溶解度、温度,,函数关联,auto,SDF_SEC_4_1_1_4,4.1.1.4,溶解度-温度,DOC_SDF_20260725,bbd63f5c4a04e693
SDF_LD_4_1_1_5,true,UNDIRECTED,documented,1.0,1.0.0,20260829_v1,"蒸汽压与温度之间存在强非线性正相关关系，温度升高，蒸汽压指数式增大；对于纯物质，每个温度对应唯一的饱和蒸汽压。温度升高，液体（或固体）表面分子的平均动能增加，有更多分子能够克服分子间作用力（内聚力）逸出到气相中，从而使饱和蒸汽压升高。物质的蒸气浓度与相应的蒸气压在每一种温度时都有一确定的值，温度升高，平衡即被破坏而产生微粒蒸发或蒸气凝结现象。
在文献[1]中，蒸汽压与温度的逻辑关系论述如下：
蒸汽压指一定温度下，物质的液相或固相与气相达到平衡时，气相所产生的压力。
其中蒸汽压随温度的变化公式为：
式中：P：蒸汽压，Pa；
：气化焓，J·mol-1；
R：气体常数；
T：热力学温度，K；
C：积分常数。
其中凝聚相（W=1）状态方程为：
式中：Th：Hugoniot 温度，K；
Ih：Hugoniot 比内能，J·g-1；
Cv：比热容，J·g-1·K-1；
rs：格留乃逊系数。
在火工药剂制备中，如果产物蒸汽压高，高温下易损失或改变结晶条件，因此常需控制反应温度在蒸汽压不至于引起显著挥发的范围。蒸汽压高→升温时蒸发吸热显著→限制实际温升或需补偿热量。",FUNCTION,小尺寸拐角装药，弯曲装药,蒸汽压、温度,,函数关联,auto,SDF_SEC_4_1_1_5,4.1.1.5,蒸汽压-温度,DOC_SDF_20260725,0129570624efdfcb
SDF_LD_4_1_1_6,true,UNDIRECTED,unresolved,1.0,1.0.0,20260829_v1,暂未查询到热容对撤热介质及用量的逻辑关系。,UNKNOWN,,,,,needs_review,SDF_SEC_4_1_1_6,4.1.1.6,热容-撤热介质及用量,DOC_SDF_20260725,43cb3cf521685526
SDF_LD_4_1_1_7,true,UNDIRECTED,unresolved,1.0,1.0.0,20260829_v1,暂未查询到溶解度对过滤时间的逻辑关系。,UNKNOWN,,,,,needs_review,SDF_SEC_4_1_1_7,4.1.1.7,溶解度-过滤时间,DOC_SDF_20260725,743b1dc4164cae87
SDF_LD_4_1_1_8,true,UNDIRECTED,unresolved,1.0,1.0.0,20260829_v1,暂未查询到蒸汽压对过滤压力的逻辑关系。,UNKNOWN,,,,,needs_review,SDF_SEC_4_1_1_8,4.1.1.8,蒸汽压-过滤压力,DOC_SDF_20260725,8ba9385b772b618e
SDF_LD_4_1_2_1,true,UNDIRECTED,unresolved,1.0,1.0.0,20260829_v1,暂未查询到热容对放热量的逻辑关系。,UNKNOWN,,,,,needs_review,SDF_SEC_4_1_2_1,4.1.2.1,热容-放热量,DOC_SDF_20260725,696d82d89a250e91
SDF_LD_4_1_2_2,true,UNDIRECTED,unresolved,1.0,1.0.0,20260829_v1,暂未查询到密度对产物组成的逻辑关系。,UNKNOWN,,,,,needs_review,SDF_SEC_4_1_2_2,4.1.2.2,密度-产物组成,DOC_SDF_20260725,ea72525d27390179
SDF_LD_4_1_2_3,true,UNDIRECTED,unresolved,1.0,1.0.0,20260829_v1,暂未查询到密度对颗粒分布的逻辑关系。,UNKNOWN,,,,,needs_review,SDF_SEC_4_1_2_3,4.1.2.3,密度-颗粒分布,DOC_SDF_20260725,3a6a6f718516b497
SDF_LD_4_2_1_1,true,UNDIRECTED,documented,1.0,1.0.0,20260829_v1,"反应器容积是决定物料停留时间的核心结构参数，而停留时间直接决定反应的转化程度，二者是“设备容积→停留时间→反应转化率”的传递适配关系，同时受反应类型（可逆/不可逆、串联/平行）、操作方式（间歇/连续）的显著调控。
在文献[1]和[2]中，反应器容积与反应转化率的逻辑关系论述如下：
对于不可逆反应，根据平推流反应器（管式）的转化率公式为：
式中：τ：停留时间，s；
V：容积，m3；
qV：体积流量，m3·s-1 ；
k：反应速率常数，s-1。
反应器容积V增大1倍，停留时间τ同步提升1倍，转化率X呈指数级增长；当≫1时，转化率趋近于100%，继续增大容积的边际收益递减。
对于可逆反应，转化率存在平衡上限Xeq（由温度、压力、原料配比决定），反应器容积增大可让反应更接近平衡，转化率逐渐逼近Xeq，无法超过该上限。
间歇反应器的转化率仅由反应时间t、反应速率常数k、反应温度T决定，与反应器容积V无直接定量关系。",FUNCTION,化工,反应器容积、反应转化率,,函数关联,auto,SDF_SEC_4_2_1_1,4.2.1.1,反应器容积-反应转化率,DOC_SDF_20260725,77135448cd2d0f63
SDF_LD_4_3_1_1,true,UNDIRECTED,documented,1.0,1.0.0,20260829_v1,"反应时间（t）直接决定了撤热系统需要转移的热量（Q）以及所需的撤热能力。反应时间越短，意味着单位时间内释放的反应热越大，系统对撤热介质的要求就越苛刻，需要其具有更高的比热容（Cp）、更大的流量，和更高效的传热系数（K），以确保在极短时间内将产生的热量转移，维持系统安全。
反应时间是撤热系统设计的核心时间约束，撤热介质的类型、用量需匹配反应时间要求，保证在反应周期内及时移走反应热；反之，撤热介质的换热能力也会反向约束反应时间的可选范围，是“反应时间→热负荷匹配→撤热介质及用量”的协同适配关系。
在文献[1]和[4]中，反应时间与撤热介质及用量之间存在定性关系如表 26所示：
表 26 不同撤热介质的换热能力适配不同的反应时间要求
其中传热系数理论计算式：
K=1/(1/α0+1/ai+δ/λ+Re0+Rei)
式中：δ一聚合釜壁厚，30 mm；
α：聚合釜内壁对流传热系数，有机物取500 W·cm-2·℃-1；
α0：聚合釜外壁对流传热系数，循环冷却水取1500 W·cm-2·℃-1；
λ：聚合釜壁材料的导热系数，16 MnR取45 W·cm-2·℃-1；
Rei：聚合釜内壁聚丙烯薄层热阻，取2.0×10-3 m2·℃·W-1；
Re0：聚合釜外壁污垢热阻，经验值取3.4394×10-4 m2·℃·W-1。
火工药剂反应时间极短（微秒-毫秒级），撤热介质需匹配瞬时放热特征。SDF化合反应时间1-1.5 h，反应温度60-65 ℃，采用冷水撤热，用量需满足，夹套换热面积需覆盖料液高度，保证反应热及时移走，避免超温导致分解。",QUALITATIVE,火工药剂,反应时间、撤热介质及用量,,定性关联,auto,SDF_SEC_4_3_1_1,4.3.1.1,反应时间-撤热介质及用量,DOC_SDF_20260725,d023c9f24f3acf88
SDF_LD_4_3_1_2,true,UNDIRECTED,documented,1.0,1.0.0,20260829_v1,"处理量通常指单位时间内通过过滤介质获得的滤液体积，它是衡量过滤设备生产能力的重要指标。处理量越多，过滤时间就越长，且处理量存在上限。对于不同过滤器，处理量上限不同，过滤时间不同。
在文献[1]和[2]中，处理量与过滤时间的逻辑关系论述如下：
其中Ruth过滤方程为：
式中：q1：过滤速度，m3·s-1；
τ：过滤时间，s；
v：单位面积上的滤液体积，m3；
vm：单位面积上的假想滤液体积，相当于过滤介质阻力，m3；
K：Ruth系数，m2·s-1。
其中过滤速度方程为：
式中：u：单位时间通过单位面积的滤液体积，m·s-1；
A：过滤面积，m2；
V：滤液体积，m3；
Δp：过滤压力，Pa；
r：滤饼比阻，m-2；
η：滤液黏度，Pa·s；
L：滤饼厚度，m。
图 13 过滤器结构示意图
1——冲洗喷头；2——滤筒；3——出水管；4——支架
若忽略过滤介质的阻力，处理量与过滤时间的平方根成正比，在实际操作中，考虑到介质的阻力，随着过滤进行，处理量随时间的增加而增加，增加的速率越来越慢。延长过滤时间对增加产量的贡献越来越小。",FUNCTION,化工,处理量、过滤速度、过滤面积、滤液体积、过滤时间,,函数关联,auto,SDF_SEC_4_3_1_2,4.3.1.2,处理量-过滤时间,DOC_SDF_20260725,c2407a75663b7ada
SDF_LD_4_3_1_3,true,UNDIRECTED,documented,1.0,1.0.0,20260829_v1,"处理量通常指单位时间内通过过滤介质获得的滤液体积，它是衡量过滤设备生产能力的重要指标。过滤压力是指驱动悬浮液，通过滤饼和滤布进行固液分离的推动力，指过滤介质两侧的压力差（Δp）。处理量随过滤压力的升高而增大，但增大的幅度取决于滤饼的压缩性指数（s）。
在文献[1]和[3]中，处理量与过滤压力的逻辑关系论述如下：
其中过滤基本方程为：
式中：k：滤饼常数，m2·s-1；
A：过滤面积，m2；
Δp：过滤压力，Pa；
τ：过滤时间，s；
s：压缩指数，s=0-1；
V：滤液体积，m3；
Ve：介质的当量滤液量，m3。
图 14 不同滤网目数下纵截面水面处选取点压强变化图
如图 14所示，相同滤网目数时，纵截面水面处的压强沿点位a至点位f的压强呈逐渐减小的趋势，从点位a至点位c的过程中压强减小较慢，点位d至点位f的过程中减小较快。这说明从滤筒尾部到靠近出水管位置的过程中压强呈缓慢减小的趋势，水流压能转换为动能的速度较慢，当水流进入出水口后，压强快速减小，压能迅速转换为动能，直至流出出水管，因此滤桶内流速较小，压强较大，出水管内压强较小，流速较大。当处于不同滤网目数时，滤网目数越大，纵截面压强越小，这是因为滤网目数越大，滤网孔径越小，对浑水中的杂质拦截作用越强，黏附在滤网上的杂质越多，因此水流通过滤网时的水头损失越大，压强越小。
处理量随过滤压力的升高而增加，但对于可压缩性较强的物料（s＞0），这种正相关性会减弱，甚至出现“高压低效”的现象。适当提高过滤压力可以显著提高单位时间的处理量，但盲目大幅提高过滤压力，往往效果不佳，因为高压会使滤饼孔隙率减小、比阻急剧增大，抵消了推动力增加带来的好处，存在边际效应递减。工程上通常倾向于降低操作压力或采用助滤剂来改善滤饼结构，而不是单纯依靠加压来提高处理量。",FUNCTION,化工,处理量、过滤压力、过滤面积、压缩指数,,函数关联,auto,SDF_SEC_4_3_1_3,4.3.1.3,处理量-过滤压力,DOC_SDF_20260725,f6f7b65de79746bb
SDF_LD_4_3_2_1,true,UNDIRECTED,documented,1.0,1.0.0,20260829_v1,"处理量通常指单位时间内通过过滤介质获得的滤液体积，它是衡量过滤设备生产能力的重要指标。过滤速度（v）指单位时间内通过单位过滤面积的滤液体积。对于不同过滤器，存在合适的处理量可使得过滤速度达到最大值。
在文献[1]和[2]中，处理量与过滤速度的逻辑关系论述如下：
其中Ruth过滤方程为：
式中：q1：过滤速度，m3·s-1；
τ：过滤时间，s；
v：单位面积上的滤液体积，m3；
vm：单位面积上的假想滤液体积，相当于过滤介质阻力，m3；
K：Ruth系数，m2·s-1。
其中过滤速度方程为：
式中：u：单位时间通过单位面积的滤液体积，m·s-1；
A：过滤面积，m2；
V：滤液体积，m3；
Δp：过滤压力，Pa；
r：滤饼比阻，m-2；
η：滤液黏度，Pa·s；
L：滤饼厚度，m。
图 15 两种流量下流速变化
图 15可见，两种流量下在纵截面水面处的流速均呈现逐渐增加的趋势，从点位a至点位d增加较快，点位d至点位f的流速变化较小，这是因为越靠近出水管，水流汇聚越多，流速越大，当水流进入出水管后过水断面不在发生变化，水流流速基本保持不变。
图 16 不同过滤压力下过滤速度
如图 16所示，当过滤压力增大时，可明显提高过滤脱水速度，同时显著降低滤饼水分；但当过滤压力达到0.15 MP后，继续增大过滤压力，脱水速度和滤饼水分均基本不变。因此可确定，在加压过滤过程中，压力的不断增大对过滤效果的改善作用是有一定限度的。
在过滤面积不变的情况下，处理量和过滤速度成正比。若压差增大，粘度减小，或滤饼厚度减小时，过滤速度增大，从而导致单位时间的处理量增加。对于高粘度或难过滤物料，单纯靠提高速度可能受限，通常需要设计更大的过滤面积。",FUNCTION,化工,处理量、过滤速度、过滤面积、滤液体积、过滤时间,,函数关联,auto,SDF_SEC_4_3_2_1,4.3.2.1,处理量-过滤速度,DOC_SDF_20260725,2b1dd9326217a17f
SDF_LD_4_3_2_2,true,UNDIRECTED,documented,1.0,1.0.0,20260829_v1,"筛分方式包括固定筛、滚筒筛、振动筛等，筛分效率是筛分工艺中对不同颗粒产品的分离效率。不同筛分方式的筛分效果不同，产品的筛分效率也不同。筛分方式是决定筛分效率的核心操作与设备参数，不同的筛分设备选型、操作流程、参数设置直接决定颗粒透筛率、堵孔率、分布检测准确性，进而决定最终筛分效率，是“筛分操作规范→颗粒透筛效果→筛分效率”的正向适配关系。
在文献[1]和[2]中，筛分方式与筛分效率的逻辑关系论述如下：
其中筛分效率计算式：
式中：η：筛分效率，%；
C：筛下产品的含量，g；
Q：筛分机入料量，g；
α：入料中小于筛孔粒级的细粒含量，%。
筛分效率计算式：
式中：α：入料中小于规定粒度的细粒含量，%；
：筛上物中小于规定粒度的细粒含量，%；
：筛下物中小于规定粒度的细粒含量，%。
图 17 不同型式的筛分机
图 17展示了不同型式的筛分设备，筛分设备的结构特征直接决定适用的粒径范围与筛分效率上限（见表 27）。
表 27 筛分方式对筛分效率的影响
筛分操作中装样量过大、振荡时间不足、过筛次数不够、筛网变形等因素，会导致细颗粒残留、颗粒分布偏析，使筛分效率下降20%-40%甚至更多，充分过筛（如火工药剂过筛4-5次）可让效率接近100%，但过度筛分也会增加细颗粒占比影响物料性能。",FUNCTION,化工,筛分方式、筛分效率,,函数关联,auto,SDF_SEC_4_3_2_2,4.3.2.2,筛分方式-筛分效率,DOC_SDF_20260725,455cb1f78da1be22
SDF_LD_4_3_2_3,true,UNDIRECTED,documented,1.0,1.0.0,20260829_v1,"振动频率是指振动筛振动的频率。过大的振动频率会导致产品颗粒因挤压而通过孔径较小的筛网，使颗粒分布不均匀，需要二次甚至多次筛分，而过小的振动频率会导致筛分速度缓慢，筛分效率低下。
振动频率是决定筛分效率的核心动力学参数，通过影响颗粒的透筛能力、堵孔概率、团聚/分散行为，直接决定筛分效率的高低，二者是先升后降的倒U型曲线关系，存在最优频率区间使筛分效率达到峰值，频率过低或过高都会导致效率下降。
在文献[1]中，振动频率与筛分效率的逻辑关系论述如下：
其中筛分效率计算式为：
式中：η：筛分效率，%；
C：筛下产品的含量，g；
Q：筛分机入料量，g；
α：入料中小于筛孔粒级的细粒含量，%。
频率过低，筛分效率显著下降。当振动频率低于最优区间时，颗粒在筛面停留时间过长，细颗粒无法及时透过筛孔，且易在筛孔处卡塞，导致细颗粒残留率升高，测得的粗颗粒占比虚高，筛分效率可降低20%-30%；对于易团聚的细物料，低频振动无法打破团聚，伪粗粒占比上升，筛分效率进一步下降。
频率过高，筛分效率不升反降。当振动频率超过最优区间时，颗粒在筛面跳动剧烈，部分本应透筛的细颗粒被弹起无法下落，同时高频率会引发筛网共振变形，导致筛孔尺寸偏差，筛分效率可下降30%以上。
频率处于最优区间，筛分效率达到峰值。工业筛分的最优频率采用对数连续扫描振动（频率随扫描时间指数变化），高低频端单位频率带宽内振动次数大致相同，可保证全粒级颗粒充分透筛。该区间下，颗粒在筛面跳动高度适中，细颗粒可快速通过筛孔，粗颗粒不易卡塞，筛分效率可达90%-95%以上；相比线性扫描振动，对数连续扫描的筛分效率可提升15%-20%，更贴合实际颗粒筛分的应力交变规律。
复合振动模型如下：
式中：X1，X2，振动电机与电磁击打产生的一维简谐振动，mm；
A1，A2，振动电机与电磁击打的振幅，mm；
f1，f2，振动电机与电磁击打的振动频率，Hz；
t，时间，s；
1，2，振动电机与电磁击打的相位，rad；
X为两振型复合振动，mm。
振动强度计算式：
式中：K，振动强度；
A，振幅，mm；
f，振动频率，Hz；
β，振动方向角，（°）；
α，筛面倾角，（°）；
g，振动加速度，取9.8 m·s-2。
筛分效率计算式：
式中：α：入料中小于规定粒度的细粒含量，%；
：筛上物中小于规定粒度的细粒含量，%；
：筛下物中小于规定粒度的细粒含量，%。
图 18 频率对筛分效率和堵孔数影响
如图 18所示，当频率从14 Hz提高到16 Hz时，筛分效率从80%增加到86%，频率继续增大，筛分效率逐渐降低，这是由于当频率较低时增加频率会使颗粒运动更加活跃，颗粒与筛面之间接触概率更高有利于提高筛分效率，但是频率继续增大颗粒获得更高的能量，颗粒与筛面接触次数减少，因此筛分效率逐渐降低；颗粒的堵孔数量随着频率增加逐渐减小。
振动频率与筛分效率呈先升后降的倒U型曲线关系，频率过低时颗粒在筛面停留过久、易堵孔团聚，筛分效率可降至60%以下；处于对数连续扫描的最优频率区间时，全粒级颗粒可充分透筛，筛分效率可达90%-95%以上；频率过高时颗粒被剧烈弹起无法下落、筛网易共振变形，筛分效率又会下降30%以上，因此需匹配物料特性选择最优频率区间以保障最高筛分效率。",FUNCTION,化工,振动频率、筛分效率,,函数关联,auto,SDF_SEC_4_3_2_3,4.3.2.3,振动频率-筛分效率,DOC_SDF_20260725,b305e04c2920044d
SDF_LD_4_3_3_1,true,UNDIRECTED,unresolved,1.0,1.0.0,20260829_v1,暂未查询到反应时间对反应转化率的逻辑关系。,UNKNOWN,,,,,needs_review,SDF_SEC_4_3_3_1,4.3.3.1,反应时间-反应转化率,DOC_SDF_20260725,e7bd82da309baba7
SDF_LD_4_3_3_10,true,UNDIRECTED,documented,1.0,1.0.0,20260829_v1,"反应时间是化合工艺中原料参与反应的时间，放热量是指合成反应放出的热量。通过影响反应进程的完成度、副反应的发生以及热量的积累与散失，间接影响最终的有效放热量和过程安全性。
在设定的反应时间内，反应进行得越完全，释放出的化学能越接近理论最大值。反应时间不足会导致反应不完全，总放热量降低。过长的反应时间，尤其是在不适宜的温度下，可能诱发水解等副反应，这些副反应可能带来额外的、非预期的放热或吸热，改变总的热效应。
反应时间是放热量的核心时间约束，放热量（单位时间反应放热量×反应时间）需匹配反应进程与热负荷需求；反之，放热量的大小也会反向约束反应时间的合理取值范围，二者是“反应进程→热累积量→放热总量”的协同适配关系。
在文献[1]和[2]中，反应时间与放热量的逻辑关系论述如下：
由SDF合成反应计算理论放热量：
可由反应方程式计算理论放热量，再根据实际生产条件调整。
反应时间直接决定总放热量的累积规模，总放热量的计算公式为：
式中：q：单位时间反应放热速率，W；
：反应时间，s。
对不可逆反应，反应时间（）延长，总放热量的累积与呈正相关，反应越充分，总放热越高；当反应趋于完全后，总放热量趋于稳定值（对应反应热×初始反应物量）；对可逆放热反应，反应时间延长，反应趋近平衡，总放热量逐渐逼近平衡对应的最大放热值，但无法超过该上限。",FUNCTION,火工药剂,反应时间、放热量,,函数关联,auto,SDF_SEC_4_3_3_10,4.3.3.10,反应时间-放热量,DOC_SDF_20260725,290ec9bee726f206
SDF_LD_4_3_3_11,true,UNDIRECTED,documented,1.0,1.0.0,20260829_v1,"筛分方式包括固定筛、滚筒筛、振动筛等，粒度分布是用特定的仪器和方法反映出粉体样品中不同粒径颗粒占颗粒总量的百分数。不同筛分方式的筛分效果不同，产品的颗粒分布也不同。
筛分方式是获取颗粒分布的核心检测手段，不同的筛分操作规范、设备选型直接影响颗粒分布数据的准确性、代表性，进而决定后续工艺（如流化床操作、火工药剂感度控制、炸药性能优化）的适配性，是“筛分操作规范→颗粒分布数据质量→工艺适配性”的影响关系。
在文献[2]和[3]中，筛分方式与颗粒分布之间存在定性关系：
不同筛分设备的筛网规格，工作原理直接决定可测颗粒的粒径范围，筛分方式对颗粒分布的影响见表 30。
表 30 筛分方式对颗粒分布的影响
在弹性振动翻转筛筛分过程中，2-0 mm粒径的物料优先被筛选，分别占该粒径的84.31%、85.29%和85.68%，而在区域III和区域IV中，该粒径段的颗粒数量明显减少，且仍有少量2-0 mm颗粒进入区域V，其产率分别为2.23%、2.42%和2.54%。在第I、II、III、IV、V区域中，可以看到4-2 mm的粒径颗粒，且第V区域中该粒径的占比明显高于前几个区域。此外，13-4 mm颗粒的物料在三种条件下大部分都集中在第V区域，只有非常少量的13-4 mm颗粒能通过筛网。
图 19 不同区域在不同工况下粒径分布
筛分方式是获取颗粒分布的核心检测手段，不同筛分设备的选型直接决定可测颗粒的粒径范围与分布数据的准确性，而筛分操作规范则会影响颗粒分布结果的代表性；准确的筛分结果可支撑计算等比表面积平均直径等关键参数，指导流化床最小流化速度、沉降速度等工艺设计，同时在火工药剂领域，均匀的粒度分布可降低药剂感度、提升延期精度，在炸药生产中通过粗细颗粒级配可优化装填密度、爆速与抗压强度，筛分不规范导致的分布数据失真会引发工艺适配偏差、产品精度下降甚至安全隐患。",QUALITATIVE,化工,筛分方式、颗粒分布,,定性关联,auto,SDF_SEC_4_3_3_11,4.3.3.11,筛分方式-颗粒分布,DOC_SDF_20260725,f8befa3c3ae6d8b1
SDF_LD_4_3_3_12,true,UNDIRECTED,documented,1.0,1.0.0,20260829_v1,"振动频率是指振动筛振动的频率。过大的振动频率会导致产品颗粒因挤压而通过孔径较小的筛网，使颗粒分布不均匀，而过小的振动频率会导致筛分速度缓慢，筛分效率低下。
振动频率通过改变颗粒的运动状态、碰撞强度、团聚/分散行为，直接影响颗粒分布的表征结果、实际工业体系的颗粒分布均匀性，是“振动参数→颗粒动力学行为→颗粒分布特征”的双向适配关系。
2004.
[2] 沈涛, 廖璘志, 代云中. 一种弹性振动翻转筛系统的动态特性研究[J/OL]. 机械设计与制造, 1-8[2026-06-09]. https://doi.org/10.19356/j.cnki.1001-3997.20260519.001.
[3] 陈兵, 刘涵, 张晁辉, 等. 双频振动筛动力学特性与筛分性能研究[J/OL]. 振动、测试与诊断, 1-10[2026-06-09]. https://link.cnki.net/urlid/32.1361.V.20260511.1447.014.
在文献[1]、[2]和[3]中，振动频率与颗粒分布之间存在定性关系：
振动频率决定颗粒分布的检测准确性，筛分是获取颗粒分布的核心手段，振动频率直接影响筛分效率与颗粒分布数据的可靠性。
频率过低，颗粒在筛面停留时间过长，细颗粒无法及时透过筛孔，导致测得的粗颗粒占比虚高，颗粒分布偏向粗粒端，数据失真。频率过高，颗粒在筛面跳动剧烈，部分本应透筛的细颗粒被弹起无法下落，同样导致细颗粒占比检测偏低，颗粒分布数据偏差。最优频率区间，需匹配筛分物料的粒度特性，一般工业筛分采用对数连续扫描振动（频率随扫描时间指数变化，高低频端单位频率带宽内振动次数大致相同），保证全粒级颗粒都能充分透筛，得到准确的颗粒分布结果。
振动频率影响颗粒分布的损伤演化与感度，振动频率会通过颗粒破碎重构改变颗粒分布，进而关联产品感度。
低频高幅振动，大颗粒受冲击破碎，细颗粒占比显著提升，颗粒分布向细粒端偏移，比表面积增大，火工药剂的机械感度、撞击感度升高，安全风险增加。高频低幅振动，主要引发小颗粒的团聚/分散行为，振幅不足无法打破团聚，颗粒分布会出现伪粗粒峰；振幅匹配，可促进细颗粒分散，颗粒分布更均匀，感度降低。共振频率风险，当振动频率与火工品/含能材料固有频率一致时，会引发共振，颗粒间、颗粒与壳体间摩擦加剧，大颗粒破碎、细颗粒占比剧增，颗粒分布显著细化，甚至引发药剂意外发火。
在筛分检测场景中，需匹配对数连续扫描的最优频率区间才能保证全粒级颗粒充分透筛，获得准确的分布结果；在火工品/含能材料场景中，低频高幅振动会使大颗粒破碎、细颗粒占比提升，颗粒分布向细粒端偏移，高频率若接近火工品固有共振频率，还会引发颗粒间剧烈摩擦破碎，进一步细化颗粒分布，同时提升药剂感度、增加安全风险。",QUALITATIVE,化工，火工药剂,振动频率、颗粒分布,,定性关联,auto,SDF_SEC_4_3_3_12,4.3.3.12,振动频率-颗粒分布,DOC_SDF_20260725,79f12879ed808a8c
SDF_LD_4_3_3_13,true,UNDIRECTED,documented,1.0,1.0.0,20260829_v1,"包装量是影响包装质量的关键外部变量。在安全临界值以下，包装量与质量可能呈弱相关；超过临界值，包装量的增加会急剧劣化包装质量，显著增加热积累、静电放电、摩擦冲击等风险，导致产品变质、性能下降甚至引发事故。大包装量不利于批次内均匀性保证和问题追溯，某个包装单元出现问题影响范围更大。
表 31 工艺与其他主要维度的关联
注：☆表示二者间存在重要逻辑关系，目前尚未找到相关数据的参考文献，暂无数据支撑。",UNKNOWN,缺,包装量、包装质量,,缺,auto,SDF_SEC_4_3_3_13,4.3.3.13,包装量-包装质量,DOC_SDF_20260725,40e76abb959456a3
SDF_LD_4_3_3_2,true,UNDIRECTED,unresolved,1.0,1.0.0,20260829_v1,暂未查询到反应温度对反应转化率的逻辑关系。,UNKNOWN,,,,,needs_review,SDF_SEC_4_3_3_2,4.3.3.2,反应温度-反应转化率,DOC_SDF_20260725,18c3602d49e8f5f7
SDF_LD_4_3_3_3,true,UNDIRECTED,unresolved,1.0,1.0.0,20260829_v1,暂未查询到反应pH对反应转化率的逻辑关系。,UNKNOWN,,,,,needs_review,SDF_SEC_4_3_3_3,4.3.3.3,反应pH-反应转化率,DOC_SDF_20260725,6d1daf0780c0758c
SDF_LD_4_3_3_4,true,UNDIRECTED,unresolved,1.0,1.0.0,20260829_v1,暂未查询到搅拌速率对反应转化率的逻辑关系。,UNKNOWN,,,,,needs_review,SDF_SEC_4_3_3_4,4.3.3.4,搅拌速率-反应转化率,DOC_SDF_20260725,9eeecb9abd88229e
SDF_LD_4_3_3_5,true,UNDIRECTED,documented,1.0,1.0.0,20260829_v1,"反应温度过低，反应速率较慢，可能导致中间体未完全转化为斯蒂酚酸铅，产物中残留未反应的原料或中间体，纯度降低；反应温度过高可能导致三硝基间苯二酚的部分分解并释放NO2，或斯蒂酚酸铅自身的脱羧/氧化副反应，引入铅氧化物（PbO）或硝酸铅等杂质，降低纯度。温度升高，反应速率加快，成核和结晶过程加速。这可能导致反应物在局部浓度不均，如果pH控制不当，容易生成非目标产物。温度升高，通常会增加反应物和产物的溶解度。这降低了溶液的瞬时过饱和度，有利于晶体的缓慢生长，可能得到结晶更完整、纯度更高的中性盐。
在文献[1]中，反应温度与产物组成的逻辑关系论述如下：
其中Van’t-Hoff方程为：
吸热反应（H>0)，升温使K增大，平衡向生成更多产物的方向移动。放热反应（H<0)，升温使K减小，平衡向反应物方向移动。
其中阿伦尼乌兹方程为：
式中：k：反应速率常数；
A：指前因子，代表反应物分子碰撞的频率及分子有效碰撞取向的特性；
Ea：活化能，kJ·mol-1；
T：绝对温度，K。
反应温度高，有利于晶体的成长，可得较大晶体颗粒，反应温度低，易生成细小结晶。同时，由于三硝基间苯二酚铅在结晶过程中，需要吸收大量的热，如果反应温度过低，则容易生成糊状胶体。因此，需要控制一定的化合温度。一般在60-65 ℃为宜。",FUNCTION,炸药，推进剂,反应温度、产物组成,,函数关联,auto,SDF_SEC_4_3_3_5,4.3.3.5,反应温度-产物组成,DOC_SDF_20260725,b42b866c87532f5b
SDF_LD_4_3_3_6,true,UNDIRECTED,documented,1.0,1.0.0,20260829_v1,"时间过短，如果加料结束后立即出料，反应可能未进行完全。部分铅离子（Pb2+）和斯蒂芬酸根离子（C6H(NO2)3O22-）尚未结合，或已形成的微晶来不及长大和熟化。这会导致产物中含有未反应的原料杂质（如游离的硝酸铅或斯蒂芬酸钠），以及大量细小、不规则的初级晶核。时间过长，在高温母液中长时间搅拌，不会改变中性盐的化学组成，但可能带来两个负面影响，①晶体磨损。机械搅拌导致晶体间碰撞、摩擦，可能使大晶体破碎，产生细粉，影响粒度分布和流散性；②副反应风险增加。为潜在的副反应（如微量水解、氧化分解）提供了更长的时间；③可能引入微量杂质。反应时间通过控制反应进程的充分性，影响目标产物的结晶是否完全，以及是否给副反应（如水解、氧化等）提供了时间窗口，从而影响最终产物中目标成分的相对含量和结晶质量。
在文献[1]中，反应时间与产物组成的实验/计算数据如下：
反应时间不足，原料残留、副产物占比高。
若反应时间<30 min，三硝基间苯二酚钠（TNR-Na）和硝酸铅反应不充分，产物中会残留大量未反应的原料，同时副反应生成的碳酸铅、碱式碳酸铅（PbCO3·Pb(OH)2）白色泥状物占比升高，产物纯度降低，中性SDF（正盐）占比不足，碱式盐、酸式盐比例异常。
若采用镁盐法（斯蒂芬酸镁+硝酸铅），反应时间不足会导致镁盐残留，产物中碳酸镁等杂质占比升高，晶体粒度分布不均，细颗粒占比高。
反应时间合适，产物组成符合预期，纯度最高。
常规SDF制备在60-65 ℃下，反应时间控制在30-40 min（加料20-30 min与保温搅拌10 min）。
主产物中性SDF（正盐，）占比≥95%，结晶为棕黄色六棱柱状，铅含量43.5%-45.0%，氮含量9.85%，符合正盐组成标准。
副产物（未反应的斯蒂芬酸钠、硝酸铅、碳酸铅杂质）占比<5%，产物纯度满足火工品使用要求。
反应时间过长，产物分解、副反应增加，组成偏离。
当反应时间>2 h（60-65 ℃下），SDF会开始缓慢分解，产物中结晶水部分脱除，无水SDF占比升高，同时酸性条件下硝酸会促进分解反应，导致碱式盐占比升高，铅含量上升至59.6%-60.2%，偏离正盐组成。
若反应温度偏高（>70 ℃）同时反应时间过长，副反应生成砜类杂质、氧化产物占比升高，产物颜色变深（从棕黄变为棕红），火焰感度、撞击感度等性能下降。",QUALITATIVE,火工药剂,反应时间、产物组成,,定性关联,auto,SDF_SEC_4_3_3_6,4.3.3.6,反应时间-产物组成,DOC_SDF_20260725,fc2e27861dc700a0
SDF_LD_4_3_3_7,true,UNDIRECTED,documented,1.0,1.0.0,20260829_v1,"一般对于难溶的弱酸盐说来，pH降低，促使多相离子平衡向溶解的方向移动，从而使难溶盐的溶解度加大，有利于得到较大的晶体。如果pH过低（<5），则会因部分分解而引起产品的纯度和产量降低。反应pH直接决定了SDF的化学组成和晶体结构，决定生成中性盐、酸性盐还是碱性盐。pH通过控制斯蒂芬酸的电离程度和铅离子的水解行为，从根本上决定了溶液中优势离子的形态，从而决定了沉淀产物的化学本质。不同的pH区间会生成化学组成、晶体结构和性能截然不同的产物。
在文献[1]、[2]和[3]中，反应pH与产物组成的实验/计算数据如表 28所示：
表 28 钠盐的pH、母液的pH对结晶状况影响
pH对火工药剂的结晶质量（晶体大小、均匀性、规则性）乃至产品质量的影响较为显著。在三硝基间苯二酚铅合成过程中，由于pH的不同，可以得到不同的晶形，其爆炸性能也有很大的差别。在碱性介质中，生成棉絮状的碱式三硝基间苯二酚铅晶体；在弱酸性介质中，则生成苯环状的三硝基间苯二酚铅正盐晶体。因而适当选择并准确控制一个合理的pH在火工药剂的制备工艺优化中起着关键作用。
反应介质pH高于4.8时，由于化合时硝酸铅的过量，生产出多余的Pb(OH)2，混合于产品中，而pH低于2.9时，产品分子所带的Pb(OH)2可能溶解，从而导致铅含量忽高忽低。
实践证明，当反应介质pH控制在3.0-3.5时，有利于铅含量的稳定。三硝基间苯二酚铅在碱性介质中，易生成碱性三硝基间苯二酚铅。碱性三硝基间苯二酚铅可用于引燃药或击发药。三硝基间苯二酚铅在酸性介质中，当酸度逐渐加大时，晶体随之成长。但酸性过大时，则可使三硝基间苯二酚铅溶解。因此，控制溶液一定酸度，测可获得一定粒度的结晶。",TREND,火工药剂，碱式SDF,反应pH、产物组成,,趋势关联,auto,SDF_SEC_4_3_3_7,4.3.3.7,反应pH-产物组成,DOC_SDF_20260725,7a12411af6f729ac
SDF_LD_4_3_3_8,true,UNDIRECTED,documented,1.0,1.0.0,20260829_v1,"低速搅拌（<200 r·min-1）时，铅离子（Pb2+）与三硝基间苯二酚的局部浓度梯度大，反应速率受扩散控制，导致原料转化不完全，副反应增加（如Pb2+局部过浓生成Pb(OH)2沉淀）；高速搅拌（>800 r·min-1）时，机械剪切力可能破坏斯蒂酚酸铅晶体成核，也可能卷入气泡导致氧化副反应（如斯蒂芬酸硝基还原为氨基化合物）。
搅拌速率是影响晶体粒度分布和形貌的重要因素。适当搅拌不仅可以加速溶质在溶液中的活动性，促使亚稳晶型的溶解，从而有利于稳定晶型的生长。在较高搅拌速率情况下，将使介稳区宽度变窄，溶质分子间的碰撞增加，会将已经规则排列在一起的分子晶核打碎，从而使溶液中晶粒数量增加，粒度向小粒径方向偏移。搅拌对粒度和晶形的影响与反溶剂的加入速度即溶液的过饱和度有关，若过饱和度一定，搅拌快会使粒度变细，晶形趋于无棱角，圆滑形。
在文献[1]和[2]中，搅拌速率与产物组成的实验/计算数据如表 29所示：
表 29 搅拌速率对SDF产物组成的影响
搅拌速度应与加料速度相匹配。搅拌有利于减小SDF晶体各晶面之间生长速率的差异，改变其自然生长习性，使各晶面能够尽可能的同步生长，从而获得类球形晶体颗粒。而在较低搅拌速率情况下，溶剂与非溶剂不能很好的混合均匀，晶体也会按其习性自然生长，得到形貌为双棱锥形的较大粒径的斯蒂酚酸铅晶体颗粒。
在“析晶点”之前滴加反溶剂时，搅拌速率要快，以便反溶剂与溶剂均匀结合，迅速达到过饱和态，但是达到析晶点时，应放慢搅拌速率，尽量不使溶液上边面产生波动。在成核阶段当拌速率过慢时，容易致使晶体粘附在容器底部和侧壁，造成结块。搅拌对结晶的影响搅拌不仅可提高反应速度，还影响斯蒂酚酸铅结晶的均匀性、大小和形状。在没有搅拌的条件下，加料反应，容易生成β型针状结晶，因此，禁止在没有搅拌的条件下加料反应。若搅拌极微弱，则反应溶液中，各处溶质的浓度不一样，结晶虽较大，但形状不规则，大小参差不齐。但若搅拌过于强烈，晶粒之间，晶粒与器壁之间将发生强烈的撞击和摩擦，晶粒可能被击碎，还有可能引起爆炸。",TREND,起爆药,搅拌速率、产物组成,,趋势关联,auto,SDF_SEC_4_3_3_8,4.3.3.8,搅拌速率-产物组成,DOC_SDF_20260725,33b01786353c24ac
SDF_LD_4_3_3_9,true,UNDIRECTED,documented,1.0,1.0.0,20260829_v1,"撤热介质及其用量通过精确控制反应体系的温度场和过饱和度，直接影响斯蒂酚酸铅的结晶习性、晶型（中性盐、碱式盐）以及是否生成杂质（如碱式硝酸铅），从而决定产物的组成、纯度和性能。不恰当的撤热会导致产物组成偏离预期，性能不合格甚至危险。
在文献[1]中，撤热介质及用量与产物组成的逻辑关系论述如下：
其中热产生率公式为：
式中：：系统的热产生速率，W·m-2；
A：频率因子；
Q：吸收或放出的热量，KJ；
e-E/RT：指数因子；
E：反应的活化能，KJ·mol-1；
R：气体常数；
V：体积，m3；
c：浓度，mol·L-1；
n：反应级数。
其中Newton冷却公式为：
式中：：系统向外界环境的散热速率，W；
χ：传热系数；
S：和反应器或周围环境相接的反应物表面积，m2；
T：反应温度，K；
Ta：环境温度，K。
不同的撤热介质决定了能达到的最低温度和控温精度，从而决定了可实现的工艺路线和产物晶形。撤热不足→温度高→反应速率过快，瞬间过饱和度极高→爆发式成核→生成细小、不规则、比表面积大的晶体→产品流散性差，堆积密度低，感度增高；撤热过度→反应温度过低→SDF溶解度显著降低，局部过饱和度过高→生成无定形沉淀或糊状胶体→产物无法有效结晶，导致纯度下降，组成不均一。",FUNCTION,化工,撤热介质及用量、产物组成,,函数关联,auto,SDF_SEC_4_3_3_9,4.3.3.9,撤热介质及用量-产物组成,DOC_SDF_20260725,0516fc13b68fef95
