relation_id,active,canonical_name,directionality,group_id,merge_status,normalized_relation_type,source_expression,target_expression
REL_004D736555389850,true,蒸汽压-过滤压力,UNDIRECTED,PAIR_MATERIAL_PROCESS,NEW_RELATION,UNKNOWN,蒸汽压,过滤压力
REL_00B8BA4C993BCEF4,true,换热尺寸-设计条件,UNDIRECTED,PAIR_EQUIPMENT_EQUIPMENT,MATRIX_ONLY,UNKNOWN,换热尺寸,设计条件
REL_0263C45E36D4F1B6,true,烘干时间-密度,UNDIRECTED,PAIR_PROCESS_MATERIAL,NEW_RELATION,UNKNOWN,烘干时间,密度
REL_03BD36B429FD7290,true,产品数量-火球持续时间,UNDIRECTED,PAIR_MATERIAL_SAFETY,MATRIX_ONLY,POTENTIAL,产品数量,火球持续时间
REL_04CA376B379A0B47,true,靶板厚度-靶后超压,UNDIRECTED,PAIR_SAFETY_SAFETY,MATRIX_ONLY,UNKNOWN,靶板厚度,靶后超压
REL_04F51FFB5DF2E01D,true,靶板厚度-侵彻深度,UNDIRECTED,PAIR_SAFETY_SAFETY,MATRIX_ONLY,UNKNOWN,靶板厚度,侵彻深度
REL_058F6FED20875C0F,true,处理量-过滤速度,UNDIRECTED,PAIR_PROCESS_PROCESS,NEW_RELATION,FUNCTION,处理量,过滤速度
REL_0698B3752E2C1A36,true,型式-操作条件,UNDIRECTED,PAIR_EQUIPMENT_PROCESS,MATRIX_ONLY,UNKNOWN,型式,操作条件
REL_0774261E98310D15,true,靶板强度-剩余动能,UNDIRECTED,PAIR_SAFETY_SAFETY,MATRIX_ONLY,UNKNOWN,靶板强度,剩余动能
REL_077669737E839211,true,产品包装-比冲量,UNDIRECTED,PAIR_MATERIAL_SAFETY,MATRIX_ONLY,POTENTIAL,产品包装,比冲量
REL_07C67C3D7E5E425E,true,颗粒分布-密度,UNDIRECTED,PAIR_PROCESS_MATERIAL,NEW_RELATION,QUALITATIVE,颗粒分布,密度
REL_08B000A4DB553635,true,装药质量-破片初速,UNDIRECTED,PAIR_MATERIAL_SAFETY,MATRIX_ONLY,UNKNOWN,装药质量,破片初速
REL_08D99DBF5C35BC25,true,装药质量-火球持续时间,DIRECTED,PAIR_MATERIAL_SAFETY,NEW_RELATION,FUNCTION,装药质量,火球持续时间
REL_0A934577B23BDA79,true,活性弹丸参数/靶板参数-穿孔直径,DIRECTED,PAIR_SAFETY_SAFETY,NEW_RELATION,FUNCTION,活性弹丸参数/靶板参数,穿孔直径
REL_0B7D1928AD8EF662,true,产品结构-燃爆载荷,UNDIRECTED,PAIR_MATERIAL_SAFETY,MATRIX_ONLY,UNKNOWN,产品结构,燃爆载荷
REL_0C078ECD871DA422,true,筒体直径-夹套直径,UNDIRECTED,PAIR_EQUIPMENT_EQUIPMENT,CANDIDATE_MERGE,TREND,筒体直径,夹套直径
REL_0C9DE48F03B4B7CA,true,黏度-搅拌桨型式,UNDIRECTED,PAIR_MATERIAL_EQUIPMENT,CANDIDATE_MERGE,QUALITATIVE,粘度,搅拌桨型式
REL_0DBF4C4DA8AD319C,true,振动频率-颗粒分布,UNDIRECTED,PAIR_PROCESS_PROCESS,NEW_RELATION,QUALITATIVE,振动频率,颗粒分布
REL_0E147381D68FFB8A,true,撤热介质及用量-换热面积,UNDIRECTED,PAIR_PROCESS_EQUIPMENT,NEW_RELATION,NON_STRUCTURAL,撤热介质及用量,换热面积
REL_100794D6C1893C3E,true,导热系数-换热面积,UNDIRECTED,PAIR_MATERIAL_EQUIPMENT,NEW_RELATION,FUNCTION,导热系数,换热面积
REL_111BDC2E0BB8EE8E,true,颗粒分布-静电感度,UNDIRECTED,PAIR_PROCESS_MATERIAL,NEW_RELATION,QUALITATIVE,颗粒分布,静电感度
REL_1133953BC891A2F5,true,反应数据-感度,UNDIRECTED,PAIR_PROCESS_MATERIAL,MATRIX_ONLY,UNKNOWN,反应数据,感度
REL_114DD6A25E1D36D9,true,间隔距离-烧蚀面积,UNDIRECTED,PAIR_SAFETY_SAFETY,MATRIX_ONLY,UNKNOWN,间隔距离,烧蚀面积
REL_122872E1314AEA69,true,火焰感度-包装材料,UNDIRECTED,PAIR_MATERIAL_EQUIPMENT,NEW_RELATION,QUALITATIVE,火焰感度,包装材料
REL_1284BFCBC319A222,true,破片直径-侵彻深度,UNDIRECTED,PAIR_SAFETY_SAFETY,MATRIX_ONLY,UNKNOWN,破片直径,侵彻深度
REL_12F858498D3611DA,true,处理量-过滤器型式,UNDIRECTED,PAIR_PROCESS_EQUIPMENT,NEW_RELATION,NON_STRUCTURAL,处理量,过滤器型式
REL_13F3A66E5CB22989,true,活性射流参量-靶后超压,DIRECTED,PAIR_SAFETY_SAFETY,NEW_RELATION,FUNCTION,活性射流参量,靶后超压
REL_1453870157D50981,true,破片参数/靶板参数-剩余速度,DIRECTED,PAIR_SAFETY_SAFETY,NEW_RELATION,FUNCTION,破片参数/靶板参数,剩余速度
REL_15A30FD8ADE1A961,true,换热尺寸-理化性质,UNDIRECTED,PAIR_EQUIPMENT_MATERIAL,MATRIX_ONLY,UNKNOWN,换热尺寸,理化性质
REL_17852D24072D87AB,true,设计条件-设计条件,UNDIRECTED,PAIR_EQUIPMENT_EQUIPMENT,MATRIX_ONLY,UNKNOWN,设计条件,设计条件
REL_18A9B8BEB95554B8,true,烘干时间-安定性,UNDIRECTED,PAIR_PROCESS_MATERIAL,NEW_RELATION,UNKNOWN,烘干时间,安定性
REL_192FE8AF3F9CC895,true,药型罩材料/结构形状-侵彻深度,DIRECTED,PAIR_SAFETY_SAFETY,NEW_RELATION,TREND,结构形状/药型罩材料,侵彻深度
REL_19D85BCF46354FDF,true,晶形-爆温,UNDIRECTED,PAIR_MATERIAL_MATERIAL,NEW_RELATION,QUALITATIVE,晶形,爆温
REL_1A52E880C1800F98,true,药型罩参数-射流/EFP速度,UNDIRECTED,PAIR_MATERIAL_SAFETY,MATRIX_ONLY,UNKNOWN,药型罩参数,射流/EFP速度
REL_1B563065F6469981,true,比例爆距-冲击波参数,DIRECTED,PAIR_MATERIAL_SAFETY,NEW_RELATION,TREND,比例爆距,冲击波参数
REL_1E82B36B3CB7CD7E,true,感度-设计条件,UNDIRECTED,PAIR_MATERIAL_EQUIPMENT,MATRIX_ONLY,UNKNOWN,感度,设计条件
REL_1F2A028D562AF131,true,冲击波超压-崩落程度,UNDIRECTED,PAIR_SAFETY_SAFETY,MATRIX_ONLY,UNKNOWN,冲击波超压,崩落程度
REL_1F57F12493AD6015,true,EFP参数-侵彻深度,DIRECTED,PAIR_SAFETY_SAFETY,NEW_RELATION,FUNCTION,EFP参数,侵彻深度
REL_1F6D3BC1EE17E7B7,true,筛分方式-筛分效率,UNDIRECTED,PAIR_PROCESS_PROCESS,NEW_RELATION,FUNCTION,筛分方式,筛分效率
REL_1F825BE3642CD48B,true,反应时间-密度,UNDIRECTED,PAIR_PROCESS_MATERIAL,NEW_RELATION,UNKNOWN,反应时间,密度
REL_1F8ADC9D56E0B980,true,破片撞击速度-剩余动能,UNDIRECTED,PAIR_SAFETY_SAFETY,MATRIX_ONLY,UNKNOWN,破片撞击速度,剩余动能
REL_1FBDFDE31E032F19,true,理化性质-换热尺寸,UNDIRECTED,PAIR_MATERIAL_EQUIPMENT,MATRIX_ONLY,UNKNOWN,理化性质,换热尺寸
REL_20A316F5A1C01761,true,筒体直径-盘管内径/管间隙/长度,UNDIRECTED,PAIR_EQUIPMENT_EQUIPMENT,CANDIDATE_MERGE,TREND,筒体直径,盘管内径/管间隙/长度
REL_21469F3CFE53486E,true,颗粒分布-爆温,UNDIRECTED,PAIR_PROCESS_MATERIAL,NEW_RELATION,QUALITATIVE,颗粒分布,爆温
REL_218A1C626F17E321,true,堆垛方式-TNT当量,UNDIRECTED,PAIR_MATERIAL_SAFETY,MATRIX_ONLY,POTENTIAL,堆垛方式,TNT当量
REL_249EA6A464036218,true,配料组成-晶形,UNDIRECTED,PAIR_PROCESS_MATERIAL,NEW_RELATION,QUALITATIVE,配料组成,晶形
REL_2504482BF3A26A66,true,产品包装-火球直径,UNDIRECTED,PAIR_MATERIAL_SAFETY,MATRIX_ONLY,POTENTIAL,产品包装,火球直径
REL_253A475E0FD5A2EB,true,爆压/密度- 格尼速度,DIRECTED,PAIR_MATERIAL_SAFETY,NEW_RELATION,FUNCTION,密度/爆压,格尼速度
REL_272D41A91C08699E,true,药型罩质量/压合角-射流质量,DIRECTED,PAIR_MATERIAL_SAFETY,NEW_RELATION,FUNCTION,压合角/药型罩质量,射流质量
REL_273FB191F058BFD4,true,爆速-破片初速,UNDIRECTED,PAIR_MATERIAL_SAFETY,MATRIX_ONLY,UNKNOWN,爆速,破片初速
REL_27E9793A695F4AAD,true,靶板厚度-极限穿透速度,UNDIRECTED,PAIR_SAFETY_SAFETY,MATRIX_ONLY,UNKNOWN,靶板厚度,极限穿透速度
REL_2851219DC77EE1CF,true,操作条件-操作条件,UNDIRECTED,PAIR_PROCESS_PROCESS,MATRIX_ONLY,UNKNOWN,操作条件,操作条件
REL_29A75AC60319F168,true,着角-剩余动能,UNDIRECTED,PAIR_SAFETY_SAFETY,MATRIX_ONLY,UNKNOWN,着角,剩余动能
REL_2B220303CCAA1348,true,堆垛方式-破片质量分布,UNDIRECTED,PAIR_MATERIAL_SAFETY,MATRIX_ONLY,POTENTIAL,堆垛方式,破片质量分布
REL_2B33891FADC7035B,true,晶形-安全性,UNDIRECTED,PAIR_MATERIAL_MATERIAL,NEW_RELATION,UNKNOWN,晶形,安全性
REL_2BAA8E0E1BDF9D78,true,密度-冲击波超压,UNDIRECTED,PAIR_MATERIAL_SAFETY,MATRIX_ONLY,UNKNOWN,密度,冲击波超压
REL_2BAF8D5005A5782F,true,烘干温度-安定性,UNDIRECTED,PAIR_PROCESS_MATERIAL,NEW_RELATION,UNKNOWN,烘干温度,安定性
REL_2BC7B7242B617776,true,包装量-吸湿性,UNDIRECTED,PAIR_PROCESS_MATERIAL,NEW_RELATION,QUALITATIVE,包装量,吸湿性
REL_2CBBF0892D6F1725,true,设计条件-操作条件,UNDIRECTED,PAIR_EQUIPMENT_PROCESS,MATRIX_ONLY,UNKNOWN,设计条件,操作条件
REL_2EB58579E5E57726,true,破片质量-极限穿透速度,UNDIRECTED,PAIR_SAFETY_SAFETY,MATRIX_ONLY,UNKNOWN,破片质量,极限穿透速度
REL_3007501D590533BB,true,反应数据-特征尺寸,UNDIRECTED,PAIR_PROCESS_EQUIPMENT,MATRIX_ONLY,UNKNOWN,反应数据,特征尺寸
REL_302CBD44FD06463F,true,湿含量-安全性,UNDIRECTED,PAIR_MATERIAL_MATERIAL,NEW_RELATION,UNKNOWN,湿含量,安全性
REL_303F9A7AA45A52F9,true,设计条件-理化性质,UNDIRECTED,PAIR_EQUIPMENT_MATERIAL,MATRIX_ONLY,UNKNOWN,设计条件,理化性质
REL_3126C09F43F95473,true,理化性质-燃爆载荷,UNDIRECTED,PAIR_MATERIAL_SAFETY,MATRIX_ONLY,UNKNOWN,理化性质,燃爆载荷
REL_332808E723F5CDFF,true,射流参数-侵彻深度,DIRECTED,PAIR_SAFETY_SAFETY,NEW_RELATION,FUNCTION,射流参数,侵彻深度
REL_34242B5C75A1036E,true,爆热-火球直径,UNDIRECTED,PAIR_MATERIAL_SAFETY,MATRIX_ONLY,UNKNOWN,爆热,火球直径
REL_3698C059A5D7AE71,true,溶解度-温度,UNDIRECTED,PAIR_MATERIAL_PROCESS,NEW_RELATION,FUNCTION,溶解度,温度
REL_382FE1F4F3B08D72,true,操作条件-设计条件,UNDIRECTED,PAIR_PROCESS_EQUIPMENT,MATRIX_ONLY,UNKNOWN,操作条件,设计条件
REL_3A6DF813EE9D5F19,true,活性弹丸着速/靶板隆起高度,DIRECTED,PAIR_SAFETY_SAFETY,NEW_RELATION,FUNCTION,活性弹丸着速/靶板隆起高度,
REL_3A936AD2624F9A4C,true,产品数量-正压作用时间,UNDIRECTED,PAIR_MATERIAL_SAFETY,MATRIX_ONLY,POTENTIAL,产品数量,正压作用时间
REL_3B9485FF76506F1D,true,破片参数/靶板参数-极限穿透速度,DIRECTED,PAIR_SAFETY_SAFETY,NEW_RELATION,FUNCTION,破片参数/靶板参数,极限穿透速度
REL_3C21EB7B9CD7D18A,true,感度-理化性质,UNDIRECTED,PAIR_MATERIAL_MATERIAL,MATRIX_ONLY,UNKNOWN,感度,理化性质
REL_3CF72BC786521CBC,true,生成焓-包装材料,UNDIRECTED,PAIR_MATERIAL_EQUIPMENT,NEW_RELATION,UNKNOWN,生成焓,包装材料
REL_3DF6FF95152ACE7B,true,湿含量-吸湿性,UNDIRECTED,PAIR_MATERIAL_MATERIAL,NEW_RELATION,QUALITATIVE,湿含量,吸湿性
REL_3EA54B421531B94E,true,湿含量-安定性,UNDIRECTED,PAIR_MATERIAL_MATERIAL,NEW_RELATION,QUALITATIVE,湿含量,安定性
REL_40180FF019A9EDD2,true,晶形-机械感度,UNDIRECTED,PAIR_MATERIAL_MATERIAL,NEW_RELATION,QUALITATIVE,晶形,机械感度
REL_40192D1040BA64C9,true,颗粒分布-机械感度,UNDIRECTED,PAIR_PROCESS_MATERIAL,NEW_RELATION,QUALITATIVE,颗粒分布,机械感度
REL_40CC86346446BF1F,true,机械感度-包装材料,UNDIRECTED,PAIR_MATERIAL_EQUIPMENT,NEW_RELATION,QUALITATIVE,机械感度,包装材料
REL_4135A871135F4E70,true,装填比-破片质量分布,DIRECTED,PAIR_MATERIAL_SAFETY,NEW_RELATION,FUNCTION,装填比,破片质量分布
REL_41A7A538AE264775,true,处理量-螺旋盘管直径,UNDIRECTED,PAIR_PROCESS_EQUIPMENT,NEW_RELATION,FUNCTION,处理量,螺旋盘管直径
REL_45249E086828C82D,true,比例爆距/壳体参数-冲击波超压,DIRECTED,PAIR_MATERIAL_SAFETY,NEW_RELATION,FUNCTION,壳体参数/比例爆距,冲击波超压
REL_45615A1C49A24488,true,防护性能-防护结构,UNDIRECTED,PAIR_SAFETY_SAFETY,MATRIX_ONLY,UNKNOWN,防护性能,防护结构
REL_45A91F0BB25C6160,true,破片初速-侵彻深度,DIRECTED,PAIR_SAFETY_SAFETY,NEW_RELATION,FUNCTION,破片初速,侵彻深度
REL_45C1D77489EF06E4,true,晶形-安定性,UNDIRECTED,PAIR_MATERIAL_MATERIAL,NEW_RELATION,UNKNOWN,晶形,安定性
REL_45CFC88290BC102A,true,比热-包装材料,UNDIRECTED,PAIR_MATERIAL_EQUIPMENT,NEW_RELATION,UNKNOWN,比热,包装材料
REL_46024B6E4A2A0EB8,true,爆速/绝热指数-格尼速度,DIRECTED,PAIR_MATERIAL_SAFETY,NEW_RELATION,FUNCTION,爆速/绝热指数,格尼速度
REL_47D2600CA67E7FA2,true,特征尺寸-特征尺寸,UNDIRECTED,PAIR_EQUIPMENT_EQUIPMENT,MATRIX_ONLY,UNKNOWN,特征尺寸,特征尺寸
REL_48A168A6860335A1,true,产品包装-冲击波超压,UNDIRECTED,PAIR_MATERIAL_SAFETY,MATRIX_ONLY,POTENTIAL,产品包装,冲击波超压
REL_491069C15B6F2E53,true,颗粒分布-热感度,UNDIRECTED,PAIR_PROCESS_MATERIAL,NEW_RELATION,QUALITATIVE,颗粒分布,热感度
REL_49E761014F772C81,true,晶形-静电感度,UNDIRECTED,PAIR_MATERIAL_MATERIAL,NEW_RELATION,QUALITATIVE,晶形,静电感度
REL_4AA17BDB66645789,true,理化性质-设计条件,UNDIRECTED,PAIR_MATERIAL_EQUIPMENT,MATRIX_ONLY,UNKNOWN,理化性质,设计条件
REL_4AA812BE6012BF76,true,反应pH-粒度,UNDIRECTED,PAIR_PROCESS_MATERIAL,NEW_RELATION,TREND,反应pH,粒度
REL_4AEEAC0BCBD28601,true,装药质量-热通量,DIRECTED,PAIR_MATERIAL_SAFETY,NEW_RELATION,FUNCTION,装药质量,热通量
REL_4B3F5F80EFB3CB6C,true,反应温度-产物组成,UNDIRECTED,PAIR_PROCESS_PROCESS,NEW_RELATION,FUNCTION,反应温度,产物组成
REL_4D2AADE58AA2EBAB,true,攻角-剩余动能,UNDIRECTED,PAIR_SAFETY_SAFETY,MATRIX_ONLY,UNKNOWN,攻角,剩余动能
REL_4E3A8E5800E27040,true,烘干温度-热感度,UNDIRECTED,PAIR_PROCESS_MATERIAL,MATRIX_ONLY,POTENTIAL,烘干温度,热感度
REL_4E8E6902EAD3D84B,true,间隔距离-最大挠度,UNDIRECTED,PAIR_SAFETY_SAFETY,MATRIX_ONLY,UNKNOWN,间隔距离,最大挠度
REL_4F74CFF3308CEB58,true,速率参数-操作条件,UNDIRECTED,PAIR_PROCESS_PROCESS,MATRIX_ONLY,UNKNOWN,速率参数,操作条件
REL_5029A9151AD34AC8,true,振动频率-筛分效率,UNDIRECTED,PAIR_PROCESS_PROCESS,NEW_RELATION,FUNCTION,振动频率,筛分效率
REL_51912468A46793AA,true,活性弹丸质量/靶板厚度-弹道极限速度,DIRECTED,PAIR_SAFETY_SAFETY,NEW_RELATION,FUNCTION,活性弹丸质量/靶板厚度,弹道极限速度
REL_53675E843D12FE93,true,靶板强度-侵彻深度,UNDIRECTED,PAIR_SAFETY_SAFETY,MATRIX_ONLY,UNKNOWN,靶板强度,侵彻深度
REL_538E15CC75551CF0,true,升温速率-湿含量,UNDIRECTED,PAIR_PROCESS_MATERIAL,NEW_RELATION,TREND,升温速率,湿含量
REL_539E9EADC5A98D69,true,爆压-TNT当量,DIRECTED,PAIR_MATERIAL_SAFETY,NEW_RELATION,FUNCTION,爆压,TNT当量
REL_5440C776C6C98CDA,true,反应pH-晶形,UNDIRECTED,PAIR_PROCESS_MATERIAL,NEW_RELATION,TREND,反应pH,晶形
REL_570E7F963BD82326,true,攻角-侵彻深度,UNDIRECTED,PAIR_SAFETY_SAFETY,MATRIX_ONLY,UNKNOWN,攻角,侵彻深度
REL_5732E7332FED0B2A,true,顶角/压合角/压合速度/爆速-射流速度,DIRECTED,PAIR_MATERIAL_SAFETY,NEW_RELATION,FUNCTION,压合角/压合速度/爆速/顶角,射流速度
REL_5743BF4C67E4CEF8,true,装药密度-冲击波参数,DIRECTED,PAIR_MATERIAL_SAFETY,NEW_RELATION,TREND,装药密度,冲击波参数
REL_581CFED7F5D006DA,true,密度-温度,UNDIRECTED,PAIR_MATERIAL_PROCESS,NEW_RELATION,FUNCTION,密度,温度
REL_593B26F0A6E9A6B2,true,破片直径-剩余动能,UNDIRECTED,PAIR_SAFETY_SAFETY,MATRIX_ONLY,UNKNOWN,破片直径,剩余动能
REL_5AFCE65B8AA20745,true,炸药性能/装药形状-破甲威力,DIRECTED,PAIR_SAFETY_SAFETY,NEW_RELATION,TREND,炸药性能/装药形状,破甲威力
REL_5B734E2638E01376,true,反应pH-反应转化率,UNDIRECTED,PAIR_PROCESS_PROCESS,NEW_RELATION,UNKNOWN,反应pH,反应转化率
REL_5C6DE149E4796411,true,密度-正压作用时间,UNDIRECTED,PAIR_MATERIAL_SAFETY,MATRIX_ONLY,UNKNOWN,密度,正压作用时间
REL_60138EB24B984F49,true,配料组成-纯度,UNDIRECTED,PAIR_PROCESS_MATERIAL,NEW_RELATION,FUNCTION,配料组成,纯度
REL_604FEE38C2D51117,true,反应数据-操作条件,UNDIRECTED,PAIR_PROCESS_PROCESS,MATRIX_ONLY,UNKNOWN,反应数据,操作条件
REL_61FD1DC455D006A1,true,生成焓-换热面积,UNDIRECTED,PAIR_MATERIAL_EQUIPMENT,NEW_RELATION,FUNCTION,生成焓,换热面积
REL_63AACF38E6B5A516,true,处理量-过滤时间,UNDIRECTED,PAIR_PROCESS_PROCESS,NEW_RELATION,FUNCTION,处理量,过滤时间
REL_63AB5CDE5B72BA6A,true,导热系数-换热形式,UNDIRECTED,PAIR_MATERIAL_EQUIPMENT,MATRIX_ONLY,POTENTIAL,导热系数,换热形式
REL_63C3CFF94BC68D49,true,包装量-安全性,UNDIRECTED,PAIR_PROCESS_MATERIAL,NEW_RELATION,QUALITATIVE,包装量,安全性
REL_6408B161E2CB7826,true,炸药组分/密度/生成热-格尼速度,DIRECTED,PAIR_MATERIAL_SAFETY,NEW_RELATION,FUNCTION,密度/炸药组分/生成热,格尼速度
REL_64739E127BD0604B,true,堆垛方式-正压作用时间,UNDIRECTED,PAIR_MATERIAL_SAFETY,MATRIX_ONLY,POTENTIAL,堆垛方式,正压作用时间
REL_65B0D3EA37D07A70,true,比热-换热面积,UNDIRECTED,PAIR_MATERIAL_EQUIPMENT,NEW_RELATION,FUNCTION,比热,换热面积
REL_65F1E2887C792FF7,true,产品包装-正压作用时间,UNDIRECTED,PAIR_MATERIAL_SAFETY,MATRIX_ONLY,POTENTIAL,产品包装,正压作用时间
REL_663670D2A55B40CB,true,晶形-爆压,UNDIRECTED,PAIR_MATERIAL_MATERIAL,NEW_RELATION,QUALITATIVE,晶形,爆压
REL_66DCD6B1F2FE116D,true,搅拌速率-反应转化率,UNDIRECTED,PAIR_PROCESS_PROCESS,NEW_RELATION,UNKNOWN,搅拌速率,反应转化率
REL_6702FDA9C424BD8D,true,反应时间-纯度,UNDIRECTED,PAIR_PROCESS_MATERIAL,NEW_RELATION,UNKNOWN,反应时间,纯度
REL_6719381211F175A2,true,包装量-包装质量,UNDIRECTED,PAIR_PROCESS_PROCESS,NEW_RELATION,UNKNOWN,包装量,包装质量
REL_673F427BE84CB770,true,比热-换热形式,UNDIRECTED,PAIR_MATERIAL_EQUIPMENT,MATRIX_ONLY,POTENTIAL,比热,换热形式
REL_684DA491ECBF3BDA,true,初始波阵面参数-冲击波超压,DIRECTED,PAIR_MATERIAL_SAFETY,NEW_RELATION,FUNCTION,初始波阵面参数,冲击波超压
REL_68A2B6669209E298,true,靶板厚度-剩余动能,UNDIRECTED,PAIR_SAFETY_SAFETY,MATRIX_ONLY,UNKNOWN,靶板厚度,剩余动能
REL_68DE43794000EFC5,true,毁伤元活性-侵彻深度,UNDIRECTED,PAIR_SAFETY_SAFETY,MATRIX_ONLY,UNKNOWN,毁伤元活性,侵彻深度
REL_6AC2679C6C2CDF2E,true,安定性-理化性质,UNDIRECTED,PAIR_MATERIAL_MATERIAL,MATRIX_ONLY,UNKNOWN,安定性,理化性质
REL_6ACE28A570E10F2D,true,换热尺寸-操作条件,UNDIRECTED,PAIR_EQUIPMENT_PROCESS,MATRIX_ONLY,UNKNOWN,换热尺寸,操作条件
REL_6B676169607DA3BE,true,活性射流特性参量-穿孔直径,DIRECTED,PAIR_SAFETY_SAFETY,NEW_RELATION,FUNCTION,活性射流特性参量,穿孔直径
REL_6C47E4128B77B0D1,true,爆热-火球持续时间,UNDIRECTED,PAIR_MATERIAL_SAFETY,MATRIX_ONLY,UNKNOWN,爆热,火球持续时间
REL_6D8B484371C1EE1C,true,破片质量-侵彻深度,UNDIRECTED,PAIR_SAFETY_SAFETY,MATRIX_ONLY,UNKNOWN,破片质量,侵彻深度
REL_6E8A2EF90C8C1062,true,EFP参数-孔容积,UNDIRECTED,PAIR_SAFETY_SAFETY,MATRIX_ONLY,UNKNOWN,EFP参数,孔容积
REL_6F553B009CDC19BF,true,反应pH-纯度,UNDIRECTED,PAIR_PROCESS_MATERIAL,NEW_RELATION,UNKNOWN,反应pH,纯度
REL_708840FD566279F4,true,过滤时间-湿含量,UNDIRECTED,PAIR_PROCESS_MATERIAL,NEW_RELATION,FUNCTION,过滤时间,湿含量
REL_71BBD5074E1D2A0E,true,理化性质-理化性质,UNDIRECTED,PAIR_MATERIAL_MATERIAL,MATRIX_ONLY,UNKNOWN,理化性质,理化性质
REL_71CBA2A9B7846EA6,true,产品数量-比冲量,UNDIRECTED,PAIR_MATERIAL_SAFETY,MATRIX_ONLY,POTENTIAL,产品数量,比冲量
REL_76AC61188704BFF7,true,反应时间-撤热介质及用量,UNDIRECTED,PAIR_PROCESS_PROCESS,NEW_RELATION,QUALITATIVE,反应时间,撤热介质及用量
REL_790FD9939C4BF92A,true,活性射流特性参量-侵彻深度,DIRECTED,PAIR_SAFETY_SAFETY,NEW_RELATION,FUNCTION,活性射流特性参量,侵彻深度
REL_7921974CA0DD755D,true,射流参数-孔容积,UNDIRECTED,PAIR_SAFETY_SAFETY,MATRIX_ONLY,UNKNOWN,射流参数,孔容积
REL_795723E1DF82373F,true,防护结构-防护性能,UNDIRECTED,PAIR_SAFETY_SAFETY,MATRIX_ONLY,UNKNOWN,防护结构,防护性能
REL_7995F4FDE758479E,true,爆容-破片初速,UNDIRECTED,PAIR_MATERIAL_SAFETY,MATRIX_ONLY,UNKNOWN,爆容,破片初速
REL_7BA03CFA2F835974,true,比例爆距-反射冲击波超压,DIRECTED,PAIR_MATERIAL_SAFETY,NEW_RELATION,FUNCTION,比例爆距,反射冲击波超压
REL_7C35B6AE8CE1D1DD,true,湿含量-热感度,UNDIRECTED,PAIR_MATERIAL_MATERIAL,NEW_RELATION,UNKNOWN,湿含量,热感度
REL_7C480B521B395386,true,导热系数-包装材料,UNDIRECTED,PAIR_MATERIAL_EQUIPMENT,NEW_RELATION,UNKNOWN,导热系数,包装材料
REL_7D046098521C5434,true,反应釜高度-反应釜内径,UNDIRECTED,PAIR_EQUIPMENT_EQUIPMENT,NEW_RELATION,QUALITATIVE,反应釜高度,反应釜内径
REL_7DA95158249B6D55,true,晶形-火焰感度,UNDIRECTED,PAIR_MATERIAL_MATERIAL,NEW_RELATION,QUALITATIVE,晶形,火焰感度
REL_7FDEE83A98949F6D,true,反应时间-放热量,UNDIRECTED,PAIR_PROCESS_PROCESS,NEW_RELATION,FUNCTION,反应时间,放热量
REL_8135E3BF39F39AFA,true,产品包装-火球持续时间,UNDIRECTED,PAIR_MATERIAL_SAFETY,MATRIX_ONLY,POTENTIAL,产品包装,火球持续时间
REL_81C68A66E8213136,true,设备设计压力-安全阀起跳压力,UNDIRECTED,PAIR_EQUIPMENT_EQUIPMENT,NEW_RELATION,NON_STRUCTURAL,设备设计压力,安全阀起跳压力
REL_827D47B3EDD59F1A,true,烘干温度-湿含量,UNDIRECTED,PAIR_PROCESS_MATERIAL,NEW_RELATION,TREND,烘干温度,湿含量
REL_8284B1DA27349BF0,true,破片质量-剩余动能,UNDIRECTED,PAIR_SAFETY_SAFETY,MATRIX_ONLY,UNKNOWN,破片质量,剩余动能
REL_82F68B669253E2D3,true,感度-反应数据,UNDIRECTED,PAIR_MATERIAL_PROCESS,MATRIX_ONLY,UNKNOWN,感度,反应数据
REL_83412B34BBB58A4B,true,产品包装-破片初速,UNDIRECTED,PAIR_MATERIAL_SAFETY,MATRIX_ONLY,POTENTIAL,产品包装,破片初速
REL_84048ECD7876767D,true,装填比-破片初速,UNDIRECTED,PAIR_MATERIAL_SAFETY,MATRIX_ONLY,UNKNOWN,装填比,破片初速
REL_846016D2F633C844,true,装填比-破片数量,DIRECTED,PAIR_MATERIAL_SAFETY,NEW_RELATION,FUNCTION,装填比,破片数量
REL_859497E808C25E38,true,颗粒分布-爆压,UNDIRECTED,PAIR_PROCESS_MATERIAL,NEW_RELATION,QUALITATIVE,颗粒分布,爆压
REL_861DA3B10CCBAF8D,true,反应器容积-反应转化率,UNDIRECTED,PAIR_EQUIPMENT_PROCESS,NEW_RELATION,FUNCTION,反应器容积,反应转化率
REL_862B70465B84FAA7,true,毁伤元活性-穿孔直径,UNDIRECTED,PAIR_SAFETY_SAFETY,MATRIX_ONLY,UNKNOWN,毁伤元活性,穿孔直径
REL_88A71EBB8ED024C1,true,处理量-过滤压力,UNDIRECTED,PAIR_PROCESS_PROCESS,NEW_RELATION,FUNCTION,处理量,过滤压力
REL_88A9AA4003461B5B,true,反应pH-安定性,UNDIRECTED,PAIR_PROCESS_MATERIAL,NEW_RELATION,UNKNOWN,反应pH,安定性
REL_89CF14455D512922,true,格尼速度/装填比-破片初速轴向分布,DIRECTED,PAIR_MATERIAL_SAFETY,NEW_RELATION,FUNCTION,格尼速度/装填比,破片初速轴向分布
REL_8D3E265D46426F35,true,射流参数-剩余动能,UNDIRECTED,PAIR_SAFETY_SAFETY,MATRIX_ONLY,UNKNOWN,射流参数,剩余动能
REL_8E2F4DA0B40CAC9A,true,爆热-火球温度,UNDIRECTED,PAIR_MATERIAL_SAFETY,MATRIX_ONLY,UNKNOWN,爆热,火球温度
REL_8F05106A076CC821,true,撤热介质及用量-换热形式,UNDIRECTED,PAIR_PROCESS_EQUIPMENT,NEW_RELATION,UNKNOWN,撤热介质及用量,换热形式
REL_902698017629E79B,true,换热面积-换热形式,UNDIRECTED,PAIR_EQUIPMENT_EQUIPMENT,CANDIDATE_MERGE,TREND,换热面积,换热形式
REL_903D302545C8935F,true,热容-撤热介质及用量,UNDIRECTED,PAIR_MATERIAL_PROCESS,NEW_RELATION,UNKNOWN,热容,撤热介质及用量
REL_9067A07B1AA15B81,true,爆速/密度-格尼速度,DIRECTED,PAIR_MATERIAL_SAFETY,NEW_RELATION,FUNCTION,密度/爆速,格尼速度
REL_91007ECA4C56C8E0,true,靶板强度-靶后超压,UNDIRECTED,PAIR_SAFETY_SAFETY,MATRIX_ONLY,UNKNOWN,靶板强度,靶后超压
REL_96DA97DD96E96BA3,true,配料组成-粒度,UNDIRECTED,PAIR_PROCESS_MATERIAL,NEW_RELATION,TREND,配料组成,粒度
REL_96E9DFA09639814D,true,比例爆距-正压作用时间,DIRECTED,PAIR_MATERIAL_SAFETY,NEW_RELATION,FUNCTION,比例爆距,正压作用时间
REL_96E9F03C0C74901F,true,爆速-射流/EFP速度,UNDIRECTED,PAIR_MATERIAL_SAFETY,MATRIX_ONLY,UNKNOWN,爆速,射流/EFP速度
REL_97971D9FA562E944,true,射流参数-开坑直径,DIRECTED,PAIR_SAFETY_SAFETY,NEW_RELATION,FUNCTION,射流参数,开坑直径
REL_99D822AF530377C5,true,撤热介质及用量-产物组成,UNDIRECTED,PAIR_PROCESS_PROCESS,NEW_RELATION,FUNCTION,撤热介质及用量,产物组成
REL_9B6145F9BFD0B6A8,true,操作条件-速率参数,UNDIRECTED,PAIR_PROCESS_PROCESS,MATRIX_ONLY,UNKNOWN,操作条件,速率参数
REL_9B822D080A38ADA0,true,反应温度-反应转化率,UNDIRECTED,PAIR_PROCESS_PROCESS,NEW_RELATION,UNKNOWN,反应温度,反应转化率
REL_9BE0CAF8397811B8,true,理化性质-反应数据,UNDIRECTED,PAIR_MATERIAL_PROCESS,MATRIX_ONLY,UNKNOWN,理化性质,反应数据
REL_9CE711844F0091DC,true,设计条件-换热尺寸,UNDIRECTED,PAIR_EQUIPMENT_EQUIPMENT,MATRIX_ONLY,UNKNOWN,设计条件,换热尺寸
REL_9FC33742C7FC581A,true,爆热-正压作用时间,DIRECTED,PAIR_MATERIAL_SAFETY,NEW_RELATION,TREND,爆热,正压作用时间
REL_A0443976BED5EF2B,true,爆热-比冲量,DIRECTED,PAIR_MATERIAL_SAFETY,NEW_RELATION,TREND,爆热,比冲量
REL_A0DF940415E3622A,true,反应时间-反应转化率,UNDIRECTED,PAIR_PROCESS_PROCESS,NEW_RELATION,UNKNOWN,反应时间,反应转化率
REL_A12AEE82CBE38A47,true,颗粒分布-火焰感度,UNDIRECTED,PAIR_PROCESS_MATERIAL,NEW_RELATION,QUALITATIVE,颗粒分布,火焰感度
REL_A12C4AB4BFFAC3D7,true,理化性质-释能性,UNDIRECTED,PAIR_MATERIAL_MATERIAL,MATRIX_ONLY,UNKNOWN,理化性质,释能性
REL_A14751D815A369EC,true,最大挠度/支座转角-钢筋混凝土损毁程度,DIRECTED,PAIR_SAFETY_SAFETY,NEW_RELATION,TREND,支座转角/最大挠度,钢筋混凝土损毁程度
REL_A16C81D9BF7DE34A,true,着角-侵彻深度,UNDIRECTED,PAIR_SAFETY_SAFETY,MATRIX_ONLY,UNKNOWN,着角,侵彻深度
REL_A504C3E7440F3B0D,true,破片着速-穿孔直径,DIRECTED,PAIR_SAFETY_SAFETY,NEW_RELATION,TREND,破片撞击速度,穿孔直径
REL_A5BD5D1DF56762BA,true,静电积累-包装材料,UNDIRECTED,PAIR_MATERIAL_EQUIPMENT,NEW_RELATION,QUALITATIVE,静电积累,包装材料
REL_A7AD05BEA2F3200E,true,操作条件-特征尺寸,UNDIRECTED,PAIR_PROCESS_EQUIPMENT,MATRIX_ONLY,UNKNOWN,操作条件,特征尺寸
REL_A816599FDF8529C8,true,过滤压力-湿含量,UNDIRECTED,PAIR_PROCESS_MATERIAL,NEW_RELATION,FUNCTION,过滤压力,湿含量
REL_A999D72566B66182,true,搅拌速率-产物组成,UNDIRECTED,PAIR_PROCESS_PROCESS,NEW_RELATION,TREND,搅拌速率,产物组成
REL_A9EDA2AEB732A8F4,true,产品数量-破片数量,UNDIRECTED,PAIR_MATERIAL_SAFETY,MATRIX_ONLY,POTENTIAL,产品数量,破片数量
REL_AC218D41DDDC1F8D,true,攻角-极限穿透速度,UNDIRECTED,PAIR_SAFETY_SAFETY,MATRIX_ONLY,UNKNOWN,攻角,极限穿透速度
REL_AC5FDA8897C5A63E,true,湿含量-爆温,UNDIRECTED,PAIR_MATERIAL_MATERIAL,NEW_RELATION,UNKNOWN,湿含量,爆温
REL_AC62B94958FDF501,true,堆垛方式-冲击波超压,UNDIRECTED,PAIR_MATERIAL_SAFETY,MATRIX_ONLY,POTENTIAL,堆垛方式,冲击波超压
REL_AC747D7486D25AF3,true,射流头部半径/靶板材料-侵彻孔径,DIRECTED,PAIR_SAFETY_SAFETY,NEW_RELATION,UNKNOWN,射流头部半径/靶板材料,侵彻孔径
REL_AE53489D6F75EB95,true,破片直径-极限穿透速度,UNDIRECTED,PAIR_SAFETY_SAFETY,MATRIX_ONLY,UNKNOWN,破片直径,极限穿透速度
REL_B05F58D1911BEDF1,true,操作条件-换热尺寸,UNDIRECTED,PAIR_PROCESS_EQUIPMENT,MATRIX_ONLY,UNKNOWN,操作条件,换热尺寸
REL_B2517FA916E7AE45,true,爆压/绝热指数-格尼速度,DIRECTED,PAIR_MATERIAL_SAFETY,NEW_RELATION,FUNCTION,爆压/绝热指数,格尼速度
REL_B35695159E9DA0A4,true,腐蚀性-设备材质,UNDIRECTED,PAIR_MATERIAL_EQUIPMENT,CANDIDATE_MERGE,QUALITATIVE,腐蚀性,设备材质
REL_B3A4098F168F18A1,true,筛分方式-颗粒分布,UNDIRECTED,PAIR_PROCESS_PROCESS,NEW_RELATION,QUALITATIVE,筛分方式,颗粒分布
REL_B3A43047CC9D8793,true,密度-比冲量,UNDIRECTED,PAIR_MATERIAL_SAFETY,MATRIX_ONLY,UNKNOWN,密度,比冲量
REL_B4A3939CEB696D90,true,热感度-包装材料,UNDIRECTED,PAIR_MATERIAL_EQUIPMENT,NEW_RELATION,QUALITATIVE,热感度,包装材料
REL_B60D0C4F922D68CC,true,冲击波超压-最大挠度,DIRECTED,PAIR_SAFETY_SAFETY,NEW_RELATION,FUNCTION,冲击波超压,最大挠度
REL_B674A07486846BEA,true,颗粒分布-安全性,UNDIRECTED,PAIR_PROCESS_MATERIAL,NEW_RELATION,UNKNOWN,颗粒分布,安全性
REL_B676EFD8ED3A1737,true,理化性质-感度,UNDIRECTED,PAIR_MATERIAL_MATERIAL,MATRIX_ONLY,UNKNOWN,理化性质,感度
REL_B93986FBA0258D5A,true,烘干时间-湿含量,UNDIRECTED,PAIR_PROCESS_MATERIAL,NEW_RELATION,FUNCTION,烘干时间,湿含量
REL_BB4383371A111323,true,比例爆距-比冲量,DIRECTED,PAIR_MATERIAL_SAFETY,NEW_RELATION,FUNCTION,比例爆距,比冲量
REL_BC5E8165561D9E58,true,产品数量-火球直径,UNDIRECTED,PAIR_MATERIAL_SAFETY,MATRIX_ONLY,POTENTIAL,产品数量,火球直径
REL_BC770EA6E4118504,true,爆热/装药量/炸药组分-火球温度,DIRECTED,PAIR_MATERIAL_SAFETY,NEW_RELATION,FUNCTION,炸药组分/爆热/装药量,火球温度
REL_BCB6FA627D141CEC,true,爆压-破片初速,UNDIRECTED,PAIR_MATERIAL_SAFETY,MATRIX_ONLY,UNKNOWN,爆压,破片初速
REL_BDA57A2802C33003,true,蒸汽压-温度,UNDIRECTED,PAIR_MATERIAL_PROCESS,NEW_RELATION,FUNCTION,蒸汽压,温度
REL_BE3FED53C5867F66,true,反应温度-晶形,UNDIRECTED,PAIR_PROCESS_MATERIAL,NEW_RELATION,QUALITATIVE,反应温度,晶形
REL_BE9EB16C809CA309,true,粘度-温度,UNDIRECTED,PAIR_MATERIAL_PROCESS,NEW_RELATION,FUNCTION,粘度,温度
REL_BEF9B4C7A1FB4C87,true,爆热-TNT当量,DIRECTED,PAIR_MATERIAL_SAFETY,NEW_RELATION,FUNCTION,爆热,TNT当量
REL_C03069759FBC8308,true,破片撞击速度-开坑直径,DIRECTED,PAIR_SAFETY_SAFETY,NEW_RELATION,FUNCTION,破片撞击速度,开坑直径
REL_C111960B85AEBD53,true,装药质量-火球直径,UNDIRECTED,PAIR_MATERIAL_SAFETY,MATRIX_ONLY,UNKNOWN,装药质量,火球直径
REL_C2B7A4A2FAB818F4,true,密度-产物组成,UNDIRECTED,PAIR_MATERIAL_PROCESS,NEW_RELATION,UNKNOWN,密度,产物组成
REL_C2D4C822DED9C85B,true,生成焓-换热形式,UNDIRECTED,PAIR_MATERIAL_EQUIPMENT,MATRIX_ONLY,POTENTIAL,生成焓,换热形式
REL_C3C0A574AC319FCF,true,密度-颗粒分布,UNDIRECTED,PAIR_MATERIAL_PROCESS,NEW_RELATION,UNKNOWN,密度,颗粒分布
REL_C591F966414F06D1,true,破片直径-穿孔直径,UNDIRECTED,PAIR_SAFETY_SAFETY,MATRIX_ONLY,UNKNOWN,破片直径,穿孔直径
REL_C5C3F296D8AF3E83,true,反应时间-产物组成,UNDIRECTED,PAIR_PROCESS_PROCESS,NEW_RELATION,QUALITATIVE,反应时间,产物组成
REL_C6022EEB0E48F675,true,溶解度-过滤时间,UNDIRECTED,PAIR_MATERIAL_PROCESS,NEW_RELATION,UNKNOWN,溶解度,过滤时间
REL_C668C7E71E69AFBE,true,操作条件-型式,UNDIRECTED,PAIR_PROCESS_EQUIPMENT,MATRIX_ONLY,UNKNOWN,操作条件,型式
REL_C6805AD5B4D47AF2,true,间隔距离-崩落程度,UNDIRECTED,PAIR_SAFETY_SAFETY,MATRIX_ONLY,UNKNOWN,间隔距离,崩落程度
REL_C6CACDB4EB3BC23F,true,爆热/密度-格尼速度,DIRECTED,PAIR_MATERIAL_SAFETY,NEW_RELATION,FUNCTION,密度/爆热,格尼速度
REL_C795F63865210101,true,防护性能-燃爆载荷,UNDIRECTED,PAIR_SAFETY_SAFETY,MATRIX_ONLY,UNKNOWN,防护性能,燃爆载荷
REL_C7AF2C7A9A8AAA77,true,比例爆距-冲击波超压,DIRECTED,PAIR_MATERIAL_SAFETY,NEW_RELATION,FUNCTION,比例爆距,冲击波超压
REL_C8A17B5CB1DF6E47,true,型式-理化性质,UNDIRECTED,PAIR_EQUIPMENT_MATERIAL,MATRIX_ONLY,UNKNOWN,型式,理化性质
REL_C8D03374CC2CD88F,true,晶形-热感度,UNDIRECTED,PAIR_MATERIAL_MATERIAL,NEW_RELATION,QUALITATIVE,晶形,热感度
REL_C934770DD000A64A,true,反应时间-粒度,UNDIRECTED,PAIR_PROCESS_MATERIAL,NEW_RELATION,QUALITATIVE,反应时间,粒度
REL_CA55D15A9FD532A6,true,装药质量-火球温度,UNDIRECTED,PAIR_MATERIAL_SAFETY,MATRIX_ONLY,UNKNOWN,装药质量,火球温度
REL_CB0FFB85926ADF41,true,堆垛方式-射流/EFP速度,UNDIRECTED,PAIR_MATERIAL_SAFETY,MATRIX_ONLY,POTENTIAL,堆垛方式,射流/EFP速度
REL_CC7DAD9F016209BF,true,破片撞击速度-极限穿透速度,UNDIRECTED,PAIR_SAFETY_SAFETY,MATRIX_ONLY,UNKNOWN,破片撞击速度,极限穿透速度
REL_CC8B3E3339C7D5B8,true,吸湿性-包装材料,UNDIRECTED,PAIR_MATERIAL_EQUIPMENT,NEW_RELATION,QUALITATIVE,吸湿性,包装材料
REL_CE5E2BF6F464480A,true,静电感度-包装材料,UNDIRECTED,PAIR_MATERIAL_EQUIPMENT,NEW_RELATION,QUALITATIVE,静电感度,包装材料
REL_CF1FE7590BE529B2,true,反应pH-产物组成,UNDIRECTED,PAIR_PROCESS_PROCESS,NEW_RELATION,TREND,反应pH,产物组成
REL_D12734D511F4DB38,true,毁伤元活性-剩余动能,UNDIRECTED,PAIR_SAFETY_SAFETY,MATRIX_ONLY,UNKNOWN,毁伤元活性,剩余动能
REL_D33F0D8F261B72CF,true,破片撞击速度-侵彻深度,UNDIRECTED,PAIR_SAFETY_SAFETY,MATRIX_ONLY,UNKNOWN,破片撞击速度,侵彻深度
REL_D713FEFBA9032DD1,true,过滤速度-湿含量,UNDIRECTED,PAIR_PROCESS_MATERIAL,NEW_RELATION,FUNCTION,过滤速度,湿含量
REL_D751EB9C0DC00162,true,爆容/爆热/密度- 格尼速度,UNDIRECTED,PAIR_MATERIAL_SAFETY,NEW_RELATION,FUNCTION,密度/爆容/爆热,格尼速度
REL_D809A140ED787175,true,靶板强度-极限穿透速度,UNDIRECTED,PAIR_SAFETY_SAFETY,MATRIX_ONLY,UNKNOWN,靶板强度,极限穿透速度
REL_D8F0CF0ADD3B52A2,true,产品包装-火球温度,UNDIRECTED,PAIR_MATERIAL_SAFETY,MATRIX_ONLY,POTENTIAL,产品包装,火球温度
REL_D9783826E7CF79BC,true,反应时间-晶形,UNDIRECTED,PAIR_PROCESS_MATERIAL,NEW_RELATION,QUALITATIVE,反应时间,晶形
REL_D9AF64AF304DFE23,true,设计条件-感度,UNDIRECTED,PAIR_EQUIPMENT_MATERIAL,MATRIX_ONLY,UNKNOWN,设计条件,感度
REL_DB1C25BE5237FDC9,true,释能性-理化性质,UNDIRECTED,PAIR_MATERIAL_MATERIAL,MATRIX_ONLY,UNKNOWN,释能性,理化性质
REL_DCADD8AAE431FC0D,true,产品数量-冲击波超压,UNDIRECTED,PAIR_MATERIAL_SAFETY,MATRIX_ONLY,POTENTIAL,产品数量,冲击波超压
REL_DD53A51BEE21DA8E,true,反应数据-理化性质,UNDIRECTED,PAIR_PROCESS_MATERIAL,MATRIX_ONLY,UNKNOWN,反应数据,理化性质
REL_DD78589F7A655C50,true,炸药密度/燃烧热-格尼速度,DIRECTED,PAIR_MATERIAL_SAFETY,NEW_RELATION,FUNCTION,炸药密度/燃烧热,格尼速度
REL_DD92A15457345B24,true,装药质量/炸药组分-火球直径,DIRECTED,PAIR_MATERIAL_SAFETY,NEW_RELATION,FUNCTION,炸药组分/装药质量,火球直径
REL_E076B85C5FA30483,true,格尼速度/装填比-破片初速,UNDIRECTED,PAIR_MATERIAL_SAFETY,NEW_RELATION,UNKNOWN,格尼速度/装填比,破片初速
REL_E1B80642E5C8DA32,true,理化性质-型式,UNDIRECTED,PAIR_MATERIAL_EQUIPMENT,MATRIX_ONLY,UNKNOWN,理化性质,型式
REL_E1D254CAA156FF95,true,EFP参数-剩余动能,UNDIRECTED,PAIR_SAFETY_SAFETY,MATRIX_ONLY,UNKNOWN,EFP参数,剩余动能
REL_E230E1641CD9CD50,true,产品包装-TNT当量,UNDIRECTED,PAIR_MATERIAL_SAFETY,MATRIX_ONLY,POTENTIAL,产品包装,TNT当量
REL_E341C496E64FAEA9,true,湿含量-爆热,UNDIRECTED,PAIR_MATERIAL_MATERIAL,NEW_RELATION,UNKNOWN,湿含量,爆热
REL_E387096A9C7B69A2,true,操作条件-反应数据,UNDIRECTED,PAIR_PROCESS_PROCESS,MATRIX_ONLY,UNKNOWN,操作条件,反应数据
REL_E3EBEADF02F8A19B,true,活性射流参量/靶板厚度/炸高-靶后有效射流质量,DIRECTED,PAIR_SAFETY_SAFETY,NEW_RELATION,FUNCTION,活性射流参量/炸高/靶板厚度,靶后有效射流质量
REL_E41EEC087B50F88E,true,着角-极限穿透速度,UNDIRECTED,PAIR_SAFETY_SAFETY,MATRIX_ONLY,UNKNOWN,着角,极限穿透速度
REL_E48A479425EA5F7C,true,理化性质-安定性,UNDIRECTED,PAIR_MATERIAL_MATERIAL,MATRIX_ONLY,UNKNOWN,理化性质,安定性
REL_E539CC58475BCD17,true,产品数量-TNT当量,UNDIRECTED,PAIR_MATERIAL_SAFETY,MATRIX_ONLY,POTENTIAL,产品数量,TNT当量
REL_E5C1CBD041788FF1,true,盐雾环境-安定性,UNDIRECTED,PAIR_PROCESS_MATERIAL,NEW_RELATION,TREND,盐雾环境,安定性
REL_E7327541EA0654A3,true,晶形-爆热,UNDIRECTED,PAIR_MATERIAL_MATERIAL,NEW_RELATION,QUALITATIVE,晶形,爆热
REL_E84E69F0F5A71770,true,热容-温度,UNDIRECTED,PAIR_MATERIAL_PROCESS,NEW_RELATION,FUNCTION,热容,温度
REL_E9038E88EB299D0D,true,操作条件-理化性质,UNDIRECTED,PAIR_PROCESS_MATERIAL,MATRIX_ONLY,UNKNOWN,操作条件,理化性质
REL_EA1F9BF733D7EB65,true,释能性-反应数据,UNDIRECTED,PAIR_MATERIAL_PROCESS,MATRIX_ONLY,UNKNOWN,释能性,反应数据
REL_EA5BC0BCA8319A36,true,射流参数-靶后超压,UNDIRECTED,PAIR_SAFETY_SAFETY,MATRIX_ONLY,UNKNOWN,射流参数,靶后超压
REL_EA9F9CB81FE23165,true,理化性质-操作条件,UNDIRECTED,PAIR_MATERIAL_PROCESS,MATRIX_ONLY,UNKNOWN,理化性质,操作条件
REL_EBE4F2654C928138,true,换热尺寸-特征尺寸,UNDIRECTED,PAIR_EQUIPMENT_EQUIPMENT,MATRIX_ONLY,UNKNOWN,换热尺寸,特征尺寸
REL_EEC76F4C5989088B,true,堆垛方式-比冲量,UNDIRECTED,PAIR_MATERIAL_SAFETY,MATRIX_ONLY,POTENTIAL,堆垛方式,比冲量
REL_EF23DE99871F3600,true,产品数量-火球温度,UNDIRECTED,PAIR_MATERIAL_SAFETY,MATRIX_ONLY,POTENTIAL,产品数量,火球温度
REL_EF8CB954E3605B6C,true,换热面积-夹套高度,UNDIRECTED,PAIR_EQUIPMENT_EQUIPMENT,CANDIDATE_MERGE,FUNCTION,换热面积,夹套高度
REL_F0E699645CC8FB3F,true,特征尺寸-换热尺寸,UNDIRECTED,PAIR_EQUIPMENT_EQUIPMENT,MATRIX_ONLY,UNKNOWN,特征尺寸,换热尺寸
REL_F111700A0C40958A,true,特征尺寸-操作条件,UNDIRECTED,PAIR_EQUIPMENT_PROCESS,MATRIX_ONLY,UNKNOWN,特征尺寸,操作条件
REL_F1C5FCC8B3BA0003,true,堆垛方式-破片数量,UNDIRECTED,PAIR_MATERIAL_SAFETY,MATRIX_ONLY,POTENTIAL,堆垛方式,破片数量
REL_F57FE5F67901D9CA,true,火球温度-烧蚀面积,DIRECTED,PAIR_SAFETY_SAFETY,NEW_RELATION,QUALITATIVE,火球温度,烧蚀面积
REL_F5F45D88EF9D4F87,true,燃爆载荷-防护性能,UNDIRECTED,PAIR_SAFETY_SAFETY,MATRIX_ONLY,UNKNOWN,燃爆载荷,防护性能
REL_F602B9F7E2CDFFEB,true,特征尺寸-反应数据,UNDIRECTED,PAIR_EQUIPMENT_PROCESS,MATRIX_ONLY,UNKNOWN,特征尺寸,反应数据
REL_F8A5661E6B22B6DE,true,烘干温度-安全性,UNDIRECTED,PAIR_PROCESS_MATERIAL,NEW_RELATION,UNKNOWN,烘干温度,安全性
REL_F9C4257D1190219D,true,破片质量-穿孔直径,UNDIRECTED,PAIR_SAFETY_SAFETY,MATRIX_ONLY,UNKNOWN,破片质量,穿孔直径
REL_FA84002B188E8049,true,热容-放热量,UNDIRECTED,PAIR_MATERIAL_PROCESS,NEW_RELATION,UNKNOWN,热容,放热量
REL_FAFF39A32B9B71AC,true,装药长径比-EFP动能,DIRECTED,PAIR_MATERIAL_SAFETY,NEW_RELATION,TREND,装药长径比,EFP动能
REL_FCD8E5FE4F1F74F7,true,反应温度-粒度,UNDIRECTED,PAIR_PROCESS_MATERIAL,NEW_RELATION,QUALITATIVE,反应温度,粒度
REL_FD046547965FB259,true,反应数据-释能性,UNDIRECTED,PAIR_PROCESS_MATERIAL,MATRIX_ONLY,UNKNOWN,反应数据,释能性
REL_FD0E6615669A174D,true,药型罩角度/厚度-EFP速度,DIRECTED,PAIR_MATERIAL_SAFETY,NEW_RELATION,FUNCTION,厚度/药型罩角度,EFP速度
REL_FF834F2B24795B41,true,颗粒分布-爆热,UNDIRECTED,PAIR_PROCESS_MATERIAL,NEW_RELATION,QUALITATIVE,颗粒分布,爆热
REL_FF9373B80BCA8C67,true,湿含量-火焰感度,UNDIRECTED,PAIR_MATERIAL_MATERIAL,NEW_RELATION,UNKNOWN,湿含量,火焰感度
