cell_id,column_dimension,column_index,column_parameter,evidence_status,marker,row_dimension,row_index,row_parameter
CELL_SAFETY_TABLE_1-1_R3_C5,安全防护,5,燃爆载荷,documented,blue,物料,3,理化性质
CELL_SAFETY_TABLE_1-1_R4_C5,安全防护,5,燃爆载荷,documented,blue,物料,4,产品结构
CELL_SAFETY_TABLE_1-1_R5_C3,物料,3,理化性质,documented,blue,安全防护,5,燃爆载荷
CELL_SAFETY_TABLE_1-1_R5_C4,物料,4,产品结构,documented,blue,安全防护,5,燃爆载荷
CELL_SAFETY_TABLE_1-1_R5_C7,安全防护,7,防护性能,documented,blue,安全防护,5,燃爆载荷
CELL_SAFETY_TABLE_1-1_R6_C7,安全防护,7,防护性能,documented,blue,安全防护,6,防护结构
CELL_SAFETY_TABLE_1-1_R7_C5,安全防护,5,燃爆载荷,documented,blue,安全防护,7,防护性能
CELL_SAFETY_TABLE_1-1_R7_C6,安全防护,6,防护结构,documented,blue,安全防护,7,防护性能
CELL_SAFETY_TABLE_2-1_R10_C7,安全防护,7,破片初速,documented,blue,物料,10,装填比
CELL_SAFETY_TABLE_2-1_R10_C8,安全防护,8,破片质量分布,documented,blue,物料,10,装填比
CELL_SAFETY_TABLE_2-1_R10_C9,安全防护,9,破片数量,documented,blue,物料,10,装填比
CELL_SAFETY_TABLE_2-1_R11_C10,安全防护,10,射流/EFP速度,documented,blue,物料,11,药型罩参数
CELL_SAFETY_TABLE_2-1_R12_C11,安全防护,11,火球温度,empirical,star,物料,12,产品数量
CELL_SAFETY_TABLE_2-1_R12_C12,安全防护,12,火球直径,empirical,star,物料,12,产品数量
CELL_SAFETY_TABLE_2-1_R12_C13,安全防护,13,火球持续时间,empirical,star,物料,12,产品数量
CELL_SAFETY_TABLE_2-1_R12_C3,安全防护,3,冲击波超压,empirical,star,物料,12,产品数量
CELL_SAFETY_TABLE_2-1_R12_C4,安全防护,4,正压作用时间,empirical,star,物料,12,产品数量
CELL_SAFETY_TABLE_2-1_R12_C5,安全防护,5,比冲量,empirical,star,物料,12,产品数量
CELL_SAFETY_TABLE_2-1_R12_C6,安全防护,6,TNT当量,empirical,star,物料,12,产品数量
CELL_SAFETY_TABLE_2-1_R12_C9,安全防护,9,破片数量,empirical,star,物料,12,产品数量
CELL_SAFETY_TABLE_2-1_R13_C10,安全防护,10,射流/EFP速度,empirical,star,物料,13,堆垛方式
CELL_SAFETY_TABLE_2-1_R13_C3,安全防护,3,冲击波超压,empirical,star,物料,13,堆垛方式
CELL_SAFETY_TABLE_2-1_R13_C4,安全防护,4,正压作用时间,empirical,star,物料,13,堆垛方式
CELL_SAFETY_TABLE_2-1_R13_C5,安全防护,5,比冲量,empirical,star,物料,13,堆垛方式
CELL_SAFETY_TABLE_2-1_R13_C6,安全防护,6,TNT当量,empirical,star,物料,13,堆垛方式
CELL_SAFETY_TABLE_2-1_R13_C8,安全防护,8,破片质量分布,empirical,star,物料,13,堆垛方式
CELL_SAFETY_TABLE_2-1_R13_C9,安全防护,9,破片数量,empirical,star,物料,13,堆垛方式
CELL_SAFETY_TABLE_2-1_R14_C11,安全防护,11,火球温度,empirical,star,物料,14,产品包装
CELL_SAFETY_TABLE_2-1_R14_C12,安全防护,12,火球直径,empirical,star,物料,14,产品包装
CELL_SAFETY_TABLE_2-1_R14_C13,安全防护,13,火球持续时间,empirical,star,物料,14,产品包装
CELL_SAFETY_TABLE_2-1_R14_C3,安全防护,3,冲击波超压,empirical,star,物料,14,产品包装
CELL_SAFETY_TABLE_2-1_R14_C4,安全防护,4,正压作用时间,empirical,star,物料,14,产品包装
CELL_SAFETY_TABLE_2-1_R14_C5,安全防护,5,比冲量,empirical,star,物料,14,产品包装
CELL_SAFETY_TABLE_2-1_R14_C6,安全防护,6,TNT当量,empirical,star,物料,14,产品包装
CELL_SAFETY_TABLE_2-1_R14_C7,安全防护,7,破片初速,empirical,star,物料,14,产品包装
CELL_SAFETY_TABLE_2-1_R3_C3,安全防护,3,冲击波超压,documented,blue,物料,3,比例爆距
CELL_SAFETY_TABLE_2-1_R3_C4,安全防护,4,正压作用时间,documented,blue,物料,3,比例爆距
CELL_SAFETY_TABLE_2-1_R3_C5,安全防护,5,比冲量,documented,blue,物料,3,比例爆距
CELL_SAFETY_TABLE_2-1_R4_C10,安全防护,10,射流/EFP速度,documented,blue,物料,4,爆速
CELL_SAFETY_TABLE_2-1_R4_C7,安全防护,7,破片初速,documented,blue,物料,4,爆速
CELL_SAFETY_TABLE_2-1_R5_C11,安全防护,11,火球温度,documented,blue,物料,5,爆热
CELL_SAFETY_TABLE_2-1_R5_C12,安全防护,12,火球直径,documented,blue,物料,5,爆热
CELL_SAFETY_TABLE_2-1_R5_C13,安全防护,13,火球持续时间,documented,blue,物料,5,爆热
CELL_SAFETY_TABLE_2-1_R5_C4,安全防护,4,正压作用时间,documented,blue,物料,5,爆热
CELL_SAFETY_TABLE_2-1_R5_C5,安全防护,5,比冲量,documented,blue,物料,5,爆热
CELL_SAFETY_TABLE_2-1_R5_C6,安全防护,6,TNT当量,documented,blue,物料,5,爆热
CELL_SAFETY_TABLE_2-1_R6_C7,安全防护,7,破片初速,documented,blue,物料,6,爆容
CELL_SAFETY_TABLE_2-1_R7_C6,安全防护,6,TNT当量,documented,blue,物料,7,爆压
CELL_SAFETY_TABLE_2-1_R7_C7,安全防护,7,破片初速,documented,blue,物料,7,爆压
CELL_SAFETY_TABLE_2-1_R8_C3,安全防护,3,冲击波超压,documented,blue,物料,8,密度
CELL_SAFETY_TABLE_2-1_R8_C4,安全防护,4,正压作用时间,documented,blue,物料,8,密度
CELL_SAFETY_TABLE_2-1_R8_C5,安全防护,5,比冲量,documented,blue,物料,8,密度
CELL_SAFETY_TABLE_2-1_R9_C11,安全防护,11,火球温度,documented,blue,物料,9,装药质量
CELL_SAFETY_TABLE_2-1_R9_C12,安全防护,12,火球直径,documented,blue,物料,9,装药质量
CELL_SAFETY_TABLE_2-1_R9_C13,安全防护,13,火球持续时间,documented,blue,物料,9,装药质量
CELL_SAFETY_TABLE_2-1_R9_C7,安全防护,7,破片初速,documented,blue,物料,9,装药质量
CELL_SAFETY_TABLE_3-1_T13_R10_C3,安全防护,3,侵彻深度,documented,blue,安全防护,10,靶板强度
CELL_SAFETY_TABLE_3-1_T13_R10_C6,安全防护,6,极限穿透速度,documented,blue,安全防护,10,靶板强度
CELL_SAFETY_TABLE_3-1_T13_R10_C7,安全防护,7,剩余动能,documented,blue,安全防护,10,靶板强度
CELL_SAFETY_TABLE_3-1_T13_R10_C8,安全防护,8,靶后超压,documented,blue,安全防护,10,靶板强度
CELL_SAFETY_TABLE_3-1_T13_R11_C3,安全防护,3,侵彻深度,documented,blue,安全防护,11,射流参数
CELL_SAFETY_TABLE_3-1_T13_R11_C5,安全防护,5,孔容积,documented,blue,安全防护,11,射流参数
CELL_SAFETY_TABLE_3-1_T13_R11_C7,安全防护,7,剩余动能,documented,blue,安全防护,11,射流参数
CELL_SAFETY_TABLE_3-1_T13_R11_C8,安全防护,8,靶后超压,documented,blue,安全防护,11,射流参数
CELL_SAFETY_TABLE_3-1_T13_R12_C3,安全防护,3,侵彻深度,documented,blue,安全防护,12,EFP参数
CELL_SAFETY_TABLE_3-1_T13_R12_C5,安全防护,5,孔容积,documented,blue,安全防护,12,EFP参数
CELL_SAFETY_TABLE_3-1_T13_R12_C7,安全防护,7,剩余动能,documented,blue,安全防护,12,EFP参数
CELL_SAFETY_TABLE_3-1_T13_R13_C3,安全防护,3,侵彻深度,documented,blue,安全防护,13,毁伤元活性
CELL_SAFETY_TABLE_3-1_T13_R13_C4,安全防护,4,穿孔直径,documented,blue,安全防护,13,毁伤元活性
CELL_SAFETY_TABLE_3-1_T13_R13_C7,安全防护,7,剩余动能,documented,blue,安全防护,13,毁伤元活性
CELL_SAFETY_TABLE_3-1_T13_R14_C11,安全防护,11,烧蚀面积,documented,blue,安全防护,14,火球温度
CELL_SAFETY_TABLE_3-1_T13_R15_C10,安全防护,10,崩落程度,documented,blue,安全防护,15,间隔距离
CELL_SAFETY_TABLE_3-1_T13_R15_C11,安全防护,11,烧蚀面积,documented,blue,安全防护,15,间隔距离
CELL_SAFETY_TABLE_3-1_T13_R15_C9,安全防护,9,最大挠度,documented,blue,安全防护,15,间隔距离
CELL_SAFETY_TABLE_3-1_T13_R3_C10,安全防护,10,崩落程度,documented,blue,安全防护,3,冲击波超压
CELL_SAFETY_TABLE_3-1_T13_R3_C9,安全防护,9,最大挠度,documented,blue,安全防护,3,冲击波超压
CELL_SAFETY_TABLE_3-1_T13_R4_C3,安全防护,3,侵彻深度,documented,blue,安全防护,4,破片着速
CELL_SAFETY_TABLE_3-1_T13_R4_C4,安全防护,4,穿孔直径,documented,blue,安全防护,4,破片着速
CELL_SAFETY_TABLE_3-1_T13_R4_C6,安全防护,6,极限穿透速度,documented,blue,安全防护,4,破片着速
CELL_SAFETY_TABLE_3-1_T13_R4_C7,安全防护,7,剩余动能,documented,blue,安全防护,4,破片着速
CELL_SAFETY_TABLE_3-1_T13_R5_C3,安全防护,3,侵彻深度,documented,blue,安全防护,5,破片直径
CELL_SAFETY_TABLE_3-1_T13_R5_C4,安全防护,4,穿孔直径,documented,blue,安全防护,5,破片直径
CELL_SAFETY_TABLE_3-1_T13_R5_C6,安全防护,6,极限穿透速度,documented,blue,安全防护,5,破片直径
CELL_SAFETY_TABLE_3-1_T13_R5_C7,安全防护,7,剩余动能,documented,blue,安全防护,5,破片直径
CELL_SAFETY_TABLE_3-1_T13_R6_C3,安全防护,3,侵彻深度,documented,blue,安全防护,6,破片质量
CELL_SAFETY_TABLE_3-1_T13_R6_C4,安全防护,4,穿孔直径,documented,blue,安全防护,6,破片质量
CELL_SAFETY_TABLE_3-1_T13_R6_C6,安全防护,6,极限穿透速度,documented,blue,安全防护,6,破片质量
CELL_SAFETY_TABLE_3-1_T13_R6_C7,安全防护,7,剩余动能,documented,blue,安全防护,6,破片质量
CELL_SAFETY_TABLE_3-1_T13_R7_C3,安全防护,3,侵彻深度,documented,blue,安全防护,7,着角
CELL_SAFETY_TABLE_3-1_T13_R7_C6,安全防护,6,极限穿透速度,documented,blue,安全防护,7,着角
CELL_SAFETY_TABLE_3-1_T13_R7_C7,安全防护,7,剩余动能,documented,blue,安全防护,7,着角
CELL_SAFETY_TABLE_3-1_T13_R8_C3,安全防护,3,侵彻深度,documented,blue,安全防护,8,攻角
CELL_SAFETY_TABLE_3-1_T13_R8_C6,安全防护,6,极限穿透速度,documented,blue,安全防护,8,攻角
CELL_SAFETY_TABLE_3-1_T13_R8_C7,安全防护,7,剩余动能,documented,blue,安全防护,8,攻角
CELL_SAFETY_TABLE_3-1_T13_R9_C3,安全防护,3,侵彻深度,documented,blue,安全防护,9,靶板厚度
CELL_SAFETY_TABLE_3-1_T13_R9_C6,安全防护,6,极限穿透速度,documented,blue,安全防护,9,靶板厚度
CELL_SAFETY_TABLE_3-1_T13_R9_C7,安全防护,7,剩余动能,documented,blue,安全防护,9,靶板厚度
CELL_SAFETY_TABLE_3-1_T13_R9_C8,安全防护,8,靶后超压,documented,blue,安全防护,9,靶板厚度
CELL_SDF_TABLE_15_R10_C14,物料,14,湿含量,documented,blue,工艺,10,过滤速度
CELL_SDF_TABLE_15_R11_C14,物料,14,湿含量,documented,blue,工艺,11,过滤压力
CELL_SDF_TABLE_15_R12_C11,物料,11,安定性,empirical,star,工艺,12,烘干温度
CELL_SDF_TABLE_15_R12_C14,物料,14,湿含量,documented,blue,工艺,12,烘干温度
CELL_SDF_TABLE_15_R12_C15,物料,15,安全性,empirical,star,工艺,12,烘干温度
CELL_SDF_TABLE_15_R12_C7,物料,7,热感度,empirical,star,工艺,12,烘干温度
CELL_SDF_TABLE_15_R13_C11,物料,11,安定性,empirical,star,工艺,13,烘干时间
CELL_SDF_TABLE_15_R13_C14,物料,14,湿含量,documented,blue,工艺,13,烘干时间
CELL_SDF_TABLE_15_R13_C16,物料,16,密度,empirical,star,工艺,13,烘干时间
CELL_SDF_TABLE_15_R14_C14,物料,14,湿含量,documented,blue,工艺,14,升温速率
CELL_SDF_TABLE_15_R15_C15,物料,15,安全性,documented,blue,工艺,15,包装量
CELL_SDF_TABLE_15_R15_C3,物料,3,吸湿性,documented,blue,工艺,15,包装量
CELL_SDF_TABLE_15_R16_C10,物料,10,爆温,documented,blue,工艺,16,颗粒分布
CELL_SDF_TABLE_15_R16_C15,物料,15,安全性,empirical,star,工艺,16,颗粒分布
CELL_SDF_TABLE_15_R16_C16,物料,16,密度,documented,blue,工艺,16,颗粒分布
CELL_SDF_TABLE_15_R16_C4,物料,4,火焰感度,documented,blue,工艺,16,颗粒分布
CELL_SDF_TABLE_15_R16_C5,物料,5,静电感度,documented,blue,工艺,16,颗粒分布
CELL_SDF_TABLE_15_R16_C6,物料,6,机械感度,documented,blue,工艺,16,颗粒分布
CELL_SDF_TABLE_15_R16_C7,物料,7,热感度,documented,blue,工艺,16,颗粒分布
CELL_SDF_TABLE_15_R16_C8,物料,8,爆热,documented,blue,工艺,16,颗粒分布
CELL_SDF_TABLE_15_R16_C9,物料,9,爆压,documented,blue,工艺,16,颗粒分布
CELL_SDF_TABLE_15_R17_C12,物料,12,粒度,documented,blue,工艺,17,配料组成
CELL_SDF_TABLE_15_R17_C13,物料,13,晶形,documented,blue,工艺,17,配料组成
CELL_SDF_TABLE_15_R17_C17,物料,17,纯度,documented,blue,工艺,17,配料组成
CELL_SDF_TABLE_15_R3_C10,物料,10,爆温,empirical,star,物料,3,湿含量
CELL_SDF_TABLE_15_R3_C11,物料,11,安定性,documented,blue,物料,3,湿含量
CELL_SDF_TABLE_15_R3_C15,物料,15,安全性,empirical,star,物料,3,湿含量
CELL_SDF_TABLE_15_R3_C3,物料,3,吸湿性,documented,blue,物料,3,湿含量
CELL_SDF_TABLE_15_R3_C4,物料,4,火焰感度,empirical,star,物料,3,湿含量
CELL_SDF_TABLE_15_R3_C7,物料,7,热感度,empirical,star,物料,3,湿含量
CELL_SDF_TABLE_15_R3_C8,物料,8,爆热,empirical,star,物料,3,湿含量
CELL_SDF_TABLE_15_R4_C10,物料,10,爆温,documented,blue,物料,4,晶形
CELL_SDF_TABLE_15_R4_C11,物料,11,安定性,empirical,star,物料,4,晶形
CELL_SDF_TABLE_15_R4_C15,物料,15,安全性,empirical,star,物料,4,晶形
CELL_SDF_TABLE_15_R4_C4,物料,4,火焰感度,documented,blue,物料,4,晶形
CELL_SDF_TABLE_15_R4_C5,物料,5,静电感度,documented,blue,物料,4,晶形
CELL_SDF_TABLE_15_R4_C6,物料,6,机械感度,documented,blue,物料,4,晶形
CELL_SDF_TABLE_15_R4_C7,物料,7,热感度,documented,blue,物料,4,晶形
CELL_SDF_TABLE_15_R4_C8,物料,8,爆热,documented,blue,物料,4,晶形
CELL_SDF_TABLE_15_R4_C9,物料,9,爆压,documented,blue,物料,4,晶形
CELL_SDF_TABLE_15_R5_C11,物料,11,安定性,documented,blue,工艺,5,盐雾环境
CELL_SDF_TABLE_15_R6_C12,物料,12,粒度,documented,blue,工艺,6,反应温度
CELL_SDF_TABLE_15_R6_C13,物料,13,晶形,documented,blue,工艺,6,反应温度
CELL_SDF_TABLE_15_R7_C12,物料,12,粒度,documented,blue,工艺,7,反应时间
CELL_SDF_TABLE_15_R7_C13,物料,13,晶形,documented,blue,工艺,7,反应时间
CELL_SDF_TABLE_15_R7_C16,物料,16,密度,empirical,star,工艺,7,反应时间
CELL_SDF_TABLE_15_R7_C17,物料,17,纯度,empirical,star,工艺,7,反应时间
CELL_SDF_TABLE_15_R8_C11,物料,11,安定性,empirical,star,工艺,8,反应pH
CELL_SDF_TABLE_15_R8_C12,物料,12,粒度,documented,blue,工艺,8,反应pH
CELL_SDF_TABLE_15_R8_C13,物料,13,晶形,documented,blue,工艺,8,反应pH
CELL_SDF_TABLE_15_R8_C17,物料,17,纯度,empirical,star,工艺,8,反应pH
CELL_SDF_TABLE_15_R9_C14,物料,14,湿含量,documented,blue,工艺,9,过滤时间
CELL_SDF_TABLE_1_R10_C10,设备,10,设计条件,documented,blue,设备,10,设计条件
CELL_SDF_TABLE_1_R10_C11,工艺,11,操作条件,documented,blue,设备,10,设计条件
CELL_SDF_TABLE_1_R10_C3,物料,3,理化性质,documented,blue,设备,10,设计条件
CELL_SDF_TABLE_1_R10_C4,物料,4,感度,documented,blue,设备,10,设计条件
CELL_SDF_TABLE_1_R10_C9,设备,9,换热尺寸,documented,blue,设备,10,设计条件
CELL_SDF_TABLE_1_R11_C10,设备,10,设计条件,documented,blue,工艺,11,操作条件
CELL_SDF_TABLE_1_R11_C11,工艺,11,操作条件,documented,blue,工艺,11,操作条件
CELL_SDF_TABLE_1_R11_C12,工艺,12,速率参数,documented,blue,工艺,11,操作条件
CELL_SDF_TABLE_1_R11_C14,工艺,14,反应数据,documented,blue,工艺,11,操作条件
CELL_SDF_TABLE_1_R11_C3,物料,3,理化性质,documented,blue,工艺,11,操作条件
CELL_SDF_TABLE_1_R11_C7,设备,7,型式,documented,blue,工艺,11,操作条件
CELL_SDF_TABLE_1_R11_C8,设备,8,特征尺寸,documented,blue,工艺,11,操作条件
CELL_SDF_TABLE_1_R11_C9,设备,9,换热尺寸,documented,blue,工艺,11,操作条件
CELL_SDF_TABLE_1_R12_C11,工艺,11,操作条件,documented,blue,工艺,12,速率参数
CELL_SDF_TABLE_1_R14_C11,工艺,11,操作条件,documented,blue,工艺,14,反应数据
CELL_SDF_TABLE_1_R14_C3,物料,3,理化性质,documented,blue,工艺,14,反应数据
CELL_SDF_TABLE_1_R14_C4,物料,4,感度,documented,blue,工艺,14,反应数据
CELL_SDF_TABLE_1_R14_C5,物料,5,释能性,documented,blue,工艺,14,反应数据
CELL_SDF_TABLE_1_R14_C8,设备,8,特征尺寸,documented,blue,工艺,14,反应数据
CELL_SDF_TABLE_1_R3_C10,设备,10,设计条件,documented,blue,物料,3,理化性质
CELL_SDF_TABLE_1_R3_C11,工艺,11,操作条件,documented,blue,物料,3,理化性质
CELL_SDF_TABLE_1_R3_C14,工艺,14,反应数据,documented,blue,物料,3,理化性质
CELL_SDF_TABLE_1_R3_C3,物料,3,理化性质,documented,blue,物料,3,理化性质
CELL_SDF_TABLE_1_R3_C4,物料,4,感度,documented,blue,物料,3,理化性质
CELL_SDF_TABLE_1_R3_C5,物料,5,释能性,documented,blue,物料,3,理化性质
CELL_SDF_TABLE_1_R3_C6,物料,6,安定性,documented,blue,物料,3,理化性质
CELL_SDF_TABLE_1_R3_C7,设备,7,型式,documented,blue,物料,3,理化性质
CELL_SDF_TABLE_1_R3_C9,设备,9,换热尺寸,documented,blue,物料,3,理化性质
CELL_SDF_TABLE_1_R4_C10,设备,10,设计条件,documented,blue,物料,4,感度
CELL_SDF_TABLE_1_R4_C14,工艺,14,反应数据,documented,blue,物料,4,感度
CELL_SDF_TABLE_1_R4_C3,物料,3,理化性质,documented,blue,物料,4,感度
CELL_SDF_TABLE_1_R5_C14,工艺,14,反应数据,documented,blue,物料,5,释能性
CELL_SDF_TABLE_1_R5_C3,物料,3,理化性质,documented,blue,物料,5,释能性
CELL_SDF_TABLE_1_R6_C3,物料,3,理化性质,documented,blue,物料,6,安定性
CELL_SDF_TABLE_1_R7_C11,工艺,11,操作条件,documented,blue,设备,7,型式
CELL_SDF_TABLE_1_R7_C3,物料,3,理化性质,documented,blue,设备,7,型式
CELL_SDF_TABLE_1_R8_C11,工艺,11,操作条件,documented,blue,设备,8,特征尺寸
CELL_SDF_TABLE_1_R8_C14,工艺,14,反应数据,documented,blue,设备,8,特征尺寸
CELL_SDF_TABLE_1_R8_C8,设备,8,特征尺寸,documented,blue,设备,8,特征尺寸
CELL_SDF_TABLE_1_R8_C9,设备,9,换热尺寸,documented,blue,设备,8,特征尺寸
CELL_SDF_TABLE_1_R9_C10,设备,10,设计条件,documented,blue,设备,9,换热尺寸
CELL_SDF_TABLE_1_R9_C11,工艺,11,操作条件,documented,blue,设备,9,换热尺寸
CELL_SDF_TABLE_1_R9_C3,物料,3,理化性质,documented,blue,设备,9,换热尺寸
CELL_SDF_TABLE_1_R9_C8,设备,8,特征尺寸,documented,blue,设备,9,换热尺寸
CELL_SDF_TABLE_25_R10_C6,设备,6,包装材料,documented,blue,物料,10,静电感度
CELL_SDF_TABLE_25_R11_C6,设备,6,包装材料,documented,blue,物料,11,机械感度
CELL_SDF_TABLE_25_R12_C6,设备,6,包装材料,documented,blue,物料,12,热感度
CELL_SDF_TABLE_25_R13_C6,设备,6,包装材料,documented,blue,物料,13,静电积累
CELL_SDF_TABLE_25_R14_C7,设备,7,反应釜内径,documented,blue,设备,14,反应釜高度
CELL_SDF_TABLE_25_R15_C8,设备,8,夹套直径,documented,blue,设备,15,筒体直径
CELL_SDF_TABLE_25_R15_C9,设备,9,盘管内径/管间隙/长度,documented,blue,设备,15,筒体直径
CELL_SDF_TABLE_25_R16_C10,设备,10,夹套高度,documented,blue,设备,16,换热面积
CELL_SDF_TABLE_25_R16_C11,设备,11,换热形式,documented,blue,设备,16,换热面积
CELL_SDF_TABLE_25_R17_C12,设备,12,安全阀起跳压力,documented,blue,设备,17,设备设计压力
CELL_SDF_TABLE_25_R18_C13,设备,13,过滤器型式,documented,blue,工艺,18,处理量
CELL_SDF_TABLE_25_R18_C14,设备,14,螺旋盘管直径,documented,blue,工艺,18,处理量
CELL_SDF_TABLE_25_R19_C11,设备,11,换热形式,empirical,star,工艺,19,撤热介质及用量
CELL_SDF_TABLE_25_R19_C5,设备,5,换热面积,documented,blue,工艺,19,撤热介质及用量
CELL_SDF_TABLE_25_R3_C3,设备,3,设备材质,documented,blue,物料,3,腐蚀性
CELL_SDF_TABLE_25_R4_C4,设备,4,搅拌桨型式,documented,blue,物料,4,黏度
CELL_SDF_TABLE_25_R5_C11,设备,11,换热形式,empirical,star,物料,5,生成焓
CELL_SDF_TABLE_25_R5_C5,设备,5,换热面积,documented,blue,物料,5,生成焓
CELL_SDF_TABLE_25_R6_C11,设备,11,换热形式,empirical,star,物料,6,比热
CELL_SDF_TABLE_25_R6_C5,设备,5,换热面积,documented,blue,物料,6,比热
CELL_SDF_TABLE_25_R7_C11,设备,11,换热形式,empirical,star,物料,7,导热系数
CELL_SDF_TABLE_25_R7_C5,设备,5,换热面积,documented,blue,物料,7,导热系数
CELL_SDF_TABLE_25_R8_C6,设备,6,包装材料,documented,blue,物料,8,吸湿性
CELL_SDF_TABLE_25_R9_C6,设备,6,包装材料,documented,blue,物料,9,火焰感度
CELL_SDF_TABLE_31_R10_C6,工艺,6,过滤时间,documented,blue,工艺,10,处理量
CELL_SDF_TABLE_31_R10_C7,工艺,7,过滤压力,documented,blue,工艺,10,处理量
CELL_SDF_TABLE_31_R10_C8,工艺,8,过滤速度,documented,blue,工艺,10,处理量
CELL_SDF_TABLE_31_R11_C12,工艺,12,颗粒分布,documented,blue,工艺,11,筛分方式
CELL_SDF_TABLE_31_R11_C9,工艺,9,筛分效率,documented,blue,工艺,11,筛分方式
CELL_SDF_TABLE_31_R12_C12,工艺,12,颗粒分布,documented,blue,工艺,12,振动频率
CELL_SDF_TABLE_31_R12_C9,工艺,9,筛分效率,documented,blue,工艺,12,振动频率
CELL_SDF_TABLE_31_R13_C10,工艺,10,产物组成,documented,blue,工艺,13,反应温度
CELL_SDF_TABLE_31_R13_C4,工艺,4,反应转化率,empirical,star,工艺,13,反应温度
CELL_SDF_TABLE_31_R14_C10,工艺,10,产物组成,documented,blue,工艺,14,反应pH
CELL_SDF_TABLE_31_R14_C4,工艺,4,反应转化率,empirical,star,工艺,14,反应pH
CELL_SDF_TABLE_31_R15_C10,工艺,10,产物组成,documented,blue,工艺,15,搅拌速率
CELL_SDF_TABLE_31_R15_C4,工艺,4,反应转化率,empirical,star,工艺,15,搅拌速率
CELL_SDF_TABLE_31_R16_C10,工艺,10,产物组成,documented,blue,工艺,16,撤热介质及用量
CELL_SDF_TABLE_31_R17_C13,工艺,13,包装质量,documented,blue,工艺,17,包装量
CELL_SDF_TABLE_31_R3_C11,工艺,11,放热量,empirical,star,物料,3,热容
CELL_SDF_TABLE_31_R3_C3,工艺,3,温度,documented,blue,物料,3,热容
CELL_SDF_TABLE_31_R3_C5,工艺,5,撤热介质及用量,empirical,star,物料,3,热容
CELL_SDF_TABLE_31_R4_C10,工艺,10,产物组成,empirical,star,物料,4,密度
CELL_SDF_TABLE_31_R4_C12,工艺,12,颗粒分布,empirical,star,物料,4,密度
CELL_SDF_TABLE_31_R4_C3,工艺,3,温度,documented,blue,物料,4,密度
CELL_SDF_TABLE_31_R5_C3,工艺,3,温度,documented,blue,物料,5,粘度
CELL_SDF_TABLE_31_R6_C3,工艺,3,温度,documented,blue,物料,6,溶解度
CELL_SDF_TABLE_31_R6_C6,工艺,6,过滤时间,empirical,star,物料,6,溶解度
CELL_SDF_TABLE_31_R7_C3,工艺,3,温度,documented,blue,物料,7,蒸汽压
CELL_SDF_TABLE_31_R7_C7,工艺,7,过滤压力,empirical,star,物料,7,蒸汽压
CELL_SDF_TABLE_31_R8_C4,工艺,4,反应转化率,documented,blue,设备,8,反应器容积
CELL_SDF_TABLE_31_R9_C10,工艺,10,产物组成,documented,blue,工艺,9,反应时间
CELL_SDF_TABLE_31_R9_C11,工艺,11,放热量,documented,blue,工艺,9,反应时间
CELL_SDF_TABLE_31_R9_C4,工艺,4,反应转化率,empirical,star,工艺,9,反应时间
CELL_SDF_TABLE_31_R9_C5,工艺,5,撤热介质及用量,documented,blue,工艺,9,反应时间
