method_id,active,applicable_system,description,method_order,name,source_hash
SAFETY_METHOD_2_11_01,true,,,1,炸药在无限空气介质中爆炸,e2ebef3fb5169a92
SAFETY_METHOD_2_11_02,true,,,2,装药在地面上爆炸,4ac9f3d2c3621268
SAFETY_METHOD_2_11_03,true,,,3,装药在管道（坑道）内爆炸,0236f8e3147fe91f
SAFETY_METHOD_2_11_04,true,,,4,装药在高空中爆炸,fd63beb34cf6bee7
SAFETY_METHOD_2_11_05,true,,,5,长径比很大的圆柱形装药爆炸,c2cb3f78945eb956
SAFETY_METHOD_2_11_06,true,,,6,带壳装药当量转化,c198d3919f029922
SAFETY_METHOD_2_11_07,true,,,7,运动装药当量转化,0f45ec2adeecc548
SAFETY_METHOD_2_1_01,true,,,1,经验公式,021284e5e40572b6
SAFETY_METHOD_2_1_02,true,,,2,Henrych公式,acd161e38a66cc1e
SAFETY_METHOD_2_21_01,true,,"（1）带壳装药
输入参量：爆速D、装药质量C、壳体质量M、格尼能E
输出参量：破片初速v0
逻辑关联形式：函数关联
来源：[1]王树山. 终点效应学[M]. 2版. 北京: 科学出版社, 2019.
[2] Gurney RW. The initial velocities of fragments from bombs, shells and grenades. Report No 405. Aberdeen Proving Ground. Maryland: Ballistic Research Lab1943:ATI36218.
在文献[1][2]中，参量爆速D、装药质量C、壳体质量M、格尼能E与参量破片初速v0的逻辑关系论述如下：
适用体系：无限长圆柱形壳体
（2.58）
（2.59）
（2.60）
适用体系：球形壳体
（2.61）
适用体系：平面壳体
（2.62）
式中：：格尼常数，km/s；
C：装药质量，kg；
M：壳体质量，kg；
β：装填比，无量纲；
D：炸药爆速，km/s；
v0：破片初速，km/s；
（2）带惰性芯体装药
输入参量：装填比β、壳体内半径εf、壳体破碎瞬间芯体半径rf、格尼能E
输出参量：破片初速v0
逻辑关联形式：函数关联
来源：[1]王树山. 终点效应学[M]. 2版. 北京: 科学出版社, 2019.
在文献[1]中，参量装填比β、壳体内半径εf、壳体破碎瞬间的芯体半径rf、格尼能E与参量破片初速v0的逻辑关系论述如下：
适用体系：带有惰性芯体的圆柱形壳体
（2.63）
（2.64）
适用体系：带有惰性芯体的球形壳体
（2.65）
（2.66）
式中：：格尼常数，km/s；
β：装填比，无量纲；
rf：壳体破碎瞬间的芯体半径，m；
εf：壳体内半径，m；
v0：破片初速，km/s；
（3）偏心起爆带壳装药
输入参量：装填比β、格尼能E
输出参量：破片初速v0
逻辑关联形式：函数关联
适用体系：偏心起爆
来源：[1] 冯顺山,蒋建伟,何顺录,et. al. 偏轴心起爆破片初速径向分布规律研究[J]. 兵工学报, 1993, 增刊:12–16.
[2] M. Held. Velocity enhanced warheads[J]. Journal of explosives and propellants R.O.C.(Taiwan), 2001, 17:1–12.
在文献[1]中，参量装填比β、格尼能E与参量破片初速v0的逻辑关系论述如下：
（2.67）
在文献[2]中，参量装填比β、格尼能E与参量破片初速v0的逻辑关系论述如下：
（2.68）
（2.69）
（2.70）
式中：：格尼常数，km/s；
β：装填比，无量纲；
v0：破片初速，km/s；
A：系数，一般取1.25，无量纲；
（4）端部修正
输入参量：装填比β、爆速D、格尼能E
输出参量：破片初速v0
逻辑关联形式：函数关联
适用体系：考虑端部稀疏波效应
来源：[1] Hennequin E. Influence on the edge effects on the initial velocity of fragments from a warhead[C]. Pro-ceeding of the 9th International Symposium on Ballis-tics. Shrivenhan: Roral Military College ofScience,1986.
在文献[1]中，参量装填比β、炸药爆速vd、装药半径R、壳体初始半径r0、壳体破碎时的半径r、格尼能E与参量破片初速v0的逻辑关系论述如下：
（2.71）
（2.72）
（2.73）
（2.74）
（2.75）
式中：：格尼常数，km/s；
β：装填比，无量纲；
vd：炸药的爆速，km/s;
R：装药半径，m；
r0：壳体的初始半径，m；
r：壳体破碎时的半径，m；
F(x)：装填比修正系数，无量纲；
v0：破片初速，km/s。",1,自然壳体杀伤战斗部,2131adc7b5c63aa3
SAFETY_METHOD_2_21_02,true,,"输入参量：装填比β、格尼能E
输出参量：破片初速v0
逻辑关联形式：函数关联
适用体系：圆柱形装药结构预控破片
来源：[1] 王树山. 终点效应学[M]. 2版. 北京: 科学出版社, 2019.
在文献[1]中，参量装填比β、格尼能E与参量破片初速v0的逻辑关系论述如下：
（2.76）
式中：：格尼常数，km/s；
β：装填比，无量纲；
v0：破片初速，km/s；
预控壳体杀伤战斗部处在预制破片与自然壳体之间，其速度一般要比全预制战斗部要高10%~15%。",2,预控壳体杀伤战斗部,d7ceb9399ad42b4b
SAFETY_METHOD_2_21_03,true,,"输入参量：装填比β、格尼能E
输出参量：破片初速v0
逻辑关联形式：函数关联
适用体系：圆柱形装药结构预制破片
来源：[1] 王树山. 终点效应学[M]. 2版. 北京: 科学出版社, 2019.
在文献[1]中，参量装填比β、格尼能E与参量破片初速v0的逻辑关系论述如下：
（2.77）
式中：：格尼常数，km/s；
β：装填比，无量纲；
v0：破片初速，km/s；
预制破片初速约为整体壳体破片初速的87%。需要指出，该计算值比实际值要大，因理论推导未考虑爆轰产物从预制破片间隙飞散出去。",3,预制破片杀伤战斗部,47c13b5e1f21f761
SAFETY_METHOD_2_22_01,true,,,1,一端起爆圆柱装药,17baca478f0d906f
SAFETY_METHOD_2_22_02,true,,,2,中心起爆圆柱装药,92e1001a4f9f0342
SAFETY_METHOD_2_23_01,true,,,1,Mott分布,e107ce2c632613ed
SAFETY_METHOD_2_23_02,true,,,2,Held分布,81f346d62ca26443
SAFETY_METHOD_2_24_01,true,,,1,适用体系：钢壳体和TNT装药战斗部,467138a69512fb22
SAFETY_METHOD_2_26_01,true,,,1,楔形药型罩,3fde583f7184cbe4
SAFETY_METHOD_2_26_02,true,,,2,锥形药型罩,f4c28481cda9a001
SAFETY_METHOD_2_29_01,true,,,1,能量守恒与热力学模型,2fab749c29459064
SAFETY_METHOD_2_29_02,true,,,2,Kast平均热容法,4d61e67e324c163a
SAFETY_METHOD_2_29_03,true,,,3,总热焓计算方法,4a5a7bb83aae13c0
SAFETY_METHOD_2_29_04,true,,,4,最小自由能方法,c0d3ea34fcae3812
SAFETY_METHOD_2_2_01,true,,,1,反射超压和反射冲量,528d33008754bb41
SAFETY_METHOD_2_30_01,true,,,1,经验公式,d78e6259831865d9
SAFETY_METHOD_2_30_02,true,,,2,Baker模型,488cce57bdea74da
SAFETY_METHOD_2_31_01,true,,,1,经验公式,d78e6259831865d9
SAFETY_METHOD_2_31_02,true,,,2,Baker模型,488cce57bdea74da
SAFETY_METHOD_2_32_01,true,,,1,Baker模型,32943461d5f4529b
SAFETY_METHOD_2_32_02,true,,,2,Baker改进模型,da5ffe742a52883a
SAFETY_METHOD_2_32_03,true,,,3,火球热辐射后果计算动态模型,3612ad7601fa7163
SAFETY_METHOD_2_32_04,true,,,4,固体火焰模型,0a1941e60c59ae00
SAFETY_METHOD_2_32_05,true,,,5,点源模型,37bfcca4e41bc3a5
SAFETY_METHOD_2_32_06,true,,,6,S. B. Dorofeev方法,1ff4e567d109ce13
SAFETY_METHOD_2_5_01,true,,,1,刚性地面,612ee245cf14a86c
SAFETY_METHOD_2_5_02,true,,,2,非刚性地面,80b88dba3b9107c4
SAFETY_METHOD_2_5_03,true,,,3,斜坡,ef6c2385a08eb10c
SAFETY_METHOD_2_8_01,true,,,1,裸装药无限空气中爆炸,f0720c9a8b0ffdef
SAFETY_METHOD_3_10_01,true,,,1,大炸高EFP侵彻深度,47220e0da210b19b
SAFETY_METHOD_3_10_02,true,,,2,考虑EFP密实度的修正,c475242768870b69
SAFETY_METHOD_3_10_03,true,,,3,Ammann-Whitney公式,da023f4a2e1761ed
SAFETY_METHOD_3_11_01,true,,,1,匀速射流定常侵彻,17bf5a73082a5d23
SAFETY_METHOD_3_11_02,true,,,2,断裂射流定常侵彻,d3872f3ac35d3395
SAFETY_METHOD_3_12_01,true,,,1,射流穿孔半径公式,744e9ccb36d12208
SAFETY_METHOD_3_12_02,true,,,2,Szendrei-Held 扩孔方程,57520c961e00c0ba
SAFETY_METHOD_3_19_01,true,,,1,药型罩材料,e461752353bf0253
SAFETY_METHOD_3_19_02,true,,,2,药型罩形状,8ca30d6029c5e2f2
SAFETY_METHOD_3_19_03,true,,,3,药型罩厚度,1b428ab80330b015
SAFETY_METHOD_3_19_04,true,,,4,战斗部壳体,fad7d5fc93c331b9
SAFETY_METHOD_3_2_01,true,,,1,德马耳公式,2d1d011dc88e8f8a
SAFETY_METHOD_3_2_02,true,,,2,克虏伯公式（Krupp Formula）,9bca9fdabe3be99e
SAFETY_METHOD_3_2_03,true,,,3,方破片公式,06f0b83b01848f4b
SAFETY_METHOD_3_2_04,true,,,4,球破片公式,e53a957d8e78ed61
SAFETY_METHOD_3_2_05,true,,,5,弹道极限计算模型,5a376229a3305b77
SAFETY_METHOD_3_5_01,true,,,1,修正Petry公式,b8f353ec5fa2cd5d
SAFETY_METHOD_3_5_02,true,,,2,别列赞公式,636f779da57f0e24
SAFETY_METHOD_3_5_03,true,,,3,萨布茨基公式,5c57d6f628afbf55
SAFETY_METHOD_3_5_04,true,,,4,ACE公式,823031fbbff0dc77
SAFETY_METHOD_3_5_05,true,,,5,NDRC公式,16ca4185e79ce844
SAFETY_METHOD_3_5_06,true,,,6,Bernard公式,304e20de1074023f
SAFETY_METHOD_3_5_07,true,,,7,Young公式,b6e1a03b3a89b50f
SAFETY_METHOD_3_5_08,true,,,8,BRL公式,1770cf5e3f1ebae7
SAFETY_METHOD_3_5_09,true,,,9,Chang公式,37e9f16b7bf3ffc6
SAFETY_METHOD_3_5_10,true,,,10,Forrestal公式,317809494f971498
