group_id,active,dimension_id,name
PG_EQUIPMENT_2486D2FA61,true,DIM_EQUIPMENT,型式
PG_EQUIPMENT_3BA297C286,true,DIM_EQUIPMENT,设计条件
PG_EQUIPMENT_7CD74A412F,true,DIM_EQUIPMENT,特征尺寸
PG_EQUIPMENT_BE82CD1BB4,true,DIM_EQUIPMENT,换热尺寸
PG_EQUIPMENT_E161143F3E,true,DIM_EQUIPMENT,设备参数
PG_MATERIAL_1B4A34A7DB,true,DIM_MATERIAL,释能性
PG_MATERIAL_573E910C41,true,DIM_MATERIAL,安定性
PG_MATERIAL_6CC6773603,true,DIM_MATERIAL,感度
PG_MATERIAL_B8DB229307,true,DIM_MATERIAL,理化性质
PG_PROCESS_10ADD585EB,true,DIM_PROCESS,速率参数
PG_PROCESS_254F13BD4B,true,DIM_PROCESS,操作条件
PG_PROCESS_C9BC3E3C4A,true,DIM_PROCESS,反应数据
PG_SAFETY_213D0E3400,true,DIM_SAFETY,防护响应
PG_SAFETY_54B89F9012,true,DIM_SAFETY,未分类
PG_SAFETY_681B57E605,true,DIM_SAFETY,热毁伤
PG_SAFETY_7BF29CE5FC,true,DIM_SAFETY,破片毁伤
PG_SAFETY_BFEB1337BC,true,DIM_SAFETY,爆炸载荷
PG_SAFETY_DBCF776871,true,DIM_SAFETY,聚能毁伤
