parameter_id,active,aliases_json,canonical_name,dimension_id,display_name,parameter_group_id,symbol,unit
PARAM_EQUIPMENT_0F2792FE9EAA,true,"[""夹套直径""]",夹套直径,DIM_EQUIPMENT,夹套直径,PG_EQUIPMENT_BE82CD1BB4,,
PARAM_EQUIPMENT_21F98CD3B7DF,true,"[""过滤器型式""]",过滤器型式,DIM_EQUIPMENT,过滤器型式,PG_EQUIPMENT_2486D2FA61,,
PARAM_EQUIPMENT_2486D2FA618D,true,"[""型式""]",型式,DIM_EQUIPMENT,型式,PG_EQUIPMENT_2486D2FA61,,
PARAM_EQUIPMENT_3BA297C2868C,true,"[""设计条件""]",设计条件,DIM_EQUIPMENT,设计条件,PG_EQUIPMENT_3BA297C286,,
PARAM_EQUIPMENT_4AE6CDBCAB9D,true,"[""安全阀起跳压力""]",安全阀起跳压力,DIM_EQUIPMENT,安全阀起跳压力,PG_EQUIPMENT_3BA297C286,,
PARAM_EQUIPMENT_4C634730A40C,true,"[""反应釜高度""]",反应釜高度,DIM_EQUIPMENT,反应釜高度,PG_EQUIPMENT_7CD74A412F,,
PARAM_EQUIPMENT_7CD74A412F5E,true,"[""特征尺寸""]",特征尺寸,DIM_EQUIPMENT,特征尺寸,PG_EQUIPMENT_7CD74A412F,,
PARAM_EQUIPMENT_7F87A12DA9DE,true,"[""筒体直径""]",筒体直径,DIM_EQUIPMENT,筒体直径,PG_EQUIPMENT_7CD74A412F,,
PARAM_EQUIPMENT_86DA9FDAA71D,true,"[""包装材料""]",包装材料,DIM_EQUIPMENT,包装材料,PG_EQUIPMENT_3BA297C286,,
PARAM_EQUIPMENT_8734DF47BD28,true,"[""反应釜内径""]",反应釜内径,DIM_EQUIPMENT,反应釜内径,PG_EQUIPMENT_E161143F3E,,
PARAM_EQUIPMENT_8A216C63884D,true,"[""夹套高度""]",夹套高度,DIM_EQUIPMENT,夹套高度,PG_EQUIPMENT_BE82CD1BB4,,
PARAM_EQUIPMENT_8B8455D5E01C,true,"[""盘管内径/管间隙/长度""]",盘管内径/管间隙/长度,DIM_EQUIPMENT,盘管内径/管间隙/长度,PG_EQUIPMENT_BE82CD1BB4,,
PARAM_EQUIPMENT_9A0E2DBAC647,true,"[""设备材质""]",设备材质,DIM_EQUIPMENT,设备材质,PG_EQUIPMENT_2486D2FA61,,
PARAM_EQUIPMENT_A369F84358EF,true,"[""换热形式""]",换热形式,DIM_EQUIPMENT,换热形式,PG_EQUIPMENT_3BA297C286,,
PARAM_EQUIPMENT_B17A3C2AC8DD,true,"[""设备设计压力""]",设备设计压力,DIM_EQUIPMENT,设备设计压力,PG_EQUIPMENT_3BA297C286,,
PARAM_EQUIPMENT_B6616E1BA782,true,"[""螺旋盘管直径""]",螺旋盘管直径,DIM_EQUIPMENT,螺旋盘管直径,PG_EQUIPMENT_2486D2FA61,,
PARAM_EQUIPMENT_BE82CD1BB47A,true,"[""换热尺寸""]",换热尺寸,DIM_EQUIPMENT,换热尺寸,PG_EQUIPMENT_BE82CD1BB4,,
PARAM_EQUIPMENT_BF8D741EF586,true,"[""换热面积""]",换热面积,DIM_EQUIPMENT,换热面积,PG_EQUIPMENT_BE82CD1BB4,,
PARAM_EQUIPMENT_C2DDC18B61BB,true,"[""反应器容积""]",反应器容积,DIM_EQUIPMENT,反应器容积,PG_EQUIPMENT_7CD74A412F,,
PARAM_EQUIPMENT_EEFAFD94CAF7,true,"[""搅拌桨型式""]",搅拌桨型式,DIM_EQUIPMENT,搅拌桨型式,PG_EQUIPMENT_2486D2FA61,,
PARAM_EQUIPMENT_F29AEAAF8940,true,"[""管间隙""]",管间隙,DIM_EQUIPMENT,管间隙,PG_EQUIPMENT_E161143F3E,,
PARAM_EQUIPMENT_F56BA73207D0,true,"[""盘管内径""]",盘管内径,DIM_EQUIPMENT,盘管内径,PG_EQUIPMENT_BE82CD1BB4,,
PARAM_EQUIPMENT_FCD53935FD79,true,"[""长度""]",长度,DIM_EQUIPMENT,长度,PG_EQUIPMENT_E161143F3E,,
PARAM_MATERIAL_0A2AB2B770B3,true,"[""端盖厚度δe""]",端盖厚度δe,DIM_MATERIAL,端盖厚度δe,PG_MATERIAL_B8DB229307,,
PARAM_MATERIAL_0A5804759914,true,"[""炸药组成元素CaHbNcOd""]",炸药组成元素CaHbNcOd,DIM_MATERIAL,炸药组成元素CaHbNcOd,PG_MATERIAL_B8DB229307,,
PARAM_MATERIAL_0ACC666511A7,true,"[""绝热指数""]",绝热指数,DIM_MATERIAL,绝热指数,PG_MATERIAL_B8DB229307,,
PARAM_MATERIAL_0AFC04A27CB1,true,"[""比例爆距""]",比例爆距,DIM_MATERIAL,比例爆距,PG_MATERIAL_B8DB229307,,
PARAM_MATERIAL_13B9B4BAC28E,true,"[""燃烧热""]",燃烧热,DIM_MATERIAL,燃烧热,PG_MATERIAL_B8DB229307,,
PARAM_MATERIAL_1A9E264C9946,true,"[""爆压PCJ""]",爆压PCJ,DIM_MATERIAL,爆压PCJ,PG_MATERIAL_1B4A34A7DB,,
PARAM_MATERIAL_1B4A34A7DB02,true,"[""释能性""]",释能性,DIM_MATERIAL,释能性,PG_MATERIAL_B8DB229307,,
PARAM_MATERIAL_1BC79FD9430B,true,"[""堆垛方式""]",堆垛方式,DIM_MATERIAL,堆垛方式,PG_MATERIAL_B8DB229307,,
PARAM_MATERIAL_2100D9CCAD57,true,"[""晶形""]",晶形,DIM_MATERIAL,晶形,PG_MATERIAL_B8DB229307,,
PARAM_MATERIAL_32C4AC754395,true,"[""爆速""]",爆速,DIM_MATERIAL,爆速,PG_MATERIAL_B8DB229307,,
PARAM_MATERIAL_32DA72DCD424,true,"[""湿含量""]",湿含量,DIM_MATERIAL,湿含量,PG_MATERIAL_B8DB229307,,
PARAM_MATERIAL_373C98209BD6,true,"[""生成热∆Hf""]",生成热∆Hf,DIM_MATERIAL,生成热∆Hf,PG_MATERIAL_B8DB229307,,
PARAM_MATERIAL_389390EE681A,true,"[""热容""]",热容,DIM_MATERIAL,热容,PG_MATERIAL_B8DB229307,,
PARAM_MATERIAL_3A5F446FE8FA,true,"[""纯度""]",纯度,DIM_MATERIAL,纯度,PG_MATERIAL_B8DB229307,,
PARAM_MATERIAL_3F39D5C348E5,true,"[""D""]",D,DIM_MATERIAL,D,PG_MATERIAL_B8DB229307,,
PARAM_MATERIAL_44937E0387B3,true,"[""爆距""]",爆距,DIM_MATERIAL,爆距,PG_MATERIAL_B8DB229307,,
PARAM_MATERIAL_492AC17C389A,true,"[""装药直径""]",装药直径,DIM_MATERIAL,装药直径,PG_MATERIAL_B8DB229307,,
PARAM_MATERIAL_4BD29B339038,true,"[""密度""]",密度,DIM_MATERIAL,密度,PG_MATERIAL_B8DB229307,,
PARAM_MATERIAL_573E910C4112,true,"[""安定性""]",安定性,DIM_MATERIAL,安定性,PG_MATERIAL_573E910C41,,
PARAM_MATERIAL_578E8B3EC6CE,true,"[""装药量""]",装药量,DIM_MATERIAL,装药量,PG_MATERIAL_B8DB229307,,
PARAM_MATERIAL_5B14F0618C6E,true,"[""药型罩顶角2α""]",药型罩顶角2α,DIM_MATERIAL,药型罩顶角2α,PG_MATERIAL_B8DB229307,,
PARAM_MATERIAL_5BFE4AB097BC,true,"[""装药参数""]",装药参数,DIM_MATERIAL,装药参数,PG_MATERIAL_B8DB229307,,
PARAM_MATERIAL_5CF0AE523D26,true,"[""火球温度""]",火球温度,DIM_MATERIAL,火球温度,PG_MATERIAL_B8DB229307,,
PARAM_MATERIAL_60E56702B1F6,true,"[""药型罩角度""]",药型罩角度,DIM_MATERIAL,药型罩角度,PG_MATERIAL_B8DB229307,,
PARAM_MATERIAL_632A004A069A,true,"[""产品结构""]",产品结构,DIM_MATERIAL,产品结构,PG_MATERIAL_B8DB229307,,
PARAM_MATERIAL_64070CD4FD1A,true,"[""爆压""]",爆压,DIM_MATERIAL,爆压,PG_MATERIAL_1B4A34A7DB,,
PARAM_MATERIAL_68BAF4860E75,true,"[""吸湿性""]",吸湿性,DIM_MATERIAL,吸湿性,PG_MATERIAL_B8DB229307,,
PARAM_MATERIAL_699120358D77,true,"[""厚度""]",厚度,DIM_MATERIAL,厚度,PG_MATERIAL_B8DB229307,,
PARAM_MATERIAL_6C7FE336FECF,true,"[""初始冲击波参数""]",初始冲击波参数,DIM_MATERIAL,初始冲击波参数,PG_MATERIAL_B8DB229307,,
PARAM_MATERIAL_6CC6773603AD,true,"[""感度""]",感度,DIM_MATERIAL,感度,PG_MATERIAL_6CC6773603,,
PARAM_MATERIAL_72E2DDF51F75,true,"[""静电感度""]",静电感度,DIM_MATERIAL,静电感度,PG_MATERIAL_6CC6773603,,
PARAM_MATERIAL_761FC4D6CD1F,true,"[""粒度""]",粒度,DIM_MATERIAL,粒度,PG_MATERIAL_B8DB229307,,
PARAM_MATERIAL_771C6082CA96,true,"[""爆速UD""]",爆速UD,DIM_MATERIAL,爆速UD,PG_MATERIAL_B8DB229307,,
PARAM_MATERIAL_78AA3C67A4E4,true,"[""顶角""]",顶角,DIM_MATERIAL,顶角,PG_MATERIAL_B8DB229307,,
PARAM_MATERIAL_7EB23E66E151,true,"[""腐蚀性""]",腐蚀性,DIM_MATERIAL,腐蚀性,PG_MATERIAL_B8DB229307,,
PARAM_MATERIAL_7F18ED2699B2,true,"[""粘度""]",粘度,DIM_MATERIAL,粘度,PG_MATERIAL_B8DB229307,,
PARAM_MATERIAL_82A785B29AB0,true,"[""导热系数""]",导热系数,DIM_MATERIAL,导热系数,PG_MATERIAL_B8DB229307,,
PARAM_MATERIAL_84550BACB6A8,true,"[""炸药密度""]",炸药密度,DIM_MATERIAL,炸药密度,PG_MATERIAL_B8DB229307,,
PARAM_MATERIAL_867CB187BBD3,true,"[""机械感度""]",机械感度,DIM_MATERIAL,机械感度,PG_MATERIAL_6CC6773603,,
PARAM_MATERIAL_8ADA795DCA41,true,"[""压合速度""]",压合速度,DIM_MATERIAL,压合速度,PG_MATERIAL_B8DB229307,,
PARAM_MATERIAL_8B38F9258FA0,true,"[""产品数量""]",产品数量,DIM_MATERIAL,产品数量,PG_MATERIAL_B8DB229307,,
PARAM_MATERIAL_8B496D2CB62C,true,"[""炸药组分""]",炸药组分,DIM_MATERIAL,炸药组分,PG_MATERIAL_B8DB229307,,
PARAM_MATERIAL_8C7F0DC406B8,true,"[""壳体厚度""]",壳体厚度,DIM_MATERIAL,壳体厚度,PG_MATERIAL_B8DB229307,,
PARAM_MATERIAL_9181A80363C0,true,"[""药型罩质量""]",药型罩质量,DIM_MATERIAL,药型罩质量,PG_MATERIAL_B8DB229307,,
PARAM_MATERIAL_92530574FDA0,true,"[""燃烧热∆Hc""]",燃烧热∆Hc,DIM_MATERIAL,燃烧热∆Hc,PG_MATERIAL_B8DB229307,,
PARAM_MATERIAL_93314212C3CE,true,"[""生成热""]",生成热,DIM_MATERIAL,生成热,PG_MATERIAL_B8DB229307,,
PARAM_MATERIAL_94865A2B1101,true,"[""爆容""]",爆容,DIM_MATERIAL,爆容,PG_MATERIAL_B8DB229307,,
PARAM_MATERIAL_9BECEAFB1099,true,"[""弹体破碎特性参数""]",弹体破碎特性参数,DIM_MATERIAL,弹体破碎特性参数,PG_MATERIAL_B8DB229307,,
PARAM_MATERIAL_9E17ADCAE764,true,"[""格尼速度""]",格尼速度,DIM_MATERIAL,格尼速度,PG_MATERIAL_B8DB229307,,
PARAM_MATERIAL_A29722F2A397,true,"[""火球持续时间""]",火球持续时间,DIM_MATERIAL,火球持续时间,PG_MATERIAL_B8DB229307,,
PARAM_MATERIAL_A408AEA2BEF6,true,"[""装药长度""]",装药长度,DIM_MATERIAL,装药长度,PG_MATERIAL_B8DB229307,,
PARAM_MATERIAL_AB4E996C4E63,true,"[""产品包装""]",产品包装,DIM_MATERIAL,产品包装,PG_MATERIAL_B8DB229307,,
PARAM_MATERIAL_ABF1141A1A59,true,"[""热感度""]",热感度,DIM_MATERIAL,热感度,PG_MATERIAL_6CC6773603,,
PARAM_MATERIAL_ADA465065FBF,true,"[""装药质量""]",装药质量,DIM_MATERIAL,装药质量,PG_MATERIAL_B8DB229307,,
PARAM_MATERIAL_B58E02C82AD7,true,"[""装填比""]",装填比,DIM_MATERIAL,装填比,PG_MATERIAL_B8DB229307,,
PARAM_MATERIAL_B8DB2293075C,true,"[""理化性质""]",理化性质,DIM_MATERIAL,理化性质,PG_MATERIAL_B8DB229307,,
PARAM_MATERIAL_BC0C6C7F422C,true,"[""初始波阵面参数""]",初始波阵面参数,DIM_MATERIAL,初始波阵面参数,PG_MATERIAL_B8DB229307,,
PARAM_MATERIAL_BC6D04F37DF7,true,"[""装填系数""]",装填系数,DIM_MATERIAL,装填系数,PG_MATERIAL_B8DB229307,,
PARAM_MATERIAL_BF5B982668C6,true,"[""溶解度""]",溶解度,DIM_MATERIAL,溶解度,PG_MATERIAL_B8DB229307,,
PARAM_MATERIAL_C07BBED50994,true,"[""爆热""]",爆热,DIM_MATERIAL,爆热,PG_MATERIAL_1B4A34A7DB,,
PARAM_MATERIAL_C09AD669C3F1,true,"[""战斗部壳体重量""]",战斗部壳体重量,DIM_MATERIAL,战斗部壳体重量,PG_MATERIAL_B8DB229307,,
PARAM_MATERIAL_C1920EA23CDC,true,"[""安全性""]",安全性,DIM_MATERIAL,安全性,PG_MATERIAL_B8DB229307,,
PARAM_MATERIAL_C27E4674256C,true,"[""药型罩参数""]",药型罩参数,DIM_MATERIAL,药型罩参数,PG_MATERIAL_B8DB229307,,
PARAM_MATERIAL_C368BDF0F4D3,true,"[""生成焓""]",生成焓,DIM_MATERIAL,生成焓,PG_MATERIAL_B8DB229307,,
PARAM_MATERIAL_C4951775AB89,true,"[""壳体质量""]",壳体质量,DIM_MATERIAL,壳体质量,PG_MATERIAL_B8DB229307,,
PARAM_MATERIAL_C8B60C6A63B4,true,"[""爆温""]",爆温,DIM_MATERIAL,爆温,PG_MATERIAL_1B4A34A7DB,,
PARAM_MATERIAL_CC69BB212DCC,true,"[""火球直径""]",火球直径,DIM_MATERIAL,火球直径,PG_MATERIAL_B8DB229307,,
PARAM_MATERIAL_DC9CCFBCD895,true,"[""壳体参数""]",壳体参数,DIM_MATERIAL,壳体参数,PG_MATERIAL_B8DB229307,,
PARAM_MATERIAL_E23EB415A4C6,true,"[""装药密度""]",装药密度,DIM_MATERIAL,装药密度,PG_MATERIAL_B8DB229307,,
PARAM_MATERIAL_E637482C3A8A,true,"[""蒸汽压""]",蒸汽压,DIM_MATERIAL,蒸汽压,PG_MATERIAL_B8DB229307,,
PARAM_MATERIAL_E66B6AF1CAA8,true,"[""火焰感度""]",火焰感度,DIM_MATERIAL,火焰感度,PG_MATERIAL_6CC6773603,,
PARAM_MATERIAL_E8DBAC2D78C8,true,"[""格尼能""]",格尼能,DIM_MATERIAL,格尼能,PG_MATERIAL_B8DB229307,,
PARAM_MATERIAL_EF2AB43FF8D2,true,"[""压合角""]",压合角,DIM_MATERIAL,压合角,PG_MATERIAL_B8DB229307,,
PARAM_MATERIAL_EF96EA0893F7,true,"[""静电积累""]",静电积累,DIM_MATERIAL,静电积累,PG_MATERIAL_6CC6773603,,
PARAM_MATERIAL_F21662E698A3,true,"[""装药长径比""]",装药长径比,DIM_MATERIAL,装药长径比,PG_MATERIAL_B8DB229307,,
PARAM_MATERIAL_F2DC4263B061,true,"[""壳体厚度δc""]",壳体厚度δc,DIM_MATERIAL,壳体厚度δc,PG_MATERIAL_B8DB229307,,
PARAM_MATERIAL_F48C029385DF,true,"[""比热""]",比热,DIM_MATERIAL,比热,PG_MATERIAL_B8DB229307,,
PARAM_PROCESS_01CA57056F1F,true,"[""配料组成""]",配料组成,DIM_PROCESS,配料组成,PG_PROCESS_C9BC3E3C4A,,
PARAM_PROCESS_10ADD585EB43,true,"[""速率参数""]",速率参数,DIM_PROCESS,速率参数,PG_PROCESS_10ADD585EB,,
PARAM_PROCESS_1215A4FF5205,true,"[""升温速率""]",升温速率,DIM_PROCESS,升温速率,PG_PROCESS_254F13BD4B,,
PARAM_PROCESS_122A0353791A,true,"[""过滤压力""]",过滤压力,DIM_PROCESS,过滤压力,PG_PROCESS_254F13BD4B,,
PARAM_PROCESS_159E0F69ABD4,true,"[""烘干温度""]",烘干温度,DIM_PROCESS,烘干温度,PG_PROCESS_254F13BD4B,,
PARAM_PROCESS_1CE5E8F95463,true,"[""产物组成""]",产物组成,DIM_PROCESS,产物组成,PG_PROCESS_C9BC3E3C4A,,
PARAM_PROCESS_254F13BD4BE0,true,"[""操作条件""]",操作条件,DIM_PROCESS,操作条件,PG_PROCESS_C9BC3E3C4A,,
PARAM_PROCESS_2A3BD3A5B811,true,"[""放热量""]",放热量,DIM_PROCESS,放热量,PG_PROCESS_C9BC3E3C4A,,
PARAM_PROCESS_3732E264DFA9,true,"[""温度""]",温度,DIM_PROCESS,温度,PG_PROCESS_254F13BD4B,,
PARAM_PROCESS_3D997546E90A,true,"[""反应转化率""]",反应转化率,DIM_PROCESS,反应转化率,PG_PROCESS_C9BC3E3C4A,,
PARAM_PROCESS_498D53C036A0,true,"[""振动频率""]",振动频率,DIM_PROCESS,振动频率,PG_PROCESS_254F13BD4B,,
PARAM_PROCESS_49FCD918A8B0,true,"[""反应pH""]",反应pH,DIM_PROCESS,反应pH,PG_PROCESS_254F13BD4B,,
PARAM_PROCESS_6200948259C0,true,"[""筛分效率""]",筛分效率,DIM_PROCESS,筛分效率,PG_PROCESS_10ADD585EB,,
PARAM_PROCESS_621B67A7FF26,true,"[""盐雾时间""]",盐雾时间,DIM_PROCESS,盐雾时间,PG_PROCESS_254F13BD4B,,
PARAM_PROCESS_68D8696CEE5C,true,"[""搅拌速率""]",搅拌速率,DIM_PROCESS,搅拌速率,PG_PROCESS_254F13BD4B,,
PARAM_PROCESS_73DB127A5C56,true,"[""盐雾环境""]",盐雾环境,DIM_PROCESS,盐雾环境,PG_PROCESS_254F13BD4B,,
PARAM_PROCESS_76C6E87673AE,true,"[""过滤时间""]",过滤时间,DIM_PROCESS,过滤时间,PG_PROCESS_254F13BD4B,,
PARAM_PROCESS_7BB4257E7769,true,"[""滤液体积""]",滤液体积,DIM_PROCESS,滤液体积,PG_PROCESS_C9BC3E3C4A,,
PARAM_PROCESS_86E03DC8EFBB,true,"[""反应温度""]",反应温度,DIM_PROCESS,反应温度,PG_PROCESS_254F13BD4B,,
PARAM_PROCESS_8D419A415CDF,true,"[""反应时间""]",反应时间,DIM_PROCESS,反应时间,PG_PROCESS_254F13BD4B,,
PARAM_PROCESS_934984F21A30,true,"[""过滤速度""]",过滤速度,DIM_PROCESS,过滤速度,PG_PROCESS_254F13BD4B,,
PARAM_PROCESS_9A2BD293863F,true,"[""压缩指数""]",压缩指数,DIM_PROCESS,压缩指数,PG_PROCESS_C9BC3E3C4A,,
PARAM_PROCESS_B0C69B627344,true,"[""处理量""]",处理量,DIM_PROCESS,处理量,PG_PROCESS_254F13BD4B,,
PARAM_PROCESS_B5A60712BDBC,true,"[""撤热介质及用量""]",撤热介质及用量,DIM_PROCESS,撤热介质及用量,PG_PROCESS_254F13BD4B,,
PARAM_PROCESS_BDCA85AEA7EB,true,"[""包装质量""]",包装质量,DIM_PROCESS,包装质量,PG_PROCESS_C9BC3E3C4A,,
PARAM_PROCESS_C9BC3E3C4A74,true,"[""反应数据""]",反应数据,DIM_PROCESS,反应数据,PG_PROCESS_C9BC3E3C4A,,
PARAM_PROCESS_D65E7BC3EF07,true,"[""颗粒分布""]",颗粒分布,DIM_PROCESS,颗粒分布,PG_PROCESS_C9BC3E3C4A,,
PARAM_PROCESS_DABC676680E2,true,"[""过滤面积""]",过滤面积,DIM_PROCESS,过滤面积,PG_PROCESS_C9BC3E3C4A,,
PARAM_PROCESS_ECE7AEB2F02C,true,"[""筛分方式""]",筛分方式,DIM_PROCESS,筛分方式,PG_PROCESS_254F13BD4B,,
PARAM_PROCESS_F781AF9392F3,true,"[""包装量""]",包装量,DIM_PROCESS,包装量,PG_PROCESS_254F13BD4B,,
PARAM_PROCESS_FC4401132349,true,"[""烘干时间""]",烘干时间,DIM_PROCESS,烘干时间,PG_PROCESS_254F13BD4B,,
PARAM_SAFETY_01A6A5BD06DB,true,"[""弹道极限速度""]",弹道极限速度,DIM_SAFETY,弹道极限速度,PG_SAFETY_7BF29CE5FC,,
PARAM_SAFETY_022993406164,true,"[""防护结构""]",防护结构,DIM_SAFETY,防护结构,PG_SAFETY_54B89F9012,,
PARAM_SAFETY_036760451697,true,"[""射流塑性变形阻抗""]",射流塑性变形阻抗,DIM_SAFETY,射流塑性变形阻抗,PG_SAFETY_DBCF776871,,
PARAM_SAFETY_03D0A9CD7BBF,true,"[""损伤情况""]",损伤情况,DIM_SAFETY,损伤情况,PG_SAFETY_54B89F9012,,
PARAM_SAFETY_04A269C1AD90,true,"[""活性弹丸质量""]",活性弹丸质量,DIM_SAFETY,活性弹丸质量,PG_SAFETY_7BF29CE5FC,,
PARAM_SAFETY_04B0DD3F318A,true,"[""碰撞点速度""]",碰撞点速度,DIM_SAFETY,碰撞点速度,PG_SAFETY_54B89F9012,,
PARAM_SAFETY_04C8A9C6BCF8,true,"[""活性射流杆体部分的平均速度""]",活性射流杆体部分的平均速度,DIM_SAFETY,活性射流杆体部分的平均速度,PG_SAFETY_DBCF776871,,
PARAM_SAFETY_076FB114FC0C,true,"[""燃爆载荷""]",燃爆载荷,DIM_SAFETY,燃爆载荷,PG_SAFETY_54B89F9012,,
PARAM_SAFETY_0A0955A1B472,true,"[""开坑直径""]",开坑直径,DIM_SAFETY,开坑直径,PG_SAFETY_54B89F9012,,
PARAM_SAFETY_0ADF891B74AE,true,"[""反射冲击波超压""]",反射冲击波超压,DIM_SAFETY,反射冲击波超压,PG_SAFETY_BFEB1337BC,,
PARAM_SAFETY_0E14D148B46B,true,"[""速度""]",速度,DIM_SAFETY,速度,PG_SAFETY_54B89F9012,,
PARAM_SAFETY_10E82EC75F42,true,"[""压缩强度""]",压缩强度,DIM_SAFETY,压缩强度,PG_SAFETY_54B89F9012,,
PARAM_SAFETY_1222A7C2E119,true,"[""自由场超压""]",自由场超压,DIM_SAFETY,自由场超压,PG_SAFETY_54B89F9012,,
PARAM_SAFETY_124A82DC1B51,true,"[""射流参数""]",射流参数,DIM_SAFETY,射流参数,PG_SAFETY_DBCF776871,,
PARAM_SAFETY_12EF8D0466CB,true,"[""穿靶后活性射流有效质量""]",穿靶后活性射流有效质量,DIM_SAFETY,穿靶后活性射流有效质量,PG_SAFETY_DBCF776871,,
PARAM_SAFETY_136C6AAD5E95,true,"[""反射冲量""]",反射冲量,DIM_SAFETY,反射冲量,PG_SAFETY_54B89F9012,,
PARAM_SAFETY_19B59EA1C50E,true,"[""药型罩材料""]",药型罩材料,DIM_SAFETY,药型罩材料,PG_SAFETY_DBCF776871,,
PARAM_SAFETY_1A613500C193,true,"[""射流密度""]",射流密度,DIM_SAFETY,射流密度,PG_SAFETY_DBCF776871,,
PARAM_SAFETY_1A68CCB0C9D3,true,"[""破片初速轴向分布""]",破片初速轴向分布,DIM_SAFETY,破片初速轴向分布,PG_SAFETY_7BF29CE5FC,,
PARAM_SAFETY_1AADD9D3B79A,true,"[""射流质量""]",射流质量,DIM_SAFETY,射流质量,PG_SAFETY_DBCF776871,,
PARAM_SAFETY_21CF249610BF,true,"[""靶板厚度""]",靶板厚度,DIM_SAFETY,靶板厚度,PG_SAFETY_54B89F9012,,
PARAM_SAFETY_22BE3811F927,true,"[""塞块质量""]",塞块质量,DIM_SAFETY,塞块质量,PG_SAFETY_54B89F9012,,
PARAM_SAFETY_2B414D3557CA,true,"[""混凝土靶体密度""]",混凝土靶体密度,DIM_SAFETY,混凝土靶体密度,PG_SAFETY_54B89F9012,,
PARAM_SAFETY_2B6A6FD0DA6B,true,"[""装甲厚度""]",装甲厚度,DIM_SAFETY,装甲厚度,PG_SAFETY_54B89F9012,,
PARAM_SAFETY_31CFAB49610F,true,"[""支座转角""]",支座转角,DIM_SAFETY,支座转角,PG_SAFETY_213D0E3400,,
PARAM_SAFETY_37B8FF502561,true,"[""破片质量""]",破片质量,DIM_SAFETY,破片质量,PG_SAFETY_7BF29CE5FC,,
PARAM_SAFETY_38CDE868803C,true,"[""热通量""]",热通量,DIM_SAFETY,热通量,PG_SAFETY_681B57E605,,
PARAM_SAFETY_4013395446A9,true,"[""弹丸质量""]",弹丸质量,DIM_SAFETY,弹丸质量,PG_SAFETY_7BF29CE5FC,,
PARAM_SAFETY_4023957F0531,true,"[""射流速度""]",射流速度,DIM_SAFETY,射流速度,PG_SAFETY_DBCF776871,,
PARAM_SAFETY_42C4CA149AAB,true,"[""炸高""]",炸高,DIM_SAFETY,炸高,PG_SAFETY_54B89F9012,,
PARAM_SAFETY_4329A104D14B,true,"[""弹靶接触面速度""]",弹靶接触面速度,DIM_SAFETY,弹靶接触面速度,PG_SAFETY_54B89F9012,,
PARAM_SAFETY_43CA3BC44214,true,"[""靶板材料""]",靶板材料,DIM_SAFETY,靶板材料,PG_SAFETY_54B89F9012,,
PARAM_SAFETY_45294EB739F6,true,"[""靶板密度""]",靶板密度,DIM_SAFETY,靶板密度,PG_SAFETY_54B89F9012,,
PARAM_SAFETY_46CD25D6B2E0,true,"[""穿孔直径""]",穿孔直径,DIM_SAFETY,穿孔直径,PG_SAFETY_213D0E3400,,
PARAM_SAFETY_471545D051ED,true,"[""弹靶碰撞速度""]",弹靶碰撞速度,DIM_SAFETY,弹靶碰撞速度,PG_SAFETY_54B89F9012,,
PARAM_SAFETY_490B8FE1BF2E,true,"[""冲击波参数""]",冲击波参数,DIM_SAFETY,冲击波参数,PG_SAFETY_BFEB1337BC,,
PARAM_SAFETY_4D6501C36F01,true,"[""射流/EFP速度""]",射流/EFP速度,DIM_SAFETY,射流/EFP速度,PG_SAFETY_DBCF776871,,
PARAM_SAFETY_4DD4DD0A2F93,true,"[""靶板材料抗拉强度""]",靶板材料抗拉强度,DIM_SAFETY,靶板材料抗拉强度,PG_SAFETY_54B89F9012,,
PARAM_SAFETY_4F09B0347A97,true,"[""活性材料爆燃反应超压""]",活性材料爆燃反应超压,DIM_SAFETY,活性材料爆燃反应超压,PG_SAFETY_54B89F9012,,
PARAM_SAFETY_4FACE967BBC2,true,"[""当地射流速度""]",当地射流速度,DIM_SAFETY,当地射流速度,PG_SAFETY_DBCF776871,,
PARAM_SAFETY_54B354A5313F,true,"[""材料参数""]",材料参数,DIM_SAFETY,材料参数,PG_SAFETY_54B89F9012,,
PARAM_SAFETY_576F5E7B280B,true,"[""钢筋屈服强度""]",钢筋屈服强度,DIM_SAFETY,钢筋屈服强度,PG_SAFETY_54B89F9012,,
PARAM_SAFETY_58FC70F02DD9,true,"[""活性聚能侵彻体头部到达靶板表面时间""]",活性聚能侵彻体头部到达靶板表面时间,DIM_SAFETY,活性聚能侵彻体头部到达靶板表面时间,PG_SAFETY_213D0E3400,,
PARAM_SAFETY_5CADD377B08B,true,"[""侵彻体直径""]",侵彻体直径,DIM_SAFETY,侵彻体直径,PG_SAFETY_213D0E3400,,
PARAM_SAFETY_5CF0AE523D26,true,"[""火球温度""]",火球温度,DIM_SAFETY,火球温度,PG_SAFETY_681B57E605,,
PARAM_SAFETY_5DB5CEF76925,true,"[""射流质量mj""]",射流质量mj,DIM_SAFETY,射流质量mj,PG_SAFETY_DBCF776871,,
PARAM_SAFETY_5E95CEE5219F,true,"[""反射超压""]",反射超压,DIM_SAFETY,反射超压,PG_SAFETY_54B89F9012,,
PARAM_SAFETY_61994FF4717F,true,"[""侵彻深度""]",侵彻深度,DIM_SAFETY,侵彻深度,PG_SAFETY_213D0E3400,,
PARAM_SAFETY_6334920E3D97,true,"[""墙面压力-时间函数""]",墙面压力-时间函数,DIM_SAFETY,墙面压力-时间函数,PG_SAFETY_54B89F9012,,
PARAM_SAFETY_6A882AE4A452,true,"[""活性射流参量""]",活性射流参量,DIM_SAFETY,活性射流参量,PG_SAFETY_DBCF776871,,
PARAM_SAFETY_6C95E13B9D69,true,"[""破片直径""]",破片直径,DIM_SAFETY,破片直径,PG_SAFETY_7BF29CE5FC,,
PARAM_SAFETY_6D24AA56BDDA,true,"[""靶体阻抗""]",靶体阻抗,DIM_SAFETY,靶体阻抗,PG_SAFETY_54B89F9012,,
PARAM_SAFETY_6FB9F50DF91B,true,"[""烧蚀面积""]",烧蚀面积,DIM_SAFETY,烧蚀面积,PG_SAFETY_681B57E605,,
PARAM_SAFETY_7789BD5D08B0,true,"[""弹丸平均入射面积""]",弹丸平均入射面积,DIM_SAFETY,弹丸平均入射面积,PG_SAFETY_7BF29CE5FC,,
PARAM_SAFETY_77ECCFEA0760,true,"[""孔容积""]",孔容积,DIM_SAFETY,孔容积,PG_SAFETY_213D0E3400,,
PARAM_SAFETY_7B6CC73EA3CD,true,"[""活性弹丸参数""]",活性弹丸参数,DIM_SAFETY,活性弹丸参数,PG_SAFETY_7BF29CE5FC,,
PARAM_SAFETY_7C063A361027,true,"[""剩余动能""]",剩余动能,DIM_SAFETY,剩余动能,PG_SAFETY_7BF29CE5FC,,
PARAM_SAFETY_7CE14FE69678,true,"[""防护性能""]",防护性能,DIM_SAFETY,防护性能,PG_SAFETY_54B89F9012,,
PARAM_SAFETY_7FE45C8C7B63,true,"[""剩余速度""]",剩余速度,DIM_SAFETY,剩余速度,PG_SAFETY_54B89F9012,,
PARAM_SAFETY_847C3A1FFBB0,true,"[""炸药性能""]",炸药性能,DIM_SAFETY,炸药性能,PG_SAFETY_54B89F9012,,
PARAM_SAFETY_8941AD704A11,true,"[""极限穿透速度""]",极限穿透速度,DIM_SAFETY,极限穿透速度,PG_SAFETY_7BF29CE5FC,,
PARAM_SAFETY_8C31837822DD,true,"[""弹丸材料密度""]",弹丸材料密度,DIM_SAFETY,弹丸材料密度,PG_SAFETY_7BF29CE5FC,,
PARAM_SAFETY_8CFAE5DBEA65,true,"[""EFP速度""]",EFP速度,DIM_SAFETY,EFP速度,PG_SAFETY_DBCF776871,,
PARAM_SAFETY_8D4CB674F02C,true,"[""杵部分质量mj""]",杵部分质量mj,DIM_SAFETY,杵部分质量mj,PG_SAFETY_54B89F9012,,
PARAM_SAFETY_8F0A1EE70C71,true,"[""弹体长径比""]",弹体长径比,DIM_SAFETY,弹体长径比,PG_SAFETY_54B89F9012,,
PARAM_SAFETY_91A716112B6A,true,"[""靶后超压""]",靶后超压,DIM_SAFETY,靶后超压,PG_SAFETY_213D0E3400,,
PARAM_SAFETY_92465F7DA6ED,true,"[""初始孔径""]",初始孔径,DIM_SAFETY,初始孔径,PG_SAFETY_54B89F9012,,
PARAM_SAFETY_9554A4EB10F5,true,"[""杨氏模量""]",杨氏模量,DIM_SAFETY,杨氏模量,PG_SAFETY_54B89F9012,,
PARAM_SAFETY_97E1BAE5DFDA,true,"[""侵彻孔径""]",侵彻孔径,DIM_SAFETY,侵彻孔径,PG_SAFETY_213D0E3400,,
PARAM_SAFETY_9B937C5090BB,true,"[""射流速度Vj""]",射流速度Vj,DIM_SAFETY,射流速度Vj,PG_SAFETY_DBCF776871,,
PARAM_SAFETY_9C43C46E00B2,true,"[""结构形状""]",结构形状,DIM_SAFETY,结构形状,PG_SAFETY_54B89F9012,,
PARAM_SAFETY_9DD1A7A6E30D,true,"[""射流头部半径""]",射流头部半径,DIM_SAFETY,射流头部半径,PG_SAFETY_DBCF776871,,
PARAM_SAFETY_9E17ADCAE764,true,"[""格尼速度""]",格尼速度,DIM_SAFETY,格尼速度,PG_SAFETY_54B89F9012,,
PARAM_SAFETY_9FDE92485FE1,true,"[""靶体密度""]",靶体密度,DIM_SAFETY,靶体密度,PG_SAFETY_54B89F9012,,
PARAM_SAFETY_A2055CE7A2D8,true,"[""靶板参数""]",靶板参数,DIM_SAFETY,靶板参数,PG_SAFETY_54B89F9012,,
PARAM_SAFETY_A22C498231CE,true,"[""破片参数""]",破片参数,DIM_SAFETY,破片参数,PG_SAFETY_7BF29CE5FC,,
PARAM_SAFETY_A29722F2A397,true,"[""火球持续时间""]",火球持续时间,DIM_SAFETY,火球持续时间,PG_SAFETY_681B57E605,,
PARAM_SAFETY_A66E74D03572,true,"[""径向扩孔孔径""]",径向扩孔孔径,DIM_SAFETY,径向扩孔孔径,PG_SAFETY_54B89F9012,,
PARAM_SAFETY_A7FEADD1A3E8,true,"[""杵速度Vs""]",杵速度Vs,DIM_SAFETY,杵速度Vs,PG_SAFETY_54B89F9012,,
PARAM_SAFETY_A86E244E2838,true,"[""靶后有效射流质量""]",靶后有效射流质量,DIM_SAFETY,靶后有效射流质量,PG_SAFETY_DBCF776871,,
PARAM_SAFETY_A8C7C40EB066,true,"[""活性射流特性参量""]",活性射流特性参量,DIM_SAFETY,活性射流特性参量,PG_SAFETY_DBCF776871,,
PARAM_SAFETY_AA2CF02A84AC,true,"[""EFP动能""]",EFP动能,DIM_SAFETY,EFP动能,PG_SAFETY_DBCF776871,,
PARAM_SAFETY_AA3B791AEC7F,true,"[""靶体材料声速""]",靶体材料声速,DIM_SAFETY,靶体材料声速,PG_SAFETY_54B89F9012,,
PARAM_SAFETY_AA57B745BBD5,true,"[""弹体密度""]",弹体密度,DIM_SAFETY,弹体密度,PG_SAFETY_54B89F9012,,
PARAM_SAFETY_AB2AFA02760B,true,"[""破片初速""]",破片初速,DIM_SAFETY,破片初速,PG_SAFETY_7BF29CE5FC,,
PARAM_SAFETY_ADA465065FBF,true,"[""装药质量""]",装药质量,DIM_SAFETY,装药质量,PG_SAFETY_54B89F9012,,
PARAM_SAFETY_AF980F27F40F,true,"[""着角""]",着角,DIM_SAFETY,着角,PG_SAFETY_54B89F9012,,
PARAM_SAFETY_B1E210DEC360,true,"[""弹重""]",弹重,DIM_SAFETY,弹重,PG_SAFETY_54B89F9012,,
PARAM_SAFETY_B2339B21CD84,true,"[""活性材料质量""]",活性材料质量,DIM_SAFETY,活性材料质量,PG_SAFETY_54B89F9012,,
PARAM_SAFETY_B2F2A282A5A3,true,"[""泊松比""]",泊松比,DIM_SAFETY,泊松比,PG_SAFETY_54B89F9012,,
PARAM_SAFETY_B48F2863D44C,true,"[""正压作用时间""]",正压作用时间,DIM_SAFETY,正压作用时间,PG_SAFETY_BFEB1337BC,,
PARAM_SAFETY_B4AEA20B6361,true,"[""钢筋混凝土损毁程度""]",钢筋混凝土损毁程度,DIM_SAFETY,钢筋混凝土损毁程度,PG_SAFETY_213D0E3400,,
PARAM_SAFETY_B5909BF062CE,true,"[""靶体强度""]",靶体强度,DIM_SAFETY,靶体强度,PG_SAFETY_54B89F9012,,
PARAM_SAFETY_B63AD4D016EE,true,"[""靶体压缩强度""]",靶体压缩强度,DIM_SAFETY,靶体压缩强度,PG_SAFETY_54B89F9012,,
PARAM_SAFETY_B7A8A978D6AC,true,"[""崩落程度""]",崩落程度,DIM_SAFETY,崩落程度,PG_SAFETY_213D0E3400,,
PARAM_SAFETY_B80331AA3903,true,"[""靶板强度""]",靶板强度,DIM_SAFETY,靶板强度,PG_SAFETY_54B89F9012,,
PARAM_SAFETY_B94454FF57B8,true,"[""破片初速v0或vs""]",破片初速v0或vs,DIM_SAFETY,破片初速v0或vs,PG_SAFETY_7BF29CE5FC,,
PARAM_SAFETY_BA2C05294357,true,"[""破片质量分布""]",破片质量分布,DIM_SAFETY,破片质量分布,PG_SAFETY_7BF29CE5FC,,
PARAM_SAFETY_BCD76B676692,true,"[""靶体塑性变形阻抗""]",靶体塑性变形阻抗,DIM_SAFETY,靶体塑性变形阻抗,PG_SAFETY_54B89F9012,,
PARAM_SAFETY_C0CF94580690,true,"[""攻角""]",攻角,DIM_SAFETY,攻角,PG_SAFETY_54B89F9012,,
PARAM_SAFETY_C7726003FCDE,true,"[""弹丸直径""]",弹丸直径,DIM_SAFETY,弹丸直径,PG_SAFETY_7BF29CE5FC,,
PARAM_SAFETY_C9AE8405DB91,true,"[""极限侵彻深度""]",极限侵彻深度,DIM_SAFETY,极限侵彻深度,PG_SAFETY_213D0E3400,,
PARAM_SAFETY_CA08197B7EEF,true,"[""抗压强度fc""]",抗压强度fc,DIM_SAFETY,抗压强度fc,PG_SAFETY_54B89F9012,,
PARAM_SAFETY_CC69BB212DCC,true,"[""火球直径""]",火球直径,DIM_SAFETY,火球直径,PG_SAFETY_681B57E605,,
PARAM_SAFETY_CD7C50E5EADD,true,"[""弹体速度""]",弹体速度,DIM_SAFETY,弹体速度,PG_SAFETY_54B89F9012,,
PARAM_SAFETY_D008DE8F3EF7,true,"[""燃烧温度""]",燃烧温度,DIM_SAFETY,燃烧温度,PG_SAFETY_54B89F9012,,
PARAM_SAFETY_D5832F3FA26C,true,"[""几何参数""]",几何参数,DIM_SAFETY,几何参数,PG_SAFETY_54B89F9012,,
PARAM_SAFETY_D5B478F56B59,true,"[""挠度时程方程""]",挠度时程方程,DIM_SAFETY,挠度时程方程,PG_SAFETY_213D0E3400,,
PARAM_SAFETY_D69705327FB9,true,"[""毁伤元活性""]",毁伤元活性,DIM_SAFETY,毁伤元活性,PG_SAFETY_54B89F9012,,
PARAM_SAFETY_D7628ABE754E,true,"[""弹体直径""]",弹体直径,DIM_SAFETY,弹体直径,PG_SAFETY_54B89F9012,,
PARAM_SAFETY_D7F4AA34C661,true,"[""活性弹丸着速""]",活性弹丸着速,DIM_SAFETY,活性弹丸着速,PG_SAFETY_7BF29CE5FC,,
PARAM_SAFETY_D866700AC59D,true,"[""最大挠度""]",最大挠度,DIM_SAFETY,最大挠度,PG_SAFETY_213D0E3400,,
PARAM_SAFETY_D99FA73E6A53,true,"[""装药形状""]",装药形状,DIM_SAFETY,装药形状,PG_SAFETY_54B89F9012,,
PARAM_SAFETY_D9ACA67D525A,true,"[""靶板隆起高度""]",靶板隆起高度,DIM_SAFETY,靶板隆起高度,PG_SAFETY_54B89F9012,,
PARAM_SAFETY_DA90C88D20CB,true,"[""侵彻体密度""]",侵彻体密度,DIM_SAFETY,侵彻体密度,PG_SAFETY_213D0E3400,,
PARAM_SAFETY_DCE9A1D0EEFB,true,"[""间隔距离""]",间隔距离,DIM_SAFETY,间隔距离,PG_SAFETY_54B89F9012,,
PARAM_SAFETY_DD81DA22BBE7,true,"[""靶后空间(测试罐)初始容积""]",靶后空间(测试罐)初始容积,DIM_SAFETY,靶后空间(测试罐)初始容积,PG_SAFETY_213D0E3400,,
PARAM_SAFETY_DF53DF98AE22,true,"[""破片初速v0x""]",破片初速v0x,DIM_SAFETY,破片初速v0x,PG_SAFETY_7BF29CE5FC,,
PARAM_SAFETY_E0F20BCC9CC1,true,"[""装甲抗弹能力系数""]",装甲抗弹能力系数,DIM_SAFETY,装甲抗弹能力系数,PG_SAFETY_54B89F9012,,
PARAM_SAFETY_E28419351F52,true,"[""冲击波超压""]",冲击波超压,DIM_SAFETY,冲击波超压,PG_SAFETY_BFEB1337BC,,
PARAM_SAFETY_E5AA9AB748EF,true,"[""火球特征直径""]",火球特征直径,DIM_SAFETY,火球特征直径,PG_SAFETY_681B57E605,,
PARAM_SAFETY_E7DA3C756BF1,true,"[""爆轰压""]",爆轰压,DIM_SAFETY,爆轰压,PG_SAFETY_54B89F9012,,
PARAM_SAFETY_E887DDBC3F25,true,"[""极限速度""]",极限速度,DIM_SAFETY,极限速度,PG_SAFETY_54B89F9012,,
PARAM_SAFETY_EE7BCF5C01D3,true,"[""比冲量""]",比冲量,DIM_SAFETY,比冲量,PG_SAFETY_BFEB1337BC,,
PARAM_SAFETY_F287BE76488E,true,"[""破片数量""]",破片数量,DIM_SAFETY,破片数量,PG_SAFETY_7BF29CE5FC,,
PARAM_SAFETY_F562580AB31E,true,"[""TNT当量""]",TNT当量,DIM_SAFETY,TNT当量,PG_SAFETY_BFEB1337BC,,
PARAM_SAFETY_F622B6DEF3FF,true,"[""活性材料反应弛豫时间""]",活性材料反应弛豫时间,DIM_SAFETY,活性材料反应弛豫时间,PG_SAFETY_54B89F9012,,
PARAM_SAFETY_F8AE10732E4B,true,"[""破片撞击速度""]",破片撞击速度,DIM_SAFETY,破片撞击速度,PG_SAFETY_7BF29CE5FC,,
PARAM_SAFETY_F92CFE769538,true,"[""弹丸着速""]",弹丸着速,DIM_SAFETY,弹丸着速,PG_SAFETY_7BF29CE5FC,,
PARAM_SAFETY_FB97DE5B5E76,true,"[""破甲威力""]",破甲威力,DIM_SAFETY,破甲威力,PG_SAFETY_DBCF776871,,
PARAM_SAFETY_FD834924487A,true,"[""EFP参数""]",EFP参数,DIM_SAFETY,EFP参数,PG_SAFETY_DBCF776871,,
PARAM_SAFETY_FDE83D0EF727,true,"[""弛豫时间""]",弛豫时间,DIM_SAFETY,弛豫时间,PG_SAFETY_54B89F9012,,
