reference_id,author,normalized_key,raw_citation,source_type,title,year
REF_009EA70BEDF5B4DA,"左景依, 左禹",左景依.左禹.腐蚀数据与选材手册[m].北京.化学工业出版社.1995,"[3] 左景依, 左禹. 腐蚀数据与选材手册[M]. 北京: 化学工业出版社, 1995.",M,腐蚀数据与选材手册[M],1995
REF_00BEBB892C75B4BC,U,u.s.departmentofdefense.structurestoresisttheeffectsofaccidentalexplosions.unifiedfacilitiescriteria(ufc3-340-02).2008,"[1]U.S. Department of Defense. Structures to Resist the Effects of Accidental Explosions. Unified Facilities Criteria (UFC 3-340-02),2008.",,S,2008
REF_00C392D6C750507F,北京工业学院八系《爆炸及其作用》编写组,北京工业学院八系《爆炸及其作用》编写组.爆炸及其作用[m].北京.国防工业出版社.1979,"[1] 北京工业学院八系《爆炸及其作用》编写组. 爆炸及其作用[M]. 北京: 国防工业出版社, 1979.",M,爆炸及其作用[M],1979
REF_021EB33C4797EB00,"曹荣婷,王小红,李嘉喜,等",曹荣婷.王小红.李嘉喜.等.炸药爆轰性能与孔隙分布关系的微观分析[j].爆破.2025.42(3).145-152,"[1]曹荣婷,王小红,李嘉喜,等.炸药爆轰性能与孔隙分布关系的微观分析[J].爆破,2025,42(3):145-152.",J,炸药爆轰性能与孔隙分布关系的微观分析[J],2025
REF_0420AB6F88FF6CCF,"崔卫鑫, 王克俭",崔卫鑫.王克俭.含能材料包装技术[j].塑料包装.2021.31(1).58-62,"[1] 崔卫鑫, 王克俭. 含能材料包装技术[J]. 塑料包装, 2021, 31(1): 58-62.",J,含能材料包装技术[J],2021
REF_072274F749A9174C,"刘锋, 黄国强, 李松林, 等",刘锋.黄国强.李松林.等.tatp空中爆炸冲击波传播规律的试验研究[j].火炸药学报.2024.47(10).921-930,"[3]刘锋, 黄国强, 李松林, 等. TATP空中爆炸冲击波传播规律的试验研究[J]. 火炸药学报, 2024, 47(10): 921-930.",J,TATP空中爆炸冲击波传播规律的试验研究[J],2024
REF_07462BA2DF0431A8,"MARTINSEN WE,MARXJ D",martinsenwe.marxjd.animprovedmodelforthepredictionofradiantheatfluxfromfireball[c]//proceedingsofccpsinternationalconferenceandworkshoponmodelingconsequencesofaccidentalreleasesofhazardousmaterials.sanfrancisco.california.september28-october1.1999.605-621.tno.methodsforthecalculationofphysicaleffectsofescapeofdangerousmaterials[m].yellowbookcommitteeforthepreventionofdisasters.voorburg.netherlands.1992,"[1]MARTINSEN WE,MARXJ D.Animproved model for the prediction of radiant heat flux from fireball[C]//Proceedings of CCPS International Conference and Workshop on Modeling Consequences of Accidental Releases ofHazardous Materials,San Francisco,California,September28-October1,1999:605-621. TNO. Methods for the calculation of physical effects of escape of dangerous materials [M]. Yellow Book Committee for the Prevention of Disasters, Voorburg, Netherlands, 1992.",C,"Animproved model for the prediction of radiant heat flux from fireball[C]//Proceedings of CCPS International Conference and Workshop on Modeling Consequences of Accidental Releases ofHazardous Materials,San Francisco,California,September28-October1,1999:605-621",1999
REF_0823E4105814058B,中华人民共和国住房和城乡建设部中华人民共和国国家质量监督检验检疫总局,中华人民共和国住房和城乡建设部中华人民共和国国家质量监督检验检疫总局.火炸药生产厂房设计规范.gb51009-2014[s].北京.中国计划出版社.2014.8,"[1] 中华人民共和国住房和城乡建设部中华人民共和国国家质量监督检验检疫总局. 火炸药生产厂房设计规范: GB 51009-2014[S]. 北京: 中国计划出版社, 2014: 8.",S,火炸药生产厂房设计规范: GB 51009-2014[S],2014
REF_08AD6CFDCE525593,韦爱勇,韦爱勇.火工药剂的性能与制造[m].北京.国防工业出版社.2019,"[1] 韦爱勇. 火工药剂的性能与制造[M]. 北京: 国防工业出版社, 2019.",M,火工药剂的性能与制造[M],2019
REF_098E22E2102F74DB,"徐其鹏, 李芝绒, 陈君, 等",徐其鹏.李芝绒.陈君.等.地形对地面爆炸空中冲击波传播规律的影响[j].兵工学报.2020.41(s2).96-101,"[4]徐其鹏, 李芝绒, 陈君, 等.地形对地面爆炸空中冲击波传播规律的影响[J]. 兵工学报, 2020, 41(S2): 96-101.",J,地形对地面爆炸空中冲击波传播规律的影响[J],2020
REF_0B4587DEE76F78C9,陈志平,陈志平.搅拌与混合设备设计选用手册[m].北京.化学工业出版社,"[1] 陈志平. 搅拌与混合设备设计选用手册[M]. 北京: 化学工业出版社,",M,搅拌与混合设备设计选用手册[M],
REF_0CC0F9E41134A5AE,USACE-Protective Design Center,usace-protectivedesigncenter.designandanalysisofhardenedstructuresforconventionalweaponseffects.2002.ufc3-340-01,[5] USACE-Protective Design Center. Design and analysis of hardened structures for conventional weapons effects. 2002. UFC 3-340-01.,,Design and analysis of hardened structures for conventional weapons effects,2002
REF_0CDBEFA2B87B677F,周建美,周建美.爆炸容器内炸药装药爆炸温度场的数值研究[d].江苏.南京理工大学.2013,[1]周建美. 爆炸容器内炸药装药爆炸温度场的数值研究[D]. 江苏:南京理工大学，2013.,D,爆炸容器内炸药装药爆炸温度场的数值研究[D],2013
REF_0F02A8DA965C3C1B,"冯敏慧, 闫晓婷, 刘思蓉, 等",冯敏慧.闫晓婷.刘思蓉.等.带壳装药坑道爆炸超压峰值工程计算[j].弹箭与制导学报.2025.45(5).648-655,"[1] 冯敏慧, 闫晓婷, 刘思蓉, 等. 带壳装药坑道爆炸超压峰值工程计算[J]. 弹箭与制导学报, 2025,45(5): 648-655.",J,带壳装药坑道爆炸超压峰值工程计算[J],2025
REF_0F4C3DC98F07AA9B,"WANG L Q, KONG D R",wanglq.kongdr.influenceofgroundimpedanceonexplosiveshockwavetestaccuracy[j].internationaljournalofimpactengineering.2023.17.104395,"[3] WANG L Q, KONG D R. Influence of ground impedance on explosive shock wave test accuracy[J]. International Journal of Impact Engineering, 2023, 17: 104395.",J,Influence of ground impedance on explosive shock wave test accuracy[J],2023
REF_1136450C29946374,"王神送, 张立, 程宏兵",王神送.张立.程宏兵.装药密度对空气冲击波参数影响的实验研究[j].爆破器材.2010.39(1).4-7,"[1]王神送, 张立, 程宏兵. 装药密度对空气冲击波参数影响的实验研究[J]. 爆破器材,2010, 39(1): 4-7.",J,装药密度对空气冲击波参数影响的实验研究[J],2010
REF_117B54C01CF301A7,"岳军政, 段卓平, 欧卓成, 等",岳军政.段卓平.欧卓成.等.含铝炸药爆炸空气冲击波超压理论计算方法[j].兵工学报.2016.37(s2).55-60,"[1]岳军政, 段卓平, 欧卓成, 等. 含铝炸药爆炸空气冲击波超压理论计算方法[J]. 兵工学报, 2016, 37 (S2): 55-60.",J,含铝炸药爆炸空气冲击波超压理论计算方法[J],2016
REF_11E7F904D81FFBBF,"Doyle, J R and Buchhoz, R L",doyle.jrandbuchhoz.rl.design.development.fabricationandtestingprogramtodemonstratefeasibilityofthemassfocus/fragmentationwarhead.honeywelltechnicalreportafat-tr-72-187.september.1973,"[2] Doyle, J R and Buchhoz, R L. Design, Development, Fabrication and Testing Program to Demonstrate Feasibility of the Mass FOCUS/Fragmentation Warhead. Honeywell Technical Report AFAT-TR-72-187, September, 1973.",,"Design, Development, Fabrication and Testing Program to Demonstrate Feasibility of the Mass FOCUS/Fragmentation Warhead",1973
REF_144137549F7489D2,王凤丹,王凤丹.燃料空气炸药热辐射毁伤效应研究[d].南京理工大学.2010.何志光.fae爆炸火球热辐射效应研究[d].南京理工大学.2004.何志光.fae爆炸火球热辐射效应研究[d].南京理工大学.2004,"王凤丹.燃料空气炸药热辐射毁伤效应研究[D].南京理工大学,2010. 何志光.FAE爆炸火球热辐射效应研究[D].南京理工大学,2004. 何志光.FAE爆炸火球热辐射效应研究[D].南京理工大学,2004.",D,燃料空气炸药热辐射毁伤效应研究[D],2010
REF_1B1E28BC72343185,张秀文,张秀文.压滤与加压过滤滤饼粒度分布特性研究[d].太原.太原理工大学.2018,"[2] 张秀文. 压滤与加压过滤滤饼粒度分布特性研究[D]. 太原: 太原理工大学, 2018.",D,压滤与加压过滤滤饼粒度分布特性研究[D],2018
REF_1BCE152D56C4C1EF,夏建才,夏建才.火工品制造[m].北京.北京理工大学出版社.2009,"[1] 夏建才. 火工品制造[M]. 北京: 北京理工大学出版社, 2009.",M,火工品制造[M],2009
REF_1C2ABD9013B20A33,"Held, M",held.m.verificationoftheequationforradialcratergrowthbyshapedchargejetpenetration.internationaljournalofimpactengineering1995.17(1–3).387–398.https.//doi.org/10.1016/0734-743x(95)99864-n,"[2] Held, M. Verification of the Equation for Radial Crater Growth by Shaped Charge Jet Penetration. International Journal of Impact Engineering 1995, 17 (1–3), 387–398. https://doi.org/10.1016/0734-743x(95)99864-n.",,Verification of the Equation for Radial Crater Growth by Shaped Charge Jet Penetration,1995
REF_1C38BF91BDD4CF6E,潘功配,潘功配.高等烟火学[m].哈尔滨.哈尔滨工程大学出版社.2005,"[2] 潘功配. 高等烟火学[M]. 哈尔滨: 哈尔滨工程大学出版社, 2005.",M,高等烟火学[M],2005
REF_1D88ED94D8EC3722,文鹤鸣,文鹤鸣.混凝土靶板冲击响应的经验公式.爆炸与冲击.2003(3)267-74,[4]文鹤鸣. 混凝土靶板冲击响应的经验公式. 爆炸与冲击. 2003 (3)267-74,,混凝土靶板冲击响应的经验公式,2003
REF_23EB1C1D510996BE,"张厚生, 张珊珊",张厚生.张珊珊.应用炸药的示性值作为能量输出指标的研究[j].兵工学报.1984(1).36-42,"[1] 张厚生, 张珊珊. 应用炸药的示性值作为能量输出指标的研究[J]. 兵工学报, 1984(1): 36-42.",J,应用炸药的示性值作为能量输出指标的研究[J],1984
REF_2751D80424D8EB6E,陈华华,陈华华.特质cl-20制备及性能研究[d].北京.北京理工大学.2014,"[1] 陈华华. 特质CL-20制备及性能研究[D]. 北京: 北京理工大学, 2014.",D,特质CL-20制备及性能研究[D],2014
REF_281D9640695F68C0,"杨利, 张同来",杨利.张同来.新型火工药剂理论与技术[m].北京.北京理工大学出版社.2019,"[2] 杨利, 张同来. 新型火工药剂理论与技术[M]. 北京: 北京理工大学出版社, 2019.",M,新型火工药剂理论与技术[M],2019
REF_2B3BF4328A97EDED,"LOCKING P M, DOLMAN J A",lockingpm.dolmanja.analysisofgurneyvelocitypredictionmethods[c]//ibs.proceedingsofthe25thinternationalsymposiumonballsitics.nevada.ibs.2010.692-699,"[3] LOCKING P M, DOLMAN J A. Analysis of Gurney velocity prediction methods[C]/ /IBS. Proceedings of the 25th International Symposium on Ballsitics. Nevada: IBS, 2010: 692-699.",C,Analysis of Gurney velocity prediction methods[C]/ /IBS,2010
REF_2CC4CEADCF0B6C08,"张世胜, 史成军",张世胜.史成军.起爆药和火工品[m].北京.国防工业出版社.1983,"[1] 张世胜, 史成军. 起爆药和火工品[M]. 北京: 国防工业出版社, 1983.",M,起爆药和火工品[M],1983
REF_2CE285F7A304C34C,"Bajić Z, Bogdanov J, Jeremić R",bajićz.bogdanovj.jeremićr.blasteffectsevaluationusingtntequivalent[j].scientifictechnicalreview.2009.59(3-4).50-53,"[6] Bajić Z, Bogdanov J, Jeremić R. Blast Effects Evaluation Using TNT Equivalent[J]. Scientific Technical Review, 2009, 59(3-4): 50-53.",J,Blast Effects Evaluation Using TNT Equivalent[J],2009
REF_2E11066490FAD4EA,"王昕炜, 聂志恒, 张彬, 等",王昕炜.聂志恒.张彬.等.基于dem的复合振动筛分研究[j].选煤技术.2025.53(6).25-31,"[3] 王昕炜, 聂志恒, 张彬, 等. 基于DEM的复合振动筛分研究[J]. 选煤技术, 2025, 53(6): 25-31.",J,基于DEM的复合振动筛分研究[J],2025
REF_328DB377201F5999,叶迎华,叶迎华.火工品技术[m].北京.国防工业出版社.2014,"[2] 叶迎华. 火工品技术[M]. 北京: 国防工业出版社, 2014.",M,火工品技术[M],2014
REF_377990097094D4CC,"肖强强,黄正祥,顾晓辉",肖强强.黄正祥.顾晓辉.聚能装药侵彻混凝土的径向扩孔工程研究[j].兵工学报.2010.31(4).464-468,"[1]肖强强,黄正祥,顾晓辉.聚能装药侵彻混凝土的径向扩孔工程研究[J].兵工学报,2010,31(4):464-468.",J,聚能装药侵彻混凝土的径向扩孔工程研究[J],2010
REF_3D9987BD0F289387,Calculation of Depth and Crater Diameter for the Supersonic Penetration of Shaped Charge Jet into Concrete,calculationofdepthandcraterdiameterforthesupersonicpenetrationofshapedchargejetintoconcrete,[3] Calculation of Depth and Crater Diameter for the Supersonic Penetration of Shaped Charge Jet into Concrete,,,
REF_41214D4D17B1771E,HUANG G Y，LI W，FENG S S,huanggy.liw.fengss.axialdistributionoffragmentvelocitiesfromcylindricalcasingunderexplosiveloading[j].internationaljournalofimpactengineering.2015.76.20-27,"[1] HUANG G Y，LI W，FENG S S. Axial distribution of Fragment Velocities from cylindrical casing under explosive loading[J]. International Journal of Impact Engineering, 2015, 76: 20-27.",J,Axial distribution of Fragment Velocities from cylindrical casing under explosive loading[J],2015
REF_48692A7C367094E0,终点效应学[M],终点效应学[m],[1]终点效应学[M],M,,
REF_49A549682B3602A8,"Hasegawa, K",hasegawa.k.&sato.k..studyonthefireballfollowingsteamexplosionofn-pentane.inproc.2dint.symp.onlosspreventionandsafetypromotion.heidelberg.1977.dechema.frankfurt.1978bakerwe.coxpa.westineps.etal.explosionhazardsandevaluation[m].elsevier.elseviersciencepubco.1983,"[4] Hasegawa, K. & Sato, K., Study on the fireball following steam explosion of n-pentane. In Proc. 2d Int. Symp. on Loss Prevention and safety Promotion, Heidelberg, 1977. DEChemA, Frankfurt, 1978 Baker W E, Cox P A,Westine P S, et al. Explosion hazards and evaluation[M].Elsevier: Elsevier Science Pub Co, 1983.",M,"& Sato, K",1977
REF_4C9D09E67A054110,"张昊,王海福,余庆波,等",张昊.王海福.余庆波.等.活性射流侵彻钢筋混凝土靶后效超压特性[j].兵工学报.2019.40(7).1365-1372,"[2]张昊,王海福,余庆波,等.活性射流侵彻钢筋混凝土靶后效超压特性[J].兵工学报,2019,40(7):1365-1372.",J,活性射流侵彻钢筋混凝土靶后效超压特性[J],2019
REF_4E4F61353F88265D,"Roberts, A",roberts.a.f..thermalradiationhazardsfromreleasesoflpgfrompressurisedstorage.firesafetyj..4(1981/1982)197-212,"[2]Roberts, A. F .. Thermal radiation hazards from releases of LPG fromPressurised storage. Fire Safety J .. 4(1981/1982) 197-212",,F,1981
REF_532E8693DFFA47B2,张先锋编著,张先锋编著.终点效应学[m].北京.北京理工大学出版社.2017,"[2]张先锋编著. 终点效应学[M]. 北京：北京理工大学出版社,2017.",M,终点效应学[M],2017
REF_53AA3E8F59CC4B79,"高月光, 冯顺山, 刘云辉, 等",高月光.冯顺山.刘云辉.等.不同端盖厚度的圆柱形装药壳体破片初速分布[j].兵工学报.2022.43(7).1527-1536,"[1] 高月光, 冯顺山, 刘云辉, 等. 不同端盖厚度的圆柱形装药壳体破片初速分布[J]. 兵工学报, 2022, 43(7): 1527-1536.",J,不同端盖厚度的圆柱形装药壳体破片初速分布[J],2022
REF_5908F1474A6401F9,侯忠岩,侯忠岩.连续自清洗网式过滤器试验与数值模拟研究[d].西安.西安理工大学.2023,"[2] 侯忠岩. 连续自清洗网式过滤器试验与数值模拟研究[D]. 西安: 西安理工大学, 2023.",D,连续自清洗网式过滤器试验与数值模拟研究[D],2023
REF_59BA6C55044BFA98,"潘功配, 杨硕",潘功配.杨硕.烟火学[m].北京.北京理工大学出版社.1997,"[1] 潘功配, 杨硕. 烟火学[M]. 北京: 北京理工大学出版社, 1997.",M,烟火学[M],1997
REF_63AB96C299F8FCD3,"徐豫新,王树山,翟喆,等",徐豫新.王树山.翟喆.等.高速钨合金破片对中厚钢靶的穿甲效应研究[j].兵工学报.2009.30(s2).259-262,"[2]徐豫新,王树山,翟喆,等.高速钨合金破片对中厚钢靶的穿甲效应研究[J].兵工学报,2009,30(S2):259-262.",J,高速钨合金破片对中厚钢靶的穿甲效应研究[J],2009
REF_67C05BA002195B71,"尚云平, 陈雪, 张俊, 等",尚云平.陈雪.张俊.等.硝酸锶-5at点火药吸湿性研究[j].火工品.2025.(2).31-37,"[1] 尚云平, 陈雪, 张俊, 等. 硝酸锶-5AT点火药吸湿性研究[J]. 火工品, 2025, (2): 31-37.",J,硝酸锶-5AT点火药吸湿性研究[J],2025
REF_68EA248349291E21,"KESHAVARZ M H, SEMNANI A",keshavarzmh.semnania.thesimplestmethodforcalculatingenergyoutputandgurneyvelocityofexplosives[j].journalofhazardousmaterials.2006.131(1/3).1-5,"[1] KESHAVARZ M H, SEMNANI A. The simplest method for calculating energy output and Gurney velocity of explosives[J]. Journal of Hazardous Materials, 2006, 131(1/3): 1-5.",J,The simplest method for calculating energy output and Gurney velocity of explosives[J],2006
REF_6904B9738CE19B30,"HARDESTY D R, KENNEDY J E",hardestydr.kennedyje.thermochemicalestimationofexplosiveenergyoutput[j].combustionandflame.1977.28.45-59,"[1] HARDESTY D R, KENNEDY J E. Thermochemical estimation of explosive energy output[J]. Combustion and Flame, 1977, 28: 45-59.",J,Thermochemical estimation of explosive energy output[J],1977
REF_69D42764D9119E69,"郝志坚, 王琪, 杜世云",郝志坚.王琪.杜世云.炸药理论[m].北京.北京理工大学出版社.2015,"[1] 郝志坚, 王琪, 杜世云. 炸药理论[M]. 北京: 北京理工大学出版社, 2015.",M,炸药理论[M],2015
REF_6A4D736BD67D646B,"李钊鑫, 盛涤伦, 朱雅红, 等",李钊鑫.盛涤伦.朱雅红.等.三种起爆药抗高加速度过载能力及受力模型[j].含能材料.2012.20(4).432-436,"[3] 李钊鑫, 盛涤伦, 朱雅红, 等. 三种起爆药抗高加速度过载能力及受力模型[J]. 含能材料, 2012, 20(4): 432-436.",J,三种起爆药抗高加速度过载能力及受力模型[J],2012
REF_6D636087CC29B142,"KAMLET M J, FINGER M",kamletmj.fingerm.analternativemethodforcalculatinggurneyvelocities[j].combustionandflame.1979.34.213-214,"[2] KAMLET M J, FINGER M. An alternative method for calculating Gurney velocities[J]. Combustion and Flame, 1979, 34: 213-214.",J,An alternative method for calculating Gurney velocities[J],1979
REF_6DE5BD86090D64D5,冯长根,冯长根.小尺寸微通道爆轰学[m].北京.化学工业出版社.1999,"[1] 冯长根. 小尺寸微通道爆轰学[M]. 北京: 化学工业出版社, 1999.",M,小尺寸微通道爆轰学[M],1999
REF_712006B15FC4E3D4,王凤丹,王凤丹.燃料空气炸药热辐射毁伤效应研究[d].南京理工大学.2010,"[1]王凤丹.燃料空气炸药热辐射毁伤效应研究[D].南京理工大学,2010.",D,燃料空气炸药热辐射毁伤效应研究[D],2010
REF_7161FC050382C957,UNIFIED FACILITIES CRITERIA (UFC) STRUCTURES TO RESIST THE EFFECTS OF ACCIDENTAL EXPLOSIONS,unifiedfacilitiescriteria(ufc)structurestoresisttheeffectsofaccidentalexplosions,[1] UNIFIED FACILITIES CRITERIA (UFC) STRUCTURES TO RESIST THE EFFECTS OF ACCIDENTAL EXPLOSIONS,,,
REF_7329861C59E575A9,米振涛,米振涛.化学工艺学[m].北京.化学工业出版社.2006,"[2] 米振涛. 化学工艺学[M]. 北京: 化学工业出版社, 2006.",M,化学工艺学[M],2006
REF_734D99497B8F995A,"陈兵, 刘涵, 张晁辉, 等",陈兵.刘涵.张晁辉.等.双频振动筛动力学特性与筛分性能研究[j/ol].振动、测试与诊断.1-10[2026-06-09].https.//link.cnki.net/urlid/32.1361.v.20260511.1447.014,"[3] 陈兵, 刘涵, 张晁辉, 等. 双频振动筛动力学特性与筛分性能研究[J/OL]. 振动、测试与诊断, 1-10[2026-06-09]. https://link.cnki.net/urlid/32.1361.V.20260511.1447.014.",,双频振动筛动力学特性与筛分性能研究[J/OL],2026
REF_7552C4370DF55308,"Rakaczky, J",rakaczky.j.a..thesuppressionofthermalhazardsfromexplosionsofmunitions.aliteraturesurvey.brlinterimmemorandumreprotno377.aberdeenprovingground.md.usa.1975,"[1] Rakaczky, J.A .. The suppression of thermal hazards from explosions of munitions:a literature survey.BRL Interim Memorandum Reprot No377. Aberdeen Proving Ground, MD, USA, 1975.",,A,1975
REF_78F24373B4889870,"Liao W, Jiang J, Men J, Wang S, Li M, Liu H",liaow.jiangj.menj.wangs.lim.liuh.effectoftheendcaponthefragmentvelocitydistributionofacylindricalcasedcharge.defencetechnology2021.17.1052–61,"[2] Liao W, Jiang J, Men J, Wang S, Li M, Liu H. Effect of the end cap on the fragment velocity distribution of a cylindrical cased charge. Defence Technology 2021; 17: 1052–61.",,Effect of the end cap on the fragment velocity distribution of a cylindrical cased charge,2021
REF_79572D03A437FE5C,S,s.b.dorofeev.v.p.sidorov.etal..fireballsfromdeflagrationanddetonationofheterogeneousfuel-richclouds.firesafetyjournal.25(1995)323-326,"[1] S. B. Dorofeev, V. P. Sidorov, et al .. Fireballs from Deflagration and Detonation of Heterogeneous Fuel-rich Clouds. Fire Safety Journal. 25(1995)323-326",,B,1995
REF_7ABCA4B94E8A2D01,"王瑶贺, 高红",王瑶贺.高红.化工原理[m].北京.化学工业出版社.2016,"[1] 王瑶贺, 高红. 化工原理[M]. 北京: 化学工业出版社, 2016.",M,化工原理[M],2016
REF_7F82AC8A833C3E5E,"劳允亮, 盛涤伦",劳允亮.盛涤伦.火工药剂学[m].北京.北京理工大学出版社.2011,"[1] 劳允亮, 盛涤伦. 火工药剂学[M]. 北京: 北京理工大学出版社, 2011.",M,火工药剂学[M],2011
REF_80EEC11A0619FA9E,"刘玲, 袁俊明, 刘玉存, 等",刘玲.袁俊明.刘玉存.等.自制炸药的冲击波超压测试及tnt当量估算[j].火炸药学报.2015.38(2).50-53,"[4]刘玲, 袁俊明, 刘玉存, 等. 自制炸药的冲击波超压测试及TNT当量估算[J]. 火炸药学报, 2015, 38(2): 50-53.",J,自制炸药的冲击波超压测试及TNT当量估算[J],2015
REF_84B3CF6499E91C28,LOCKING P M,lockingpm.gurneyvelocityrelationships[c]//ibs.proceedingsofthe29thinternationalsymposiumonballsitics.nevada.ibs.2016.1291-1300,"[2] LOCKING P M. Gurney velocity relationships[C]/ / IBS. Proceedings of the 29th International Symposium on Ballsitics. Nevada: IBS, 2016: 1291-1300.",C,Gurney velocity relationships[C]/ / IBS,2016
REF_84E348AAA8A17332,王树山,王树山.终点效应学(第2版)[m].北京.科学出版社.2019,"[1]王树山. 终点效应学（第2版）[M]. 北京：科学出版社, 2019.",M,终点效应学（第2版）[M],2019
REF_87261B11A77FCCD0,"劳允亮, 黄浩川",劳允亮.黄浩川.起爆药学[m].北京.国防工业出版社.1980,"[4] 劳允亮, 黄浩川. 起爆药学[M]. 北京: 国防工业出版社, 1980.",M,起爆药学[M],1980
REF_91AE20BDC66CA646,胡雨晨,胡雨晨.溢流式搅拌釜反应器内多相流动与混合的理论研究与工程优化[d].杭州.浙江大学.2012,"[2] 胡雨晨. 溢流式搅拌釜反应器内多相流动与混合的理论研究与工程优化[D]. 杭州: 浙江大学, 2012.",D,溢流式搅拌釜反应器内多相流动与混合的理论研究与工程优化[D],2012
REF_93432305496FE91C,LOCKING P M,lockingpm.tntequivalence-experimentalcomparisonagainstprediction[c]//proceedingsofthe27thinternationalsymposiumonballistics.freiburg.germany.internationalballisticssociety.2013,"[1] LOCKING P M. TNT equivalence-experimental comparison against prediction[C]//Proceedings of the 27th International Symposium on Ballistics. Freiburg, Germany: International Ballistics Society, 2013.",C,TNT equivalence-experimental comparison against prediction[C]//Proceedings of the 27th International Symposium on Ballistics,2013
REF_93A0FA3B7C043E26,"沈涛, 廖璘志, 代云中",沈涛.廖璘志.代云中.一种弹性振动翻转筛系统的动态特性研究[j/ol].机械设计与制造.1-8[2026-06-09].https.//doi.org/10.19356/j.cnki.1001-3997.20260519.001,"[2] 沈涛, 廖璘志, 代云中. 一种弹性振动翻转筛系统的动态特性研究[J/OL]. 机械设计与制造, 1-8[2026-06-09]. https://doi.org/10.19356/j.cnki.1001-3997.20260519.001.",,一种弹性振动翻转筛系统的动态特性研究[J/OL],2026
REF_9612BE8541F47131,KESHAVARZ M H,keshavarzmh.newmethodforpredictionofthegurneyenergyofhighexplosives[j].propellants.explosives.pyrotechnics.2008.33(4).316-320,"[2] KESHAVARZ M H. New method for prediction of the Gurney energy of high explosives[J]. Propellants, Explosives, Pyrotechnics, 2008, 33(4): 316-320.",J,New method for prediction of the Gurney energy of high explosives[J],2008
REF_9A53467041D42BC7,"MOTT N F, GRADY D",mottnf.gradyd.atheoryofthefragmentationofshellsandbombs[j].fragmentationofringsandshells.thelegacyofnfmott.2006.243−294,"[1] MOTT N F, GRADY D. A theory of the fragmentation of shells and bombs[J]. Fragmentation of Rings and Shells: The Legacy of NF Mott, 2006: 243−294.",J,A theory of the fragmentation of shells and bombs[J],2006
REF_9ABE5A5A9C8E4A55,"HAO H, STEWART M, LI Z X, et al",haoh.stewartm.lizx.etal.rccolumnfailureprobabilitiestoblastloads[j].internationaljournalofprotectivestructures.2010.1(4).571-597,"[1] HAO H, STEWART M, LI Z X, et al. RC column failure probabilities to blast loads[J]. International Journal of Protective Structures, 2010, 1(4): 571-597.",J,RC column failure probabilities to blast loads[J],2010
REF_9AF7CAEB4010F171,冯长根,冯长根.热爆炸理论[m].北京.科学出版社.1988,"[1] 冯长根. 热爆炸理论[M]. 北京: 科学出版社, 1988.",M,热爆炸理论[M],1988
REF_9B8CD14205CE85B6,"范俊余, 方秦, 张亚栋, 等",范俊余.方秦.张亚栋.等.岩石乳化炸药tnt当量系数的试验研究[j].兵工学报.2011.32(10).1243-1249,"[2]范俊余, 方秦, 张亚栋, 等. 岩石乳化炸药TNT当量系数的试验研究[J]. 兵工学报, 2011, 32(10): 1243-1249.",J,岩石乳化炸药TNT当量系数的试验研究[J],2011
REF_9F4C533385908FE7,KESHAVARZ M H,keshavarzmh.analternativemethodforestimationofgurneyvelocitybasedonassumeddetonationproducts[j].chinesejournalofenergeticmaterials.2006.14(6).449-452,"[3] KESHAVARZ M H. An alternative method for estimation of gurney velocity based on assumed detonation products[J]. Chinese Journal of Energetic Materials, 2006, 14(6): 449-452.",J,An alternative method for estimation of gurney velocity based on assumed detonation products[J],2006
REF_A026D0B48063D21A,李党屯,李党屯.碱式sdf生产的关键技术[j].火工品.2000.(1).41-44,"[2] 李党屯. 碱式SDF生产的关键技术[J]. 火工品, 2000, (1): 41-44.",J,碱式SDF生产的关键技术[J],2000
REF_A405EC568127EE7F,KOCH A,kocha.asimplerelationbetweenthedetonationvelocityofanexplosiveanditsgurneyenergy[j].propellants.explosives.pyrotechnics.2002.27(6).365-368,"[2] KOCH A. A simple relation between the detonation velocity of an explosive and its Gurney energy[J]. Propellants, Explosives, Pyrotechnics, 2002, 27(6): 365-368.",J,A simple relation between the detonation velocity of an explosive and its Gurney energy[J],2002
REF_A40EAA6F7D23A6A6,"钱秉文, 周刚, 李进, 等",钱秉文.周刚.李进.等.钨合金弹体超高速撞击混凝土靶成坑特性研究[j].北京理工大学学报.2018.38(10).1012-1017.doi.10.15918/j.tbit1001-0645.2018.10.004,"[1]钱秉文, 周刚, 李进, 等. 钨合金弹体超高速撞击混凝土靶成坑特性研究[J]. 北京理工大学学报, 2018, 38(10): 1012-1017. DOI: 10. 15918/j. tbit1001-0645. 2018. 10. 004.",J,钨合金弹体超高速撞击混凝土靶成坑特性研究[J],2018
REF_A47946C0C2A3396A,"王海福,郑元枫,余庆波著",王海福.郑元枫.余庆波著.活性毁伤增强聚能战斗部技术[m].北京.北京理工大学出版社.2020,"[1]王海福,郑元枫,余庆波著. 活性毁伤增强聚能战斗部技术[M]. 北京：北京理工大学出版社,2020.",M,活性毁伤增强聚能战斗部技术[M],2020
REF_A52A94B613B88B63,国防科学技术工业委员会,国防科学技术工业委员会.火工品药剂试验方法第9部分.吸湿性测定.gjb5891.9-2006[s].陕西.中国兵器工业第二一三研究所.2006.12,"[1] 国防科学技术工业委员会. 火工品药剂试验方法 第9部分: 吸湿性测定: GJB 5891.9-2006[S]. 陕西: 中国兵器工业第二一三研究所, 2006: 12.",S,火工品药剂试验方法 第9部分: 吸湿性测定: GJB 5891,2006
REF_A6074CCCF2AFBEB7,"高世桥, 金磊, 肖李军, 等",高世桥.金磊.肖李军.等.侵彻力学[m].北京.北京理工大学出版社.2024,"[1]高世桥, 金磊, 肖李军, 等. 侵彻力学[M]. 北京：北京理工大学出版社,2024.",M,侵彻力学[M],2024
REF_A758FA1454C9E7CA,"孙铭泽, 王艳平, 曾丹, 等",孙铭泽.王艳平.曾丹.等.不同温度下的黑索今、奥克托今静电感度变化特性与规律[j].科学技术与工程.2026.26(13).5628-5636,"[2] 孙铭泽, 王艳平, 曾丹, 等. 不同温度下的黑索今、奥克托今静电感度变化特性与规律[J]. 科学技术与工程, 2026, 26(13): 5628-5636.",J,不同温度下的黑索今、奥克托今静电感度变化特性与规律[J],2026
REF_A8E34B4C4176C88F,"宋玉琴, 褚永贤, 李公法",宋玉琴.褚永贤.李公法.碱式三硝基间苯二酚铅的制备及其性能[j].火工品.1996.(1).47-49,"[3] 宋玉琴, 褚永贤, 李公法. 碱式三硝基间苯二酚铅的制备及其性能[J]. 火工品, 1996, (1): 47-49.",J,碱式三硝基间苯二酚铅的制备及其性能[J],1996
REF_AA2FC1DC3FFF0318,陈志平,陈志平.搅拌与混合设备设计选用手册[m].北京.化学工业出版社.2004,"[1] 陈志平. 搅拌与混合设备设计选用手册[M]. 北京: 化学工业出版社, 2004.",M,搅拌与混合设备设计选用手册[M],2004
REF_B03BAEC277A4D020,"龙瑶, 陈军",龙瑶.陈军.高聚物黏结炸药的分子模拟进展[j].高压物理学报.2019.33(3).52-66,"[1] 龙瑶, 陈军. 高聚物黏结炸药的分子模拟进展[J]. 高压物理学报, 2019, 33(3): 52-66.",J,高聚物黏结炸药的分子模拟进展[J],2019
REF_B68D79A1213A020D,T,t.zulkoski.developmentofoptimumtheoreticalwarheaddesigncriteriachinalakenavalweaponscenter.california.usa(1976)reportno.adb015617,"[2] T. Zulkoski. Development of optimum theoretical warhead design criteria China Lake Naval Weapons Center, California, USA (1976) Report No. ADB015617.",,Zulkoski,1976
REF_BB249149A4A9C498,"隋树元, 王树山编著",隋树元.王树山编著.终点效应学[m].国防工业出版社.2000,"[1] 隋树元, 王树山编著. 终点效应学[M]. 国防工业出版社, 2000.",M,终点效应学[M],2000
REF_BB327FEC3239DED1,CCPS/AIChE,ccps/aiche.guidelinesforevaluatingthecharacteristicsofvaporcloud.explosions.flashfires.andbleves[m].aiche.newyork.1994,"[1] CCPS/AIChE. Guidelines for Evaluating the Characteristics of Vapor Cloud, Explosions, Flash Fires, and BLEVEs[M]. AIChE, New York, 1994.",M,"Guidelines for Evaluating the Characteristics of Vapor Cloud, Explosions, Flash Fires, and BLEVEs[M]",1994
REF_BC07814ECCB7961F,王树山,王树山.终点效应学[m].2版.北京.科学出版社.2019,"[1] 王树山. 终点效应学[M]. 2版. 北京: 科学出版社, 2019.",M,终点效应学[M],2019
REF_BF0E5B8DE79CC62D,马晓迅,马晓迅.化工原理[m].北京.化学工业出版社.2010,"[2] 马晓迅. 化工原理[M]. 北京: 化学工业出版社, 2010.",M,化工原理[M],2010
REF_BF2AACFB4667D168,马丙建,马丙建.间歇式聚丙烯生产过程撤热方式优化控制[j].山东化工.2022.51(16).190-192,"[4] 马丙建. 间歇式聚丙烯生产过程撤热方式优化控制[J]. 山东化工, 2022, 51(16): 190-192.",J,间歇式聚丙烯生产过程撤热方式优化控制[J],2022
REF_C23CDA003DCB22EB,"位国旭,崔浩,周昊,等",位国旭.崔浩.周昊.等.钨合金弹丸侵彻钢靶的数值模拟方法[j].爆炸与冲击.2025.45(8).160-176,"[1]位国旭,崔浩,周昊,等.钨合金弹丸侵彻钢靶的数值模拟方法[J].爆炸与冲击,2025,45(8):160-176.",J,钨合金弹丸侵彻钢靶的数值模拟方法[J],2025
REF_C4691C2267589E80,A,a.gunnarwijk.high-velocityprojectilepenetrationintothickarmourtargets.internationaljournalofimpactengineering.1999(22).45-54,"[3] A. Gunnar Wijk, High-velocity projectile penetration into thick armour targets. International journal of impact engineering, 1999 (22), 45-54.",,"Gunnar Wijk, High-velocity projectile penetration into thick armour targets",1999
REF_C50F9021D863EE74,"白户纹平, 村濑敏朗, 入谷英司, 等",白户纹平.村濑敏朗.入谷英司.等.过滤理论的研究及其工业应用[j].流体工程.1992.(12).32-38,"[1] 白户纹平, 村濑敏朗, 入谷英司, 等. 过滤理论的研究及其工业应用[J]. 流体工程, 1992, (12): 32-38.",J,过滤理论的研究及其工业应用[J],1992
REF_C84B0358A3AB9549,张勇,张勇.振动筛分过程的dem仿真研究[d].沈阳.东北大学.2012,"[1] 张勇. 振动筛分过程的DEM仿真研究[D]. 沈阳: 东北大学, 2012.",D,振动筛分过程的DEM仿真研究[D],2012
REF_C9F5A6CE5603A189,"刘丽娟, 刘斌",刘丽娟.刘斌.几种起爆药的耐高温性能对比研究[j].火工品.2021.(2).37-40,"[2] 刘丽娟, 刘斌. 几种起爆药的耐高温性能对比研究[J]. 火工品, 2021, (2): 37-40.",J,几种起爆药的耐高温性能对比研究[J],2021
REF_D08D064A3CA8BFED,缺,缺,缺,,,
REF_D1DC3A8E70E4C7B2,蔡纪宁,蔡纪宁.化工设备机械基础课程设计指导书[m].北京.化学工业出版社.2000,"[1] 蔡纪宁. 化工设备机械基础课程设计指导书[M]. 北京: 化学工业出版社, 2000.",M,化工设备机械基础课程设计指导书[M],2000
REF_D1EC9C0643317EA6,"High, R",high.r.w..thesaturnfireball.annalsofthenewyorkacademyscience.152(1968)441-451,"[3] High, R. W .. The Saturn fireball. Annals of the New York Academy Science. 152(1968) 441-451",,W,1968
REF_D3987DB842E0FF99,刘芃,刘芃.d-甘露醇多晶型的研究[d].天津.天津大学.2011,"[1] 刘芃. D-甘露醇多晶型的研究[D]. 天津: 天津大学, 2011.",D,D-甘露醇多晶型的研究[D],2011
REF_D55EADE9ADEB8BFE,"肖继军, 朱卫华, 朱伟, 等",肖继军.朱卫华.朱伟.等.高能材料分子动力学[m].北京.科学出版社.2013,"[1] 肖继军, 朱卫华, 朱伟, 等. 高能材料分子动力学[M]. 北京: 科学出版社, 2013.",M,高能材料分子动力学[M],2013
REF_D6EF3EE0CD5FC5A7,"刘铁磊,徐豫新,王晓锋,等",刘铁磊.徐豫新.王晓锋.等.钨合金球形破片侵彻低碳钢的弹道极限速度计算模型[j].兵工学报.2022.43(4).768-779,"[3]刘铁磊,徐豫新,王晓锋,等.钨合金球形破片侵彻低碳钢的弹道极限速度计算模型[J].兵工学报,2022,43(4):768-779.",J,钨合金球形破片侵彻低碳钢的弹道极限速度计算模型[J],2022
REF_E12B5378B86C0684,"李世民, 李晓军, 郭彦明",李世民.李晓军.郭彦明.温压炸药爆炸空气冲击波的数值模拟研究[j].爆破.2011.28(3).8-12,"[2] 李世民, 李晓军, 郭彦明. 温压炸药爆炸空气冲击波的数值模拟研究[J]. 爆破, 2011, 28(3):8-12.",J,温压炸药爆炸空气冲击波的数值模拟研究[J],2011
REF_E1539067B6F9ABFC,"张雪朋,肖建光,余庆波,等",张雪朋.肖建光.余庆波.等.活性药型罩聚能装药破甲后效超压特性[j].兵工学报.2016.37(8).1388-1394,"[1]张雪朋,肖建光,余庆波,等.活性药型罩聚能装药破甲后效超压特性[J].兵工学报,2016,37(8):1388-1394.",J,活性药型罩聚能装药破甲后效超压特性[J],2016
REF_E89580040821269C,"罗西, 常海, 周文静, 等",罗西.常海.周文静.等.2.6-二苦氨基-3.5-二硝基吡啶(pyx)晶形优化及性能表征[j].火炸药学报.2023.46(4).306-314,"[1] 罗西, 常海, 周文静, 等. 2,6-二苦氨基-3,5-二硝基吡啶(PYX)晶形优化及性能表征[J]. 火炸药学报, 2023, 46(4): 306-314.",J,"2,6-二苦氨基-3,5-二硝基吡啶(PYX)晶形优化及性能表征[J]",2023
REF_E99DC9BF6E3E0329,吴德荣,吴德荣.化学工艺设计手册[m].北京.化学工业出版社.2018,"[1] 吴德荣. 化学工艺设计手册[M]. 北京: 化学工业出版社, 2018.",M,化学工艺设计手册[M],2018
REF_EAF9EF8C1E15E46A,王树山,王树山.终点效应学第2版[m].北京.科学出版社.2019,"[1]王树山. 终点效应学 第2版[M]. 北京：科学出版社,2019.",M,终点效应学 第2版[M],2019
REF_EB3E12BD1D828D35,中华人民共和国工业和信息化部,中华人民共和国工业和信息化部.钢制化工容器设计基础规范.hg/t20580-2020[s].北京.北京科学技术出版社.2020.12,"[2] 中华人民共和国工业和信息化部. 钢制化工容器设计基础规范: HG/T 20580-2020[S]. 北京: 北京科学技术出版社, 2020: 12.",S,钢制化工容器设计基础规范: HG/T 20580-2020[S],2020
REF_F18D0AAD77C6A60B,GURNEY R W,gurneyrw.theinitialvelocitiesoffragmentsfrombombs.shell.grenades[eb/ol].(1943-01-22)[2021-03-07],"[1] GURNEY R W. The initial velocities of fragments from bombs, shell, grenades[EB/OL]. (1943-01-22)[2021-03-07].",,"The initial velocities of fragments from bombs, shell, grenades[EB/OL]",1943
REF_F58121D9D79EAD5A,"ZHANG H Y, XU Y X, XIAO L H, et al",zhanghy.xuyx.xiaolh.etal.physics-informedmachinelearningmodelforpredictionofgroundreflectedwavepeakoverpressure[j].defencetechnology.2024.41.119-133,"[2] ZHANG H Y, XU Y X, XIAO L H, et al. Physics-informed machine learning model for prediction of ground reflected wave peak overpressure[J]. Defence Technology, 2024, 41: 119-133",J,Physics-informed machine learning model for prediction of ground reflected wave peak overpressure[J],2024
REF_F5AFB8C8E616961A,"米振昊, 赵文渊, 李瑛, 等",米振昊.赵文渊.李瑛.等.碳纳米管包覆sdf起爆药静电性能研究[c].中国物理学会静电专业委员会.静电放电.从地面新技术应用到空间卫星安全防护——中国物理学会第二十届全国静电学术会议论文集.北京理工大学爆炸科学与技术国家重点实验室.2015.432-435,"[1] 米振昊, 赵文渊, 李瑛, 等. 碳纳米管包覆SDF起爆药静电性能研究[C]. 中国物理学会静电专业委员会. 静电放电: 从地面新技术应用到空间卫星安全防护——中国物理学会第二十届全国静电学术会议论文集. 北京理工大学爆炸科学与技术国家重点实验室, 2015: 432-435.",C,碳纳米管包覆SDF起爆药静电性能研究[C],2015
REF_F732E3E226268427,FREM D,fremd.asimplerelationshipforthecalculationofthegurneyvelocityofhighexplosivesusingthebkwthermochemicalcode[j].journalofenergeticmaterials.2015.33(2).140-144,"[1] FREM D. A simple relationship for the calculation of the Gurney velocity of high explosives using the BKW thermochemical code[J]. Journal of Energetic Materials, 2015, 33(2): 140-144.",J,A simple relationship for the calculation of the Gurney velocity of high explosives using the BKW thermochemical code[J],2015
REF_F77352BA2EDAA330,"Baker W E, Cox P A,Westine P S, et al",bakerwe.coxpa.westineps.etal.explosionhazardsandevaluation[m].elsevier.elseviersciencepubco.1983,"[1] Baker W E, Cox P A,Westine P S, et al. Explosion hazards and evaluation[M].Elsevier: Elsevier Science Pub Co, 1983.",M,Explosion hazards and evaluation[M],1983
REF_F82B696DDA0D0436,"于谦, 侯佳杏, 刘劲松, 等",于谦.侯佳杏.刘劲松.等.浅析盐雾环境对火工药剂安定性能的影响[j].装备环境工程.2022.19(12).40-47,"[1] 于谦, 侯佳杏, 刘劲松, 等. 浅析盐雾环境对火工药剂安定性能的影响[J]. 装备环境工程, 2022, 19(12): 40-47.",J,浅析盐雾环境对火工药剂安定性能的影响[J],2022
REF_F9D8156C827F3528,FREM D,fremd.simplecorrelationsfortheestimationofpropellantsspecificimpulseandthegurneyvelocityofhighexplosives[j].combustionscienceandtechnology.2016.188(1).77-81,"[1] FREM D. Simple correlations for the estimation of propellants specific impulse and the Gurney velocity of high explosives[J]. Combustion Science and Technology, 2016, 188(1): 77-81.",J,Simple correlations for the estimation of propellants specific impulse and the Gurney velocity of high explosives[J],2016
REF_FC3F0F8732380E47,"王海福,郑元枫等著",王海福.郑元枫等著.活性毁伤材料终点效应[m].北京.北京理工大学出版社.2020,"[1]王海福,郑元枫等著. 活性毁伤材料终点效应[M]. 北京：北京理工大学出版社,2020.",M,活性毁伤材料终点效应[M],2020
REF_FCDFFE4F02A93E6F,"李洪珍, 焦方宝",李洪珍.焦方宝.含能晶体材料撞击感度的影响研究进展[j].火炸药学报.2025.48(1).1-21,"[2] 李洪珍, 焦方宝. 含能晶体材料撞击感度的影响研究进展[J]. 火炸药学报, 2025, 48(1): 1-21.",J,含能晶体材料撞击感度的影响研究进展[J],2025
REF_FE3754A2B547C580,"张宝平, 等",张宝平.等.爆轰物理学[m].北京.兵器工业出版社.2001,"[1] 张宝平, 等. 爆轰物理学[M]. 北京: 兵器工业出版社, 2001.",M,爆轰物理学[M],2001
