table_id,column_count,row_count,rows_json,section_id,source_document_id,table_number,table_type,title
SAFETY_TABLE_1-1,7,7,"[[""参数"", ""参数"", ""物料"", ""物料"", ""安全防护"", ""安全防护"", ""安全防护""], [""参数"", ""参数"", ""理化性质"", ""产品结构"", ""燃爆载荷"", ""防护结构"", ""防护性能""], [""物料"", ""理化性质"", """", """", """", """", """"], [""物料"", ""产品结构"", """", """", """", """", """"], [""安全防护"", ""燃爆载荷"", """", """", """", """", """"], [""安全防护"", ""防护结构"", """", """", """", """", """"], [""安全防护"", ""防护性能"", """", """", """", """", """"]]",SAFETY_SEC_1_2,DOC_SAFE_V111,1-1,MATRIX,一层逻辑关系图谱
SAFETY_TABLE_2-1,13,14,"[[""参数"", ""参数"", ""安全防护"", ""安全防护"", ""安全防护"", ""安全防护"", ""安全防护"", ""安全防护"", ""安全防护"", ""安全防护"", ""安全防护"", ""安全防护"", ""安全防护""], [""参数"", ""参数"", ""冲击波超压"", ""正压作用时间"", ""比冲量"", ""TNT当量"", ""破片初速"", ""破片质量分布"", ""破片数量"", ""射流/EFP速度"", ""火球温度"", ""火球直径"", ""火球持续时间""], [""物料"", ""比例爆距"", """", """", """", """", """", """", """", """", """", """", """"], [""物料"", ""爆速"", """", """", """", """", """", """", """", """", """", """", """"], [""物料"", ""爆热"", """", """", """", """", """", """", """", """", """", """", """"], [""物料"", ""爆容"", """", """", """", """", """", """", """", """", """", """", """"], [""物料"", ""爆压"", """", """", """", """", """", """", """", """", """", """", """"], [""物料"", ""密度"", """", """", """", """", """", """", """", """", """", """", """"], [""物料"", ""装药质量"", """", """", """", """", """", """", """", """", """", """", """"], [""物料"", ""装填比"", """", """", """", """", """", """", """", """", """", """", """"], [""物料"", ""药型罩参数"", """", """", """", """", """", """", """", """", """", """", """"], [""物料"", ""产品数量"", ""☆"", ""☆"", ""☆"", ""☆"", """", """", ""☆"", """", ""☆"", ""☆"", ""☆""], [""物料"", ""堆垛方式"", ""☆"", ""☆"", ""☆"", ""☆"", """", ""☆"", ""☆"", ""☆"", """", """", """"], [""物料"", ""产品包装"", ""☆"", ""☆"", ""☆"", ""☆"", ""☆"", """", """", """", ""☆"", ""☆"", ""☆""]]",SAFETY_SEC_2,DOC_SAFE_V111,2-1,MATRIX,物料-安全防护维度重要逻辑关系
SAFETY_TABLE_2-2_T11,3,6,"[[""火炸药名称"", ""化学分子式"", ""D值/m""], [""硝基甲烷"", ""CH3NO2"", ""19.83""], [""HMX"", ""C4H8N8O8"", ""10.56""], [""TNT"", ""C7H5N3O8"", ""14.38""], [""RDX"", ""C3H6N6O6"", ""11.59""], [""PETN"", ""C6H9N5O12"", ""9.67""]]",SAFETY_SEC_2_30,DOC_SAFE_V111,2-2,REFERENCE_DATA,部分10kg炸药的理论火球温度
SAFETY_TABLE_2-2_T3,4,2,"[[""材料类型"", ""C40混凝土"", ""沙土"", ""土壤""], [""密度（kg/m3）"", ""2440"", ""1800"", ""1400""]]",SAFETY_SEC_2_5,DOC_SAFE_V111,2-2,REFERENCE_DATA,典型地面材料密度
SAFETY_TABLE_2-3_T12,4,5,"[[""模型作者"", ""a"", ""m"", ""适用范围""], [""Rakaczy[1]"", ""0.258"", ""0.349"", ""弹药爆炸、火球温度2500K左右""], [""Roberts[2]"", ""0.83"", ""0.349"", ""丙烷爆炸""], [""High[3]"", ""0.299"", ""0.32"", ""液体推进剂与燃料爆炸，质量大于20kg""], [""Hasegawa和Sato[4]"", ""1.07"", ""0.181"", ""液体推进剂与燃料爆炸，火球温度3600K左右""]]",SAFETY_SEC_2_31,DOC_SAFE_V111,2-3,PARAMETER_LOOKUP,部分火球模型的经验系数取值
SAFETY_TABLE_2-3_T4,5,2,"[[""炸药类型"", ""温压炸药"", ""HMX"", ""RDX"", ""TNT""], [""爆热（kJ/kg）"", ""7500-13900"", ""5645-5674"", ""5500-5800"", ""4120-4690""]]",SAFETY_SEC_2_7,DOC_SAFE_V111,2-3,REFERENCE_DATA,典型炸药爆热
SAFETY_TABLE_2-4,2,2,"[["""", ""正压作用时间""], [""爆热↑"", ""↑""]]",SAFETY_SEC_2_7,DOC_SAFE_V111,2-4,TREND,爆热对正压作用时间的影响趋势
SAFETY_TABLE_2-5,2,2,"[["""", ""比冲量""], [""爆热↑"", ""↑""]]",SAFETY_SEC_2_9,DOC_SAFE_V111,2-5,TREND,爆热对比冲量的影响趋势
SAFETY_TABLE_2-6,4,2,"[["""", ""冲击波超压"", ""正压作用时间"", ""比冲量""], [""装药密度↑"", ""↑"", ""↑"", ""↑""]]",SAFETY_SEC_2_10,DOC_SAFE_V111,2-6,TREND,装药密度对冲击波参数的影响趋势
SAFETY_TABLE_2-7,4,9,"[[""炸药类型"", ""TNT当量系数"", ""数据来源"", ""实测/计算条件""], [""TNT"", ""1.00"", ""基准值"", ""标准密度1.6 g/cm³""], [""岩石乳化炸药"", ""0.58–0.61"", ""冲击波试验（自由场与通道爆炸）"", ""空气中爆炸，比例距离校准""], [""TATP"", ""0.55–0.87"", ""冲击波试验"", ""空中爆炸""], [""HMTD"", ""0.82–0.84"", ""AUTODYN软件计算"", ""距离土壤一定高度处爆炸""], [""Composition C4"", ""1.14-1.37"", ""美军设计规范UFC 3-340-01"", ""理论爆压折算""], [""铵油炸药(ANFO)"", ""0.83"", ""查表法"", ""工业爆破常用值""], [""Cyclotol 60/40"", ""1.19"", ""期刊文献"", ""爆压折算""], [""硝酸铵/铝粉"", ""0.42–0.43"", ""超压试验（100g装药）"", ""铝粉占比12%，近地爆炸""]]",SAFETY_SEC_2_11,DOC_SAFE_V111,2-7,REFERENCE_DATA,典型炸药的TNT当量
SAFETY_TABLE_2-8,3,6,"[[""火炸药名称"", ""化学分子式"", ""T值/K""], [""硝基甲烷"", ""CH3NO2"", ""3184""], [""HMX"", ""C4H8N8O8"", ""3375""], [""TNT"", ""C7H5N3O8"", ""3184""], [""RDX"", ""C3H6N6O6"", ""3349""], [""PETN"", ""C6H9N5O12"", ""3903""]]",SAFETY_SEC_2_29,DOC_SAFE_V111,2-8,REFERENCE_DATA,部分炸药的理论火球温度
SAFETY_TABLE_2-91,4,5,"[[""模型作者"", ""k"", ""n"", ""适用范围""], [""Rakaczy[1]"", ""3.76"", ""0.325"", ""弹药爆炸、火球温度2500K左右""], [""Roberts[2]"", ""5.80"", ""1/3"", ""丙烷爆炸""], [""High[3]"", ""3.86"", ""0.32"", ""液体推进剂与燃料爆炸，质量大于20kg""], [""Hasegawa和Sato[4]"", ""5.25"", ""0.314"", ""液体推进剂与燃料爆炸，火球温度3600K左右""]]",SAFETY_SEC_2_30,DOC_SAFE_V111,2-91,PARAMETER_LOOKUP,部分火球模型的经验系数取值
SAFETY_TABLE_24,2,2,"[["""", """"], [""（a）靶板厚度对弹道极限速度影响"", ""（b）弹丸质量对弹道极限速度影响""]]",SAFETY_SEC_3_7,DOC_SAFE_V111,24,REFERENCE_DATA,表24
SAFETY_TABLE_3-10,4,6,"[[""介质"", ""KΠ（m2·s/kg）"", ""介质"", ""KΠ（m2·s/kg）""], [""松土"", ""17.0×10-6"", ""木材"", ""6.0×10-6""], [""黏土"", ""10.0×10-6"", ""砖砌物"", ""2.0×10-6""], [""坚实黏土"", ""7.0×10-6"", ""石灰岩、砂岩"", ""1.6×10-6""], [""坚实沙土"", ""6.5×10-6"", ""混凝土"", ""1.3×10-6""], [""沙"", ""4.5×10-6"", ""钢筋混凝土"", ""0.8×10-6""]]",SAFETY_SEC_3_5,DOC_SAFE_V111,3-10,REFERENCE_DATA,不同介质KΠ值
SAFETY_TABLE_3-12,5,7,"[[""编号"", ""靶板厚度/mm"", ""碰撞速度/(m·s⁻¹)"", ""侵孔直径/mm"", ""隆起高度/mm""], [""1"", ""289"", ""—"", ""—"", ""9.95""], [""2"", ""339"", ""—"", ""—"", ""16.12""], [""3"", ""381"", ""—"", ""—"", ""15.59""], [""4"", ""435"", ""10.38"", ""—"", ""17.81""], [""5"", ""482"", ""11.01"", ""—"", ""20.87""], [""6"", ""569"", ""12.03"", ""—"", ""9.61""]]",SAFETY_SEC_3_8,DOC_SAFE_V111,3-12,REFERENCE_DATA,碰撞3mm靶实验结果
SAFETY_TABLE_3-13,4,4,"[[""药型罩材料"", ""平均侵深（mm）"", ""药型罩材料"", ""平均侵深（mm）""], [""紫铜"", ""123"", ""铝"", ""72""], [""生铁"", ""111"", ""锌"", ""79""], [""钢"", ""103"", ""铅"", ""91""]]",SAFETY_SEC_3_19,DOC_SAFE_V111,3-13,REFERENCE_DATA,不同材料药型罩侵彻深度试验数据
SAFETY_TABLE_3-14,4,3,"[[""药型罩"", ""药量（g）"", ""炸高（mm）"", ""平均侵深（mm）""], [""喇叭罩"", ""480"", ""156~176"", ""383""], [""60°圆锥罩"", ""430"", ""166~176"", ""353""]]",SAFETY_SEC_3_19,DOC_SAFE_V111,3-14,REFERENCE_DATA,喇叭罩与圆锥罩侵彻深度的比较
SAFETY_TABLE_3-1_T13,11,15,"[[""参数"", ""参数"", ""安全防护"", ""安全防护"", ""安全防护"", ""安全防护"", ""安全防护"", ""安全防护"", ""安全防护"", ""安全防护"", ""安全防护""], [""参数"", ""参数"", ""侵彻深度"", ""穿孔直径"", ""孔容积"", ""极限穿透速度"", ""剩余动能"", ""靶后超压"", ""最大挠度"", ""崩落程度"", ""烧蚀面积""], [""安全防护"", ""冲击波超压"", """", """", """", """", """", """", """", """", """"], [""安全防护"", ""破片着速"", """", """", """", """", """", """", """", """", """"], [""安全防护"", ""破片直径"", """", """", """", """", """", """", """", """", """"], [""安全防护"", ""破片质量"", """", """", """", """", """", """", """", """", """"], [""安全防护"", ""着角"", """", """", """", """", """", """", """", """", """"], [""安全防护"", ""攻角"", """", """", """", """", """", """", """", """", """"], [""安全防护"", ""靶板厚度"", """", """", """", """", """", """", """", """", """"], [""安全防护"", ""靶板强度"", """", """", """", """", """", """", """", """", """"], [""安全防护"", ""射流参数"", """", """", """", """", """", """", """", """", """"], [""安全防护"", ""EFP参数"", """", """", """", """", """", """", """", """", """"], [""安全防护"", ""毁伤元活性"", """", """", """", """", """", """", """", """", """"], [""安全防护"", ""火球温度"", """", """", """", """", """", """", """", """", """"], [""安全防护"", ""间隔距离"", """", """", """", """", """", """", """", """", """"]]",SAFETY_SEC_3,DOC_SAFE_V111,3-1,MATRIX,安全防护-安全防护维度重要逻辑关系
SAFETY_TABLE_3-1_T23,3,8,"[[""介质"", ""A（kg·m-1·s-2）"", ""b（kg·m-1·s-2）""], [""松土"", ""0.461×10-7"", ""60×10-6""], [""坚土"", ""0.700×10-7"", ""60×10-6""], [""湿土"", ""0.266×10-7"", ""80×10-6""], [""沙土、碎石"", ""0.435×10-7"", ""20×10-6""], [""树木"", ""1.16×10-7"", ""20×10-6""], [""砖"", ""3.16×10-7"", ""15×10-6""], [""岩石"", ""（4.400-5.520）×10-7"", ""15×10-6""]]",SAFETY_SEC_3_5,DOC_SAFE_V111,3-1,REFERENCE_DATA,萨布茨基公式中的A、b值
SAFETY_TABLE_3-2,3,5,"[[""装甲类型"", ""K值范围"", ""适用场景""], [""低碳钢板"", ""1530"", ""低强度结构钢""], [""镍钢板"", ""1900"", ""中等硬度装甲""], [""均质装甲钢（RHA）"", ""2000–2400"", ""坦克标准装甲（硬度越高，K越大）""], [""表面硬化装甲"", ""2400–2600"", ""高硬度薄装甲""]]",SAFETY_SEC_3_2,DOC_SAFE_V111,3-2,PARAMETER_LOOKUP,装甲系数K的典型取值
SAFETY_TABLE_3-3,5,11,"[[""材料"", """", """", """", """"], [""镁"", ""6.4"", ""1.0"", ""1.1"", ""1.0""], [""铝合金"", ""6.2"", ""0.9"", ""0.9"", ""1.1""], [""钛合金"", ""7.6"", ""1.3"", ""1.3"", ""1.6""], [""铸铁"", ""10.2"", ""2.2"", ""2.2"", ""2.2""], [""表面硬化钢"", ""7.7"", ""1.2"", ""1.4"", ""1.7""], [""低碳钢"", ""6.5"", ""0.9"", ""1.0"", ""1.3""], [""高强度钢"", ""6.6"", ""0.9"", ""1.0"", ""1.3""], [""钢"", ""14.1"", ""3.5"", ""3.7"", ""4.3""], [""铅"", ""10.0"", ""2.7"", ""2.7"", ""3.6""], [""Tub合金"", ""14.8"", ""3.4"", ""3.5"", ""5.0""]]",SAFETY_SEC_3_2,DOC_SAFE_V111,3-3,REFERENCE_DATA,THOR方程常数（极限速度）
SAFETY_TABLE_3-4,3,6,"[[""常数"", ""靶板材料"", ""靶板材料""], [""常数"", ""钢（300BHN）"", ""铝（2024-T4）""], [""C/（m·s⁻¹）"", ""1297"", ""227""], [""K/（m·s⁻¹）"", ""-164"", ""141""], [""J/（m·s⁻¹）"", ""1544"", ""1450""], [""b"", ""0.61"", ""1.75""]]",SAFETY_SEC_3_2,DOC_SAFE_V111,3-4,REFERENCE_DATA,计算所用的常数值
SAFETY_TABLE_3-5,4,8,"[[""破片"", ""靶板"", ""a"", ""b""], [""钨球"", ""装甲板"", ""82"", ""1.05""], [""钨球"", ""钢板"", ""174"", ""0.84""], [""钨球"", ""铝板"", ""134"", ""0.75""], [""钨球"", ""木板"", ""751"", ""0.25""], [""钢球"", ""钢板"", ""146"", ""0.71""], [""钢球"", ""铝板"", ""110"", ""0.67""], [""钢球"", ""木板"", ""528"", ""0.23""]]",SAFETY_SEC_3_2,DOC_SAFE_V111,3-5,REFERENCE_DATA,a、b常数值
SAFETY_TABLE_3-6,6,11,"[[""材料"", ""c"", ""α"", ""β"", ""γ"", ""λ""], [""镁"", ""6.9"", ""1.1"", ""1.2"", ""1.1"", ""0.09""], [""铝合金"", ""7.0"", ""1.0"", ""1.1"", ""1.2"", ""0.14""], [""钛合金"", ""6.3"", ""1.1"", ""1.1"", ""1.4"", ""0.7""], [""铸铁"", ""4.8"", ""1.0"", ""1.1"", ""1.0"", ""0.52""], [""表面硬化钢"", ""4.4"", ""0.7"", ""0.8"", ""1.0"", ""0.43""], [""低碳钢"", ""6.4"", ""0.9"", ""0.9"", ""1.3"", ""0.02""], [""高强度钢"", ""6.5"", ""0.9"", ""0.9"", ""1.3"", ""0.02""], [""铜"", ""2.8"", ""0.7"", ""0.7"", ""0.8"", ""0.80""], [""铅"", ""2.0"", ""0.5"", ""0.5"", ""0.7"", ""0.82""], [""Tub合金"", ""2.5"", ""0.6"", ""0.6"", ""0.9"", ""0.83""]]",SAFETY_SEC_3_3,DOC_SAFE_V111,3-6,REFERENCE_DATA,THOR方程常数（剩余速度和剩余质量）
SAFETY_TABLE_3-7,5,9,"[[""序号"", ""靶板厚度(mm)"", ""着靶速度(m·s⁻¹)"", ""剩余速度(m·s⁻¹)"", ""穿孔孔径/mm""], [""1"", ""4"", ""1092.9"", ""888.9"", ""11.72""], [""2"", ""4"", ""1169.6"", ""952.4"", ""12.38""], [""3"", ""4"", ""1204.8"", ""980.4"", ""12.72""], [""4"", ""4"", ""1190.5"", ""—"", ""12.58""], [""5"", ""6"", ""1197.6"", ""—"", ""12.95""], [""6"", ""6"", ""1197.6"", ""865.8"", ""13.00""], [""7"", ""6"", ""751.9"", ""489.0"", ""9.95""], [""8"", ""6"", ""619.2"", ""346.6"", ""9.70""]]",SAFETY_SEC_3_4,DOC_SAFE_V111,3-7,REFERENCE_DATA,钨合金弹丸侵彻不同厚度 Q235 钢板的试验结果
SAFETY_TABLE_3-8,7,10,"[[""序号"", ""着靶速度/(m·s⁻¹)"", ""是否贯穿"", ""靶前孔径/mm"", ""靶前孔径/mm"", ""靶后孔径/mm"", ""极限侵深/mm""], [""序号"", ""着靶速度/(m·s⁻¹)"", ""是否贯穿"", ""内孔径"", ""外孔径"", ""靶后孔径/mm"", ""极限侵深/mm""], [""1"", ""1569.1"", ""是"", ""13.3"", ""21.8"", ""10.9"", ""—""], [""2"", ""1574.5"", ""是"", ""13.4"", ""22.2"", ""8.9"", ""—""], [""3"", ""1592.7"", ""是"", ""13.6"", ""22.4"", ""9.6"", ""—""], [""4"", ""1598.4"", ""是"", ""13.6"", ""22.4"", ""10.2"", ""—""], [""5"", ""1610.5"", ""是"", ""13.8"", ""22.2"", ""10.2"", ""—""], [""6"", ""1322.1"", ""否"", ""12.0"", ""20.2"", ""—"", ""19.9""], [""7"", ""1429.9"", ""是"", ""12.8"", ""20.8"", ""8.7"", ""—""], [""8"", ""1395.1"", ""是"", ""12.7"", ""21.6"", ""8.6"", ""—""]]",SAFETY_SEC_3_4,DOC_SAFE_V111,3-8,REFERENCE_DATA,φ7 mm钨球侵彻15 mm厚Q235钢靶试验结果
SAFETY_TABLE_3-9,3,3,"[["""", ""剩余速度"", ""穿孔孔径""], [""靶板厚度⬆"", ""⬇"", ""⬆""], [""破片着速⬆"", ""⬆"", ""⬆""]]",SAFETY_SEC_3_4,DOC_SAFE_V111,3-9,TREND,靶板厚度与破片着速趋势关联
SDF_TABLE_1,14,14,"[[""参数"", ""参数"", ""物料"", ""物料"", ""物料"", ""物料"", ""设备"", ""设备"", ""设备"", ""设备"", ""工艺"", ""工艺"", ""工艺"", ""工艺""], [""参数"", ""参数"", ""理化性质"", ""感度"", ""释能性"", ""安定性"", ""型式"", ""特征尺寸"", ""换热尺寸"", ""设计条件"", ""操作条件"", ""速率参数"", ""组分构成"", ""反应数据""], [""物料"", ""理化性质"", """", """", """", """", """", """", """", """", """", """", """", """"], [""物料"", ""感度"", """", """", """", """", """", """", """", """", """", """", """", """"], [""物料"", ""释能性"", """", """", """", """", """", """", """", """", """", """", """", """"], [""物料"", ""安定性"", """", """", """", """", """", """", """", """", """", """", """", """"], [""设备"", ""型式"", """", """", """", """", """", """", """", """", """", """", """", """"], [""设备"", ""特征尺寸"", """", """", """", """", """", """", """", """", """", """", """", """"], [""设备"", ""换热尺寸"", """", """", """", """", """", """", """", """", """", """", """", """"], [""设备"", ""设计条件"", """", """", """", """", """", """", """", """", """", """", """", """"], [""工艺"", ""操作条件"", """", """", """", """", """", """", """", """", """", """", """", """"], [""工艺"", ""速率参数"", """", """", """", """", """", """", """", """", """", """", """", """"], [""工艺"", ""组分构成"", """", """", """", """", """", """", """", """", """", """", """", """"], [""工艺"", ""反应数据"", """", """", """", """", """", """", """", """", """", """", """", """"]]",SDF_SEC_1_2_3,DOC_SDF_20260725,1,MATRIX,全维度重要关联图谱
SDF_TABLE_10,5,5,"[[""盐雾时间/d"", ""t₀/°C"", ""tₚ/°C"", ""Eₐ/(kJ·mol⁻¹)"", ""ΔHₐ/(J·g⁻¹)""], [""0"", ""264.00"", ""289.80"", ""112.52"", ""85.10""], [""1"", ""261.80"", ""295.30"", ""98.77"", ""45.20""], [""2"", ""262.10"", ""293.70"", ""97.02"", ""41.10""], [""3"", ""260.90"", ""291.20"", ""100.253"", ""46.08""]]",SDF_SEC_2_3_2_1,DOC_SDF_20260725,10,PARAMETER_LOOKUP,盐雾环境下贮存不同时间的SDF热分解动力学特征参数
SDF_TABLE_11,4,5,"[[""盐雾时间/d"", ""晶形变化"", ""组分变化"", ""安定性""], [""0"", ""棱柱状规则"", ""原始SDF"", ""原始""], [""1"", ""无明显变化"", ""无变化"", ""略降""], [""2"", ""开始层裂"", ""PbO2出现"", ""下降""], [""3"", ""小片状"", ""Pb3(CO3)2(OH)2"", ""明显下降""]]",SDF_SEC_2_3_2_1,DOC_SDF_20260725,11,REFERENCE_DATA,盐雾时间对SDF影响
SDF_TABLE_12,11,5,"[[""序号"", ""三硝基间苯二酚钠溶液"", ""三硝基间苯二酚钠溶液"", ""三硝基间苯二酚钠溶液"", ""三硝基间苯二酚钠溶液"", ""三硝基间苯二酚钠溶液"", ""Pb(NO3)2溶液"", ""Pb(NO3)2溶液"", ""Pb(NO3)2溶液"", ""晶体颗粒大小"", ""晶体颗粒大小""], [""序号"", ""三硝基间苯二酚/g"", ""碳酸钠/g"", ""加水/g"", ""加酸/g"", ""pH"", ""Pb(NO3)2"", ""加水/g"", ""pH"", ""最大/mm"", ""最小/mm""], [""1"", ""15"", ""7.5"", ""375"", ""3.5"", ""4.5-4.8"", ""21"", ""123"", ""2.3"", ""0.30"", ""0.15""], [""2"", ""15"", ""7.5"", ""375"", ""6"", ""6"", ""21"", ""64"", ""2.2"", ""0.07"", ""0.06""], [""3"", ""15"", ""7.5"", ""375"", ""6"", ""6"", ""21"", ""64"", ""2.2"", ""0.10"", ""0.06""]]",SDF_SEC_2_3_3_5,DOC_SDF_20260725,12,REFERENCE_DATA,溶液浓度对结晶颗粒的影响
SDF_TABLE_13,4,4,"[[""滑槽种类"", ""Ⅰ型/(μc·kg-1)"", ""Ⅱ型/(μc·kg-1)"", ""中性/(μc·kg-1)""], [""铝"", ""-0.53"", ""-1.42"", ""-22.5""], [""不锈钢"", ""-0.6"", ""-0.41"", ""-22.6""], [""纸"", ""-0.45"", ""-0.55"", ""-22.6""]]",SDF_SEC_2_3_4_2,DOC_SDF_20260725,13,REFERENCE_DATA,静电积累试验结果
SDF_TABLE_14,3,5,"[[""项  目"", ""SDF正盐"", ""SDF碱式盐""], [""表观密度(g·cm-3)"", ""1.3-1.6"", ""0.3-0.5""], [""燃烧热(cal·mol-1)"", ""1251"", ""890""], [""爆炸热(cal·mol-1)"", ""457"", ""328""], [""气体生成量(cm3·g-1)"", ""357"", ""315""]]",SDF_SEC_2_3_5_1,DOC_SDF_20260725,14,REFERENCE_DATA,SDF正盐与碱式盐的性能对比
SDF_TABLE_15,17,17,"[[""参数"", ""参数"", ""物料"", ""物料"", ""物料"", ""物料"", ""物料"", ""物料"", ""物料"", ""物料"", ""物料"", ""物料"", ""物料"", ""物料"", ""物料"", ""物料"", ""物料""], [""参数"", ""参数"", ""吸湿性"", ""火焰感度"", ""静电感度"", ""机械感度"", ""热感度"", ""爆热"", ""爆压"", ""爆温"", ""安定性"", ""粒度"", ""晶形"", ""湿含量"", ""安全性"", ""密度"", ""纯度""], [""物料"", ""湿含量"", """", ""☆"", """", """", ""☆"", ""☆"", """", ""☆"", """", """", """", """", ""☆"", """", """"], [""物料"", ""晶形"", """", """", """", """", """", """", """", """", ""☆"", """", """", """", ""☆"", """", """"], [""工艺"", ""盐雾环境"", """", """", """", """", """", """", """", """", """", """", """", """", """", """", """"], [""工艺"", ""反应温度"", """", """", """", """", """", """", """", """", """", """", """", """", """", """", """"], [""工艺"", ""反应时间"", """", """", """", """", """", """", """", """", """", """", """", """", """", ""☆"", ""☆""], [""工艺"", ""反应pH"", """", """", """", """", """", """", """", """", ""☆"", """", """", """", """", """", ""☆""], [""工艺"", ""过滤时间"", """", """", """", """", """", """", """", """", """", """", """", """", """", """", """"], [""工艺"", ""过滤速度"", """", """", """", """", """", """", """", """", """", """", """", """", """", """", """"], [""工艺"", ""过滤压力"", """", """", """", """", """", """", """", """", """", """", """", """", """", """", """"], [""工艺"", ""烘干温度"", """", """", """", """", ""☆"", """", """", """", ""☆"", """", """", """", ""☆"", """", """"], [""工艺"", ""烘干时间"", """", """", """", """", """", """", """", """", ""☆"", """", """", """", """", ""☆"", """"], [""工艺"", ""升温速率"", """", """", """", """", """", """", """", """", """", """", """", """", """", """", """"], [""工艺"", ""包装量"", """", """", """", """", """", """", """", """", """", """", """", """", """", """", """"], [""工艺"", ""颗粒分布"", """", """", """", """", """", """", """", """", """", """", """", """", ""☆"", """", """"], [""工艺"", ""配料组成"", """", """", """", """", """", """", """", """", """", """", """", """", """", """", """"]]",SDF_SEC_2_3_5_3,DOC_SDF_20260725,15,MATRIX,物料与其他主要维度的关联
SDF_TABLE_16,4,6,"[[""腐蚀速率dc/（mm/a）"", ""腐蚀裕量"", ""腐蚀裕量"", ""腐蚀裕量""], [""腐蚀速率dc/（mm/a）"", ""铬钼钢或名义厚度≥50 mm的高合金钢厚壁加氢反应器"", ""其他反应器、直径≥4 m或重量≥100 t或总高度≥60 m的塔器、高压热交换器壳体、名义厚度≥50 mm容器、球形储罐"", ""其他塔器、容器、热交换器壳体及管箱""], [""≤0.05"", ""0-1.5"", ""0-1"", ""0-1""], ["">0.05-0.1"", ""1.5-3"", ""1-2"", ""1-1.5""], ["">0.1-0.2"", ""3-6"", ""2-4"", ""1.5-3""], ["">0.2-0.3"", ""改用更耐腐蚀的材料"", ""4-6"", ""3-4.5""]]",SDF_SEC_3_1_1_1,DOC_SDF_20260725,16,REFERENCE_DATA,不同材质的腐蚀裕量
SDF_TABLE_17,3,9,"[[""湿度环境"", ""影响类型"", ""后果或危害""], [""高湿"", ""水汽凝露"", ""绝缘材料电阻和热性能降低、电气短路、降低电子元器件性能；密封设备材料的溶解和变化。""], [""高湿"", ""材料吸湿增强"", ""材料膨胀、变形，物理性能降低，结构破坏，电性能变化；包装箱强度下降，炸药和推进剂变质。""], [""高湿"", ""加速金属氧化和腐蚀"", ""活动零件卡住，结构强度减弱，表面电阻增大，导致电接触不良。""], [""高湿"", ""加速化学或电化学反应"", ""破坏有机涂层，材料化学和物理性能下降，加速金属腐蚀。""], [""高湿"", ""促进生物活动"", ""促进霉菌生长，使材料产生或加剧霉菌破坏。""], [""低湿"", ""材料失水"", ""材料变干而发脆或粉化，易产生静电，加速材料干裂或龟裂，火工品性能变差。""], [""干湿交替"", ""毛细管“呼吸”作用"", ""加速材料反潮""], [""干湿交替"", ""金属表面干湿交替"", ""加速电化学腐蚀""]]",SDF_SEC_3_1_3_4,DOC_SDF_20260725,17,REFERENCE_DATA,湿度对火工品和火工药剂的影响效应
SDF_TABLE_18,3,4,"[[""反应釜种类"", ""设备内物料类型"", ""长径比i值""], [""一般反应釜"", ""液-固相或液-液相物料"", ""1-1.3""], [""一般反应釜"", ""气-液相物料"", ""1-2""], [""发酵罐类"", ""-"", ""1.7-2.5""]]",SDF_SEC_3_2_0_1,DOC_SDF_20260725,18,REFERENCE_DATA,不同类型反应釜的长径比
SDF_TABLE_19,3,4,"[[""筒体内径D1"", ""夹套内径D2"", ""直径差值D2-D1""], [""500~600"", ""D1+50"", ""50 mm""], [""700~1800"", ""D1+100"", ""100 mm""], [""2000~3000"", ""D1+200"", ""200 mm""]]",SDF_SEC_3_2_0_2,DOC_SDF_20260725,19,CONSTRAINT,筒体内径与夹套内径的关系
SDF_TABLE_2,6,5,"[[""药剂名称"", ""极性"", ""电容/pF"", ""50%发火电压/V"", ""标准偏差/V"", ""50%发火能量/J""], [""碱式三硝基间苯二酚铅"", ""正"", ""500"", ""0.88×103"", ""0.047×103"", ""1.94×10−4""], [""碱式三硝基间苯二酚铅"", ""负"", ""500"", ""0.82×103"", ""0.080×103"", ""1.60×10−4""], [""正三硝基间苯二酚铅"", ""正"", ""500"", ""1.08×103"", ""0.047×103"", ""2.92×10−4""], [""正三硝基间苯二酚铅"", ""负"", ""500"", ""1.06×103"", ""0.039×103"", ""2.18×10−4""]]",SDF_SEC_2_1_2_4,DOC_SDF_20260725,2,REFERENCE_DATA,静电火花感度试验结果
SDF_TABLE_20,3,4,"[[""筒体直径D1"", ""盘管内径di适配规律"", ""核心约束目标""], [""小（D1≤600 mm）"", ""选小值（25-57 mm），多根并联"", ""满足安装空间，避免管间热干扰""], [""中（700≤D1≤1800 mm）"", ""选常规值（57-89 mm），可分支变径"", ""平衡流速、阻力与传热效率""], [""大（D1≥2000 mm）"", ""可选大值（89-127 mm），多程串联"", ""保证辐射均匀性，降低压力降""]]",SDF_SEC_3_2_0_3,DOC_SDF_20260725,20,CONSTRAINT,筒体直径与盘管内径的关系
SDF_TABLE_21,5,4,"[[""筒体直径D1"", ""长径比i"", ""筒体高度H1"", ""盘管长度适配规律"", ""核心目标""], [""小（D1≤600 mm）"", ""小（i=1-1.3）"", ""低"", ""总长度短，多层短管叠加，单根长度不宜超过5 m"", ""避免热耦合，降低流动阻力""], [""中（700≤D1≤1800 mm）"", ""中（i=1-2）"", ""中"", ""总长度中等，可单程或 程，单根长度5-10 m"", ""平衡传热效率与设备紧凑性""], [""大（D1≥2000 mm）"", ""大（i≥2）"", ""高"", ""总长度长，单程长管或多程串联，单根长度可达10 m以上"", ""保证气液接触时间，维持传热均匀性""]]",SDF_SEC_3_2_0_3,DOC_SDF_20260725,21,CONSTRAINT,筒体直径与盘管长度的关系
SDF_TABLE_22,5,6,"[[""换热形式"", ""单位容积换热面积（m2·m-3）"", ""传热系数K W/(m2·°C)"", ""相同热负荷下的面积需求"", ""适用场景""], [""传统夹套式"", ""低（2-5）"", ""中（300-800）"", ""大"", ""热负荷小、物料无腐蚀的常规反应""], [""夹套+内置盘管"", ""中（5-10）"", ""中（盘管侧高，釜内物料侧低）"", ""中"", ""热负荷中等，夹套面积不足时""], [""全内置蛇管"", ""高（8-15）"", ""低（釜内物料侧对流传热系数小）"", ""大"", ""腐蚀性介质、高压反应釜""], [""外盘管（半管夹套)"", ""中（4-8）"", ""高（载热体流速高）"", ""中"", ""夹套需承压、热负荷中等的场景""], [""板式/螺旋板换热器"", ""极高（≥250）"", ""极高（1500-4700）"", ""小"", ""独立换热工序、场地受限场景""]]",SDF_SEC_3_2_1_1,DOC_SDF_20260725,22,CONSTRAINT,换热形式与换热面积的关系
SDF_TABLE_23,2,6,"[[""设备安全阀型式"", ""安全阀起跳压力p开与设备设计压力p设的关系""], [""单安全阀设备"", ""p开≤p设""], [""多安全阀设备"", ""p开≤1.05p设""], [""火灾辅助安全阀"", ""p开≤1.1p设""], [""通用装有安全阀的内"", ""p设≥（1.05～1.10）×最高工作压力，且p设≥p开""], [""带沿程损失的上/下游设备"", ""p设（上游）=p开+∆p损失+∆p静压； / p设（下游）=p开+∆p静压""]]",SDF_SEC_3_2_2_1,DOC_SDF_20260725,23,CONSTRAINT,安全阀起跳压力与设备设计压力的关系
SDF_TABLE_24,5,6,"[[""过滤器型式"", ""操作方式"", ""推动力"", ""处理量提升路径"", ""同面积处理量水平""], [""板框压滤机"", ""间歇"", ""压力（0.3-1.5 MPa）"", ""增加框数扩大面积"", ""中""], [""叶滤机"", ""间歇"", ""压力（0.3-1.5 MPa）"", ""增加滤叶数量/尺寸"", ""中高（比板框高20%-30%）""], [""回转真空过滤机"", ""连续"", ""真空（≤0.1 MPa）"", ""增大转筒尺寸、提高转速/浸没度"", ""中（连续稳定）""], [""离心过滤机"", ""间歇/连续"", ""离心力（Kc可达50000 N）"", ""提高转速、增大转鼓尺寸"", ""高（同面积下为真空过滤机5-10倍）""], [""管道过滤器"", ""连续"", ""管网压力"", ""增大公称直径"", ""低（仅预处理）""]]",SDF_SEC_3_3_1_1,DOC_SDF_20260725,24,REFERENCE_DATA,不同型式过滤器的处理能力
SDF_TABLE_25,14,19,"[[""参数"", ""参数"", ""设备"", ""设备"", ""设备"", ""设备"", ""设备"", ""设备"", ""设备"", ""设备"", ""设备"", ""设备"", ""设备"", ""设备""], [""参数"", ""参数"", ""设备材质"", ""搅拌桨型式"", ""换热面积"", ""包装材料"", ""反应釜内径"", ""夹套直径"", ""盘管内径/管间隙/长度"", ""夹套高度"", ""换热形式"", ""安全阀起跳压力"", ""过滤器型式"", ""螺旋盘管直径""], [""物料"", ""腐蚀性"", """", """", """", """", """", """", """", """", """", """", """", """"], [""物料"", ""黏度"", """", """", """", """", """", """", """", """", """", """", """", """"], [""物料"", ""生成焓"", """", """", """", """", """", """", """", """", ""☆"", """", """", """"], [""物料"", ""比热"", """", """", """", """", """", """", """", """", ""☆"", """", """", """"], [""物料"", ""导热系数"", """", """", """", """", """", """", """", """", ""☆"", """", """", """"], [""物料"", ""吸湿性"", """", """", """", """", """", """", """", """", """", """", """", """"], [""物料"", ""火焰感度"", """", """", """", """", """", """", """", """", """", """", """", """"], [""物料"", ""静电感度"", """", """", """", """", """", """", """", """", """", """", """", """"], [""物料"", ""机械感度"", """", """", """", """", """", """", """", """", """", """", """", """"], [""物料"", ""热感度"", """", """", """", """", """", """", """", """", """", """", """", """"], [""物料"", ""静电积累"", """", """", """", """", """", """", """", """", """", """", """", """"], [""设备"", ""反应釜高度"", """", """", """", """", """", """", """", """", """", """", """", """"], [""设备"", ""筒体直径"", """", """", """", """", """", """", """", """", """", """", """", """"], [""设备"", ""换热面积"", """", """", """", """", """", """", """", """", """", """", """", """"], [""设备"", ""设备设计压力"", """", """", """", """", """", """", """", """", """", """", """", """"], [""工艺"", ""处理量"", """", """", """", """", """", """", """", """", """", """", """", """"], [""工艺"", ""撤热介质及用量"", """", """", """", """", """", """", """", """", ""☆"", """", """", """"]]",SDF_SEC_3_3_1_4,DOC_SDF_20260725,25,MATRIX,设备与其他主要维度的关联
SDF_TABLE_26,3,4,"[[""反应时间特征"", ""适配撤热介质类型"", ""对用量的影响""], [""短反应时间"", ""相变潜热大的饱和蒸汽、高换热系数的熔盐"", ""用量可相对较小，依靠高潜热/高传热系数快速撤热，无需过大流量""], [""中等反应时间"", ""加压热水、有机载热体"", ""用量适中，需匹配反应放热速率，保证持续稳定撤热""], [""长反应时间"", ""循环型熔盐、外置换热器配套载热体"", ""用量大，需配套循环系统保证长时间连续撤热，避免撤热不足导致超温""]]",SDF_SEC_4_3_1_1,DOC_SDF_20260725,26,REFERENCE_DATA,不同撤热介质的换热能力适配不同的反应时间要求
SDF_TABLE_27,2,5,"[[""筛分方式特征"", ""对筛分效率的影响""], [""标准筛规格全、操作规范、振动频率最优"", ""筛分效率≥90%，数据准确""], [""细颗粒专用筛分（显微镜、沉降法）"", ""检测准确率≥95%""], [""过筛次数充足、筛网无堵塞"", ""筛分效率≥95%，分布均匀""], [""振动频率过低/过高、装样量过大"", ""筛分效率≤60%，数据失真""]]",SDF_SEC_4_3_2_2,DOC_SDF_20260725,27,REFERENCE_DATA,筛分方式对筛分效率的影响
SDF_TABLE_28,6,6,"[[""钠盐pH"", ""母液pH"", ""结晶状况"", ""钠盐pH"", ""母液pH"", ""结晶状况""], [""2-3"", ""2"", ""全部结晶溶解"", ""10-14"", ""9"", ""小结晶，有Pb(OH)2生成""], [""4"", ""3"", ""单晶聚的不够"", ""4.5-4.8"", ""4-5"", ""结晶聚的较大""], [""4-5"", ""3-4"", ""菊花形"", ""4.8-5"", ""4-5"", ""单晶多易造粒""], [""6-7"", ""4"", ""单晶多"", ""9"", ""5"", ""偏长""], [""7-8"", ""5"", ""小结晶多"", ""-"", ""-"", ""-""]]",SDF_SEC_4_3_3_7,DOC_SDF_20260725,28,REFERENCE_DATA,钠盐的pH、母液的pH对结晶状况影响
SDF_TABLE_29,3,4,"[[""搅拌速率"", ""影响机理"", ""产物组成晶形变化""], [""过低（<200 rpm）"", ""离子扩散不均匀，局部过饱和度差异大；晶核生成速率慢且分布不均；晶体成长主导，易生成针状或片状结晶。"", ""结晶尺寸大但不规则；可能出现β型针状结晶（易自爆）；流散性差，堆积密度低。""], [""适宜（200-300 rpm）"", ""离子均匀扩散，过饱和度控制良好；晶核生成与晶体成长平衡；表面活性剂（如CMC）分布均匀。"", ""生成球形或短柱形结晶；粒度分布均匀（10-20 um占55%以上）；堆积密度高（1.0-1.5 g·cm-3）。""], [""过高（>400 rpm） /"", ""剪切力过大，晶体破碎；二次成核过度，晶核数量过多；结晶与器壁/搅拌桨碰撞加剧。"", ""结晶细小不规则；聚晶结构破坏，表面粗糙；可能引入金属杂质（摩擦产物）。""]]",SDF_SEC_4_3_3_8,DOC_SDF_20260725,29,REFERENCE_DATA,搅拌速率对SDF产物组成的影响
SDF_TABLE_3,5,5,"[[""样品"", ""撞击压力/MPa"", ""发火次数"", ""非发火次数"", ""总计""], [""SDF"", ""0.050"", ""0"", ""2"", ""2""], [""SDF"", ""0.060"", ""0"", ""2"", ""2""], [""SDF"", ""0.065"", ""1"", ""1"", ""2""], [""SDF"", ""0.07"", ""3"", ""0"", ""3""]]",SDF_SEC_2_1_2_5,DOC_SDF_20260725,3,REFERENCE_DATA,SDFSHPB加载下的响应状态
SDF_TABLE_30,3,4,"[[""筛分设备类型"", ""适用颗粒范围"", ""对颗粒分布数据的影响""], [""泰勒标准筛（方孔金属丝网）"", ""中等粒径（>70 μm）"", ""筛号越大筛孔越小，按筛孔尺寸等差（√2倍）分级，可得到各粒级的质量分数，准确表征宽分布颗粒的粒度组成，若筛号选择不全，会遗漏特定粒级的分布数据。""], [""显微镜法"", ""微细颗粒（<70 μm）"", ""以质量基准统计各粒度微粒的质量占比，可精准表征细颗粒的分布，弥补标准筛对细颗粒无法测定的缺陷。""], [""液相沉降法"", ""超细颗粒（nm-μm）"", ""基于斯托克斯沉降原理反推颗粒分布，适合火工药剂、含能材料超细颗粒的分布表征，避免筛分过程中细颗粒团聚导致的分布数据失真。""]]",SDF_SEC_4_3_3_11,DOC_SDF_20260725,30,REFERENCE_DATA,筛分方式对颗粒分布的影响
SDF_TABLE_31,13,17,"[[""参数"", ""参数"", ""工艺"", ""工艺"", ""工艺"", ""工艺"", ""工艺"", ""工艺"", ""工艺"", ""工艺"", ""工艺"", ""工艺"", ""工艺""], [""参数"", ""参数"", ""温度"", ""反应转化率"", ""撤热介质及用量"", ""过滤时间"", ""过滤压力"", ""过滤速度"", ""筛分效率"", ""产物组成"", ""放热量"", ""颗粒分布"", ""包装质量""], [""物料"", ""热容"", """", """", ""☆"", """", """", """", """", """", ""☆"", """", """"], [""物料"", ""密度"", """", """", """", """", """", """", """", ""☆"", """", ""☆"", """"], [""物料"", ""粘度"", """", """", """", """", """", """", """", """", """", """", """"], [""物料"", ""溶解度"", """", """", """", ""☆"", """", """", """", """", """", """", """"], [""物料"", ""蒸汽压"", """", """", """", """", ""☆"", """", """", """", """", """", """"], [""设备"", ""反应器容积"", """", """", """", """", """", """", """", """", """", """", """"], [""工艺"", ""反应时间"", """", ""☆"", """", """", """", """", """", """", """", """", """"], [""工艺"", ""处理量"", """", """", """", """", """", """", """", """", """", """", """"], [""工艺"", ""筛分方式"", """", """", """", """", """", """", """", """", """", """", """"], [""工艺"", ""振动频率"", """", """", """", """", """", """", """", """", """", """", """"], [""工艺"", ""反应温度"", """", ""☆"", """", """", """", """", """", """", """", """", """"], [""工艺"", ""反应pH"", """", ""☆"", """", """", """", """", """", """", """", """", """"], [""工艺"", ""搅拌速率"", """", ""☆"", """", """", """", """", """", """", """", """", """"], [""工艺"", ""撤热介质及用量"", """", """", """", """", """", """", """", """", """", """", """"], [""工艺"", ""包装量"", """", """", """", """", """", """", """", """", """", """", """"]]",SDF_SEC_4_3_3_13,DOC_SDF_20260725,31,MATRIX,工艺与其他主要维度的关联
SDF_TABLE_4,4,4,"[[""pH 范围"", ""生成的产物"", ""化学组成"", ""晶体形貌与粒度""], [""酸性（pH<4）"", ""酸性SDF"", ""[C6H(NO2)3OH·O]2Pb"", ""长针状、絮状结晶，粒度细小不均。""], [""弱酸性（pH4.5-4.8）"", ""中性SDF"", ""C6H(NO2)3O2Pb·H2O"", ""黄色或棕黄色六角形棱柱体，晶体较大、规整。""], [""碱性（pH>7）"", ""碱性SDF"", ""C6H(NO2)3O2Pb·Pb(OH)2或 [CH(NO2)3O2Pb]2·PbO"", ""棕黄色胶状体、絮晶或无定形沉淀，粒度极小，流散性极差。""]]",SDF_SEC_2_3_1_3,DOC_SDF_20260725,4,REFERENCE_DATA,反应pH对粒度的影响
SDF_TABLE_5,4,4,"[[""pH 范围"", ""生成的产物"", ""化学组成"", ""晶体形貌与粒度""], [""酸性（pH<4）"", ""酸性SDF"", ""[C6H(NO2)3OH·O]2Pb"", ""长针状、絮状结晶，粒度细小不均。""], [""弱酸性（pH4.5-4.8）"", ""中性SDF"", ""C6H(NO2)3O2Pb·H2O"", ""黄色或棕黄色六角形棱柱体，晶体较大、规整。""], [""碱性（pH>7）"", ""碱性SDF"", ""C6H(NO2)3O2Pb·Pb(OH)2或 [CH(NO2)3O2Pb]2·PbO"", ""棕黄色胶状体、絮晶或无定形沉淀，粒度极小，流散性极差。""]]",SDF_SEC_2_3_1_6,DOC_SDF_20260725,5,REFERENCE_DATA,反应pH对晶形的影响
SDF_TABLE_6,4,6,"[[""烘干温度（℃）"", ""达到平衡湿含量所需时间（h）"", ""最终平衡湿含量（%）"", ""备注""], [""45"", "">24"", ""2.5-3.0"", ""仅脱除表面吸附水""], [""60"", ""8-10"", ""1.8-2.2"", ""脱除大部分毛细管水""], [""75"", ""4-6"", ""1.2-1.5"", ""工业常用干燥条件""], [""90"", ""2-3"", ""0.8-1.0"", ""接近结晶水脱除温度""], [""110"", ""12-16（特殊处理）"", ""0（完全脱水）"", ""结晶水完全脱除""]]",SDF_SEC_2_3_1_14,DOC_SDF_20260725,6,CONSTRAINT,烘干温度与湿含量关系
SDF_TABLE_7,4,4,"[[""水分类型"", ""结合方式"", ""脱除温度范围"", ""脱除难易程度""], [""表面吸附水"", ""物理吸附，范德华力"", ""25-80 ℃"", ""易脱除""], [""毛细管水"", ""晶体间隙毛细作用"", ""80-110 ℃"", ""中等难度""], [""结晶水"", ""晶格内结合水分子"", ""110-130 ℃（需12-16小时）"", ""难脱除""]]",SDF_SEC_2_3_1_14,DOC_SDF_20260725,7,REFERENCE_DATA,水分脱除机理
SDF_TABLE_8,4,5,"[[""升温阶段速率（℃·min-1）"", ""进入恒温时的湿含量（%）"", ""恒温6小时后最终湿含量（%）"", ""质量稳定性""], [""1"", ""8.2"", ""1.5±0.1"", ""稳定""], [""3"", ""12.5"", ""1.8±0.3"", ""轻微波动""], [""5"", ""15.3"", ""2.2±0.5"", ""不均匀""], [""8"", ""18.7（表面结壳）"", ""3.5±1.2（内部潮湿）"", ""不合格""]]",SDF_SEC_2_3_1_16,DOC_SDF_20260725,8,REFERENCE_DATA,升温速率对湿含量的影响
SDF_TABLE_9,3,4,"[[""升温速率（℃·min-1）"", ""湿含量变化特征"", ""主导控制机制""], [""慢速（1-2）"", ""湿含量平稳下降，内外温差小"", ""水分扩散控制""], [""中速（3-5）"", ""湿含量梯度下降，表面先干燥"", ""热传导与扩散共同控制""], [""快速（>5）"", ""湿含量骤降，表面结壳风险"", ""热传导控制，可能产生蒸汽压""]]",SDF_SEC_2_3_1_16,DOC_SDF_20260725,9,REFERENCE_DATA,升温速率对湿含量影响的基本机理
