record_id,row_index,table_id,values_json
REC_SAFETY_TABLE_1-1_R1,1,SAFETY_TABLE_1-1,"[""参数"", ""参数"", ""物料"", ""物料"", ""安全防护"", ""安全防护"", ""安全防护""]"
REC_SAFETY_TABLE_1-1_R2,2,SAFETY_TABLE_1-1,"[""参数"", ""参数"", ""理化性质"", ""产品结构"", ""燃爆载荷"", ""防护结构"", ""防护性能""]"
REC_SAFETY_TABLE_1-1_R3,3,SAFETY_TABLE_1-1,"[""物料"", ""理化性质"", """", """", """", """", """"]"
REC_SAFETY_TABLE_1-1_R4,4,SAFETY_TABLE_1-1,"[""物料"", ""产品结构"", """", """", """", """", """"]"
REC_SAFETY_TABLE_1-1_R5,5,SAFETY_TABLE_1-1,"[""安全防护"", ""燃爆载荷"", """", """", """", """", """"]"
REC_SAFETY_TABLE_1-1_R6,6,SAFETY_TABLE_1-1,"[""安全防护"", ""防护结构"", """", """", """", """", """"]"
REC_SAFETY_TABLE_1-1_R7,7,SAFETY_TABLE_1-1,"[""安全防护"", ""防护性能"", """", """", """", """", """"]"
REC_SAFETY_TABLE_2-1_R1,1,SAFETY_TABLE_2-1,"[""参数"", ""参数"", ""安全防护"", ""安全防护"", ""安全防护"", ""安全防护"", ""安全防护"", ""安全防护"", ""安全防护"", ""安全防护"", ""安全防护"", ""安全防护"", ""安全防护""]"
REC_SAFETY_TABLE_2-1_R10,10,SAFETY_TABLE_2-1,"[""物料"", ""装填比"", """", """", """", """", """", """", """", """", """", """", """"]"
REC_SAFETY_TABLE_2-1_R11,11,SAFETY_TABLE_2-1,"[""物料"", ""药型罩参数"", """", """", """", """", """", """", """", """", """", """", """"]"
REC_SAFETY_TABLE_2-1_R12,12,SAFETY_TABLE_2-1,"[""物料"", ""产品数量"", ""☆"", ""☆"", ""☆"", ""☆"", """", """", ""☆"", """", ""☆"", ""☆"", ""☆""]"
REC_SAFETY_TABLE_2-1_R13,13,SAFETY_TABLE_2-1,"[""物料"", ""堆垛方式"", ""☆"", ""☆"", ""☆"", ""☆"", """", ""☆"", ""☆"", ""☆"", """", """", """"]"
REC_SAFETY_TABLE_2-1_R14,14,SAFETY_TABLE_2-1,"[""物料"", ""产品包装"", ""☆"", ""☆"", ""☆"", ""☆"", ""☆"", """", """", """", ""☆"", ""☆"", ""☆""]"
REC_SAFETY_TABLE_2-1_R2,2,SAFETY_TABLE_2-1,"[""参数"", ""参数"", ""冲击波超压"", ""正压作用时间"", ""比冲量"", ""TNT当量"", ""破片初速"", ""破片质量分布"", ""破片数量"", ""射流/EFP速度"", ""火球温度"", ""火球直径"", ""火球持续时间""]"
REC_SAFETY_TABLE_2-1_R3,3,SAFETY_TABLE_2-1,"[""物料"", ""比例爆距"", """", """", """", """", """", """", """", """", """", """", """"]"
REC_SAFETY_TABLE_2-1_R4,4,SAFETY_TABLE_2-1,"[""物料"", ""爆速"", """", """", """", """", """", """", """", """", """", """", """"]"
REC_SAFETY_TABLE_2-1_R5,5,SAFETY_TABLE_2-1,"[""物料"", ""爆热"", """", """", """", """", """", """", """", """", """", """", """"]"
REC_SAFETY_TABLE_2-1_R6,6,SAFETY_TABLE_2-1,"[""物料"", ""爆容"", """", """", """", """", """", """", """", """", """", """", """"]"
REC_SAFETY_TABLE_2-1_R7,7,SAFETY_TABLE_2-1,"[""物料"", ""爆压"", """", """", """", """", """", """", """", """", """", """", """"]"
REC_SAFETY_TABLE_2-1_R8,8,SAFETY_TABLE_2-1,"[""物料"", ""密度"", """", """", """", """", """", """", """", """", """", """", """"]"
REC_SAFETY_TABLE_2-1_R9,9,SAFETY_TABLE_2-1,"[""物料"", ""装药质量"", """", """", """", """", """", """", """", """", """", """", """"]"
REC_SAFETY_TABLE_2-2_T11_R1,1,SAFETY_TABLE_2-2_T11,"[""火炸药名称"", ""化学分子式"", ""D值/m""]"
REC_SAFETY_TABLE_2-2_T11_R2,2,SAFETY_TABLE_2-2_T11,"[""硝基甲烷"", ""CH3NO2"", ""19.83""]"
REC_SAFETY_TABLE_2-2_T11_R3,3,SAFETY_TABLE_2-2_T11,"[""HMX"", ""C4H8N8O8"", ""10.56""]"
REC_SAFETY_TABLE_2-2_T11_R4,4,SAFETY_TABLE_2-2_T11,"[""TNT"", ""C7H5N3O8"", ""14.38""]"
REC_SAFETY_TABLE_2-2_T11_R5,5,SAFETY_TABLE_2-2_T11,"[""RDX"", ""C3H6N6O6"", ""11.59""]"
REC_SAFETY_TABLE_2-2_T11_R6,6,SAFETY_TABLE_2-2_T11,"[""PETN"", ""C6H9N5O12"", ""9.67""]"
REC_SAFETY_TABLE_2-2_T3_R1,1,SAFETY_TABLE_2-2_T3,"[""材料类型"", ""C40混凝土"", ""沙土"", ""土壤""]"
REC_SAFETY_TABLE_2-2_T3_R2,2,SAFETY_TABLE_2-2_T3,"[""密度（kg/m3）"", ""2440"", ""1800"", ""1400""]"
REC_SAFETY_TABLE_2-3_T12_R1,1,SAFETY_TABLE_2-3_T12,"[""模型作者"", ""a"", ""m"", ""适用范围""]"
REC_SAFETY_TABLE_2-3_T12_R2,2,SAFETY_TABLE_2-3_T12,"[""Rakaczy[1]"", ""0.258"", ""0.349"", ""弹药爆炸、火球温度2500K左右""]"
REC_SAFETY_TABLE_2-3_T12_R3,3,SAFETY_TABLE_2-3_T12,"[""Roberts[2]"", ""0.83"", ""0.349"", ""丙烷爆炸""]"
REC_SAFETY_TABLE_2-3_T12_R4,4,SAFETY_TABLE_2-3_T12,"[""High[3]"", ""0.299"", ""0.32"", ""液体推进剂与燃料爆炸，质量大于20kg""]"
REC_SAFETY_TABLE_2-3_T12_R5,5,SAFETY_TABLE_2-3_T12,"[""Hasegawa和Sato[4]"", ""1.07"", ""0.181"", ""液体推进剂与燃料爆炸，火球温度3600K左右""]"
REC_SAFETY_TABLE_2-3_T4_R1,1,SAFETY_TABLE_2-3_T4,"[""炸药类型"", ""温压炸药"", ""HMX"", ""RDX"", ""TNT""]"
REC_SAFETY_TABLE_2-3_T4_R2,2,SAFETY_TABLE_2-3_T4,"[""爆热（kJ/kg）"", ""7500-13900"", ""5645-5674"", ""5500-5800"", ""4120-4690""]"
REC_SAFETY_TABLE_2-4_R1,1,SAFETY_TABLE_2-4,"["""", ""正压作用时间""]"
REC_SAFETY_TABLE_2-4_R2,2,SAFETY_TABLE_2-4,"[""爆热↑"", ""↑""]"
REC_SAFETY_TABLE_2-5_R1,1,SAFETY_TABLE_2-5,"["""", ""比冲量""]"
REC_SAFETY_TABLE_2-5_R2,2,SAFETY_TABLE_2-5,"[""爆热↑"", ""↑""]"
REC_SAFETY_TABLE_2-6_R1,1,SAFETY_TABLE_2-6,"["""", ""冲击波超压"", ""正压作用时间"", ""比冲量""]"
REC_SAFETY_TABLE_2-6_R2,2,SAFETY_TABLE_2-6,"[""装药密度↑"", ""↑"", ""↑"", ""↑""]"
REC_SAFETY_TABLE_2-7_R1,1,SAFETY_TABLE_2-7,"[""炸药类型"", ""TNT当量系数"", ""数据来源"", ""实测/计算条件""]"
REC_SAFETY_TABLE_2-7_R2,2,SAFETY_TABLE_2-7,"[""TNT"", ""1.00"", ""基准值"", ""标准密度1.6 g/cm³""]"
REC_SAFETY_TABLE_2-7_R3,3,SAFETY_TABLE_2-7,"[""岩石乳化炸药"", ""0.58–0.61"", ""冲击波试验（自由场与通道爆炸）"", ""空气中爆炸，比例距离校准""]"
REC_SAFETY_TABLE_2-7_R4,4,SAFETY_TABLE_2-7,"[""TATP"", ""0.55–0.87"", ""冲击波试验"", ""空中爆炸""]"
REC_SAFETY_TABLE_2-7_R5,5,SAFETY_TABLE_2-7,"[""HMTD"", ""0.82–0.84"", ""AUTODYN软件计算"", ""距离土壤一定高度处爆炸""]"
REC_SAFETY_TABLE_2-7_R6,6,SAFETY_TABLE_2-7,"[""Composition C4"", ""1.14-1.37"", ""美军设计规范UFC 3-340-01"", ""理论爆压折算""]"
REC_SAFETY_TABLE_2-7_R7,7,SAFETY_TABLE_2-7,"[""铵油炸药(ANFO)"", ""0.83"", ""查表法"", ""工业爆破常用值""]"
REC_SAFETY_TABLE_2-7_R8,8,SAFETY_TABLE_2-7,"[""Cyclotol 60/40"", ""1.19"", ""期刊文献"", ""爆压折算""]"
REC_SAFETY_TABLE_2-7_R9,9,SAFETY_TABLE_2-7,"[""硝酸铵/铝粉"", ""0.42–0.43"", ""超压试验（100g装药）"", ""铝粉占比12%，近地爆炸""]"
REC_SAFETY_TABLE_2-8_R1,1,SAFETY_TABLE_2-8,"[""火炸药名称"", ""化学分子式"", ""T值/K""]"
REC_SAFETY_TABLE_2-8_R2,2,SAFETY_TABLE_2-8,"[""硝基甲烷"", ""CH3NO2"", ""3184""]"
REC_SAFETY_TABLE_2-8_R3,3,SAFETY_TABLE_2-8,"[""HMX"", ""C4H8N8O8"", ""3375""]"
REC_SAFETY_TABLE_2-8_R4,4,SAFETY_TABLE_2-8,"[""TNT"", ""C7H5N3O8"", ""3184""]"
REC_SAFETY_TABLE_2-8_R5,5,SAFETY_TABLE_2-8,"[""RDX"", ""C3H6N6O6"", ""3349""]"
REC_SAFETY_TABLE_2-8_R6,6,SAFETY_TABLE_2-8,"[""PETN"", ""C6H9N5O12"", ""3903""]"
REC_SAFETY_TABLE_2-91_R1,1,SAFETY_TABLE_2-91,"[""模型作者"", ""k"", ""n"", ""适用范围""]"
REC_SAFETY_TABLE_2-91_R2,2,SAFETY_TABLE_2-91,"[""Rakaczy[1]"", ""3.76"", ""0.325"", ""弹药爆炸、火球温度2500K左右""]"
REC_SAFETY_TABLE_2-91_R3,3,SAFETY_TABLE_2-91,"[""Roberts[2]"", ""5.80"", ""1/3"", ""丙烷爆炸""]"
REC_SAFETY_TABLE_2-91_R4,4,SAFETY_TABLE_2-91,"[""High[3]"", ""3.86"", ""0.32"", ""液体推进剂与燃料爆炸，质量大于20kg""]"
REC_SAFETY_TABLE_2-91_R5,5,SAFETY_TABLE_2-91,"[""Hasegawa和Sato[4]"", ""5.25"", ""0.314"", ""液体推进剂与燃料爆炸，火球温度3600K左右""]"
REC_SAFETY_TABLE_24_R1,1,SAFETY_TABLE_24,"["""", """"]"
REC_SAFETY_TABLE_24_R2,2,SAFETY_TABLE_24,"[""（a）靶板厚度对弹道极限速度影响"", ""（b）弹丸质量对弹道极限速度影响""]"
REC_SAFETY_TABLE_3-10_R1,1,SAFETY_TABLE_3-10,"[""介质"", ""KΠ（m2·s/kg）"", ""介质"", ""KΠ（m2·s/kg）""]"
REC_SAFETY_TABLE_3-10_R2,2,SAFETY_TABLE_3-10,"[""松土"", ""17.0×10-6"", ""木材"", ""6.0×10-6""]"
REC_SAFETY_TABLE_3-10_R3,3,SAFETY_TABLE_3-10,"[""黏土"", ""10.0×10-6"", ""砖砌物"", ""2.0×10-6""]"
REC_SAFETY_TABLE_3-10_R4,4,SAFETY_TABLE_3-10,"[""坚实黏土"", ""7.0×10-6"", ""石灰岩、砂岩"", ""1.6×10-6""]"
REC_SAFETY_TABLE_3-10_R5,5,SAFETY_TABLE_3-10,"[""坚实沙土"", ""6.5×10-6"", ""混凝土"", ""1.3×10-6""]"
REC_SAFETY_TABLE_3-10_R6,6,SAFETY_TABLE_3-10,"[""沙"", ""4.5×10-6"", ""钢筋混凝土"", ""0.8×10-6""]"
REC_SAFETY_TABLE_3-12_R1,1,SAFETY_TABLE_3-12,"[""编号"", ""靶板厚度/mm"", ""碰撞速度/(m·s⁻¹)"", ""侵孔直径/mm"", ""隆起高度/mm""]"
REC_SAFETY_TABLE_3-12_R2,2,SAFETY_TABLE_3-12,"[""1"", ""289"", ""—"", ""—"", ""9.95""]"
REC_SAFETY_TABLE_3-12_R3,3,SAFETY_TABLE_3-12,"[""2"", ""339"", ""—"", ""—"", ""16.12""]"
REC_SAFETY_TABLE_3-12_R4,4,SAFETY_TABLE_3-12,"[""3"", ""381"", ""—"", ""—"", ""15.59""]"
REC_SAFETY_TABLE_3-12_R5,5,SAFETY_TABLE_3-12,"[""4"", ""435"", ""10.38"", ""—"", ""17.81""]"
REC_SAFETY_TABLE_3-12_R6,6,SAFETY_TABLE_3-12,"[""5"", ""482"", ""11.01"", ""—"", ""20.87""]"
REC_SAFETY_TABLE_3-12_R7,7,SAFETY_TABLE_3-12,"[""6"", ""569"", ""12.03"", ""—"", ""9.61""]"
REC_SAFETY_TABLE_3-13_R1,1,SAFETY_TABLE_3-13,"[""药型罩材料"", ""平均侵深（mm）"", ""药型罩材料"", ""平均侵深（mm）""]"
REC_SAFETY_TABLE_3-13_R2,2,SAFETY_TABLE_3-13,"[""紫铜"", ""123"", ""铝"", ""72""]"
REC_SAFETY_TABLE_3-13_R3,3,SAFETY_TABLE_3-13,"[""生铁"", ""111"", ""锌"", ""79""]"
REC_SAFETY_TABLE_3-13_R4,4,SAFETY_TABLE_3-13,"[""钢"", ""103"", ""铅"", ""91""]"
REC_SAFETY_TABLE_3-14_R1,1,SAFETY_TABLE_3-14,"[""药型罩"", ""药量（g）"", ""炸高（mm）"", ""平均侵深（mm）""]"
REC_SAFETY_TABLE_3-14_R2,2,SAFETY_TABLE_3-14,"[""喇叭罩"", ""480"", ""156~176"", ""383""]"
REC_SAFETY_TABLE_3-14_R3,3,SAFETY_TABLE_3-14,"[""60°圆锥罩"", ""430"", ""166~176"", ""353""]"
REC_SAFETY_TABLE_3-1_T13_R1,1,SAFETY_TABLE_3-1_T13,"[""参数"", ""参数"", ""安全防护"", ""安全防护"", ""安全防护"", ""安全防护"", ""安全防护"", ""安全防护"", ""安全防护"", ""安全防护"", ""安全防护""]"
REC_SAFETY_TABLE_3-1_T13_R10,10,SAFETY_TABLE_3-1_T13,"[""安全防护"", ""靶板强度"", """", """", """", """", """", """", """", """", """"]"
REC_SAFETY_TABLE_3-1_T13_R11,11,SAFETY_TABLE_3-1_T13,"[""安全防护"", ""射流参数"", """", """", """", """", """", """", """", """", """"]"
REC_SAFETY_TABLE_3-1_T13_R12,12,SAFETY_TABLE_3-1_T13,"[""安全防护"", ""EFP参数"", """", """", """", """", """", """", """", """", """"]"
REC_SAFETY_TABLE_3-1_T13_R13,13,SAFETY_TABLE_3-1_T13,"[""安全防护"", ""毁伤元活性"", """", """", """", """", """", """", """", """", """"]"
REC_SAFETY_TABLE_3-1_T13_R14,14,SAFETY_TABLE_3-1_T13,"[""安全防护"", ""火球温度"", """", """", """", """", """", """", """", """", """"]"
REC_SAFETY_TABLE_3-1_T13_R15,15,SAFETY_TABLE_3-1_T13,"[""安全防护"", ""间隔距离"", """", """", """", """", """", """", """", """", """"]"
REC_SAFETY_TABLE_3-1_T13_R2,2,SAFETY_TABLE_3-1_T13,"[""参数"", ""参数"", ""侵彻深度"", ""穿孔直径"", ""孔容积"", ""极限穿透速度"", ""剩余动能"", ""靶后超压"", ""最大挠度"", ""崩落程度"", ""烧蚀面积""]"
REC_SAFETY_TABLE_3-1_T13_R3,3,SAFETY_TABLE_3-1_T13,"[""安全防护"", ""冲击波超压"", """", """", """", """", """", """", """", """", """"]"
REC_SAFETY_TABLE_3-1_T13_R4,4,SAFETY_TABLE_3-1_T13,"[""安全防护"", ""破片着速"", """", """", """", """", """", """", """", """", """"]"
REC_SAFETY_TABLE_3-1_T13_R5,5,SAFETY_TABLE_3-1_T13,"[""安全防护"", ""破片直径"", """", """", """", """", """", """", """", """", """"]"
REC_SAFETY_TABLE_3-1_T13_R6,6,SAFETY_TABLE_3-1_T13,"[""安全防护"", ""破片质量"", """", """", """", """", """", """", """", """", """"]"
REC_SAFETY_TABLE_3-1_T13_R7,7,SAFETY_TABLE_3-1_T13,"[""安全防护"", ""着角"", """", """", """", """", """", """", """", """", """"]"
REC_SAFETY_TABLE_3-1_T13_R8,8,SAFETY_TABLE_3-1_T13,"[""安全防护"", ""攻角"", """", """", """", """", """", """", """", """", """"]"
REC_SAFETY_TABLE_3-1_T13_R9,9,SAFETY_TABLE_3-1_T13,"[""安全防护"", ""靶板厚度"", """", """", """", """", """", """", """", """", """"]"
REC_SAFETY_TABLE_3-1_T23_R1,1,SAFETY_TABLE_3-1_T23,"[""介质"", ""A（kg·m-1·s-2）"", ""b（kg·m-1·s-2）""]"
REC_SAFETY_TABLE_3-1_T23_R2,2,SAFETY_TABLE_3-1_T23,"[""松土"", ""0.461×10-7"", ""60×10-6""]"
REC_SAFETY_TABLE_3-1_T23_R3,3,SAFETY_TABLE_3-1_T23,"[""坚土"", ""0.700×10-7"", ""60×10-6""]"
REC_SAFETY_TABLE_3-1_T23_R4,4,SAFETY_TABLE_3-1_T23,"[""湿土"", ""0.266×10-7"", ""80×10-6""]"
REC_SAFETY_TABLE_3-1_T23_R5,5,SAFETY_TABLE_3-1_T23,"[""沙土、碎石"", ""0.435×10-7"", ""20×10-6""]"
REC_SAFETY_TABLE_3-1_T23_R6,6,SAFETY_TABLE_3-1_T23,"[""树木"", ""1.16×10-7"", ""20×10-6""]"
REC_SAFETY_TABLE_3-1_T23_R7,7,SAFETY_TABLE_3-1_T23,"[""砖"", ""3.16×10-7"", ""15×10-6""]"
REC_SAFETY_TABLE_3-1_T23_R8,8,SAFETY_TABLE_3-1_T23,"[""岩石"", ""（4.400-5.520）×10-7"", ""15×10-6""]"
REC_SAFETY_TABLE_3-2_R1,1,SAFETY_TABLE_3-2,"[""装甲类型"", ""K值范围"", ""适用场景""]"
REC_SAFETY_TABLE_3-2_R2,2,SAFETY_TABLE_3-2,"[""低碳钢板"", ""1530"", ""低强度结构钢""]"
REC_SAFETY_TABLE_3-2_R3,3,SAFETY_TABLE_3-2,"[""镍钢板"", ""1900"", ""中等硬度装甲""]"
REC_SAFETY_TABLE_3-2_R4,4,SAFETY_TABLE_3-2,"[""均质装甲钢（RHA）"", ""2000–2400"", ""坦克标准装甲（硬度越高，K越大）""]"
REC_SAFETY_TABLE_3-2_R5,5,SAFETY_TABLE_3-2,"[""表面硬化装甲"", ""2400–2600"", ""高硬度薄装甲""]"
REC_SAFETY_TABLE_3-3_R1,1,SAFETY_TABLE_3-3,"[""材料"", """", """", """", """"]"
REC_SAFETY_TABLE_3-3_R10,10,SAFETY_TABLE_3-3,"[""铅"", ""10.0"", ""2.7"", ""2.7"", ""3.6""]"
REC_SAFETY_TABLE_3-3_R11,11,SAFETY_TABLE_3-3,"[""Tub合金"", ""14.8"", ""3.4"", ""3.5"", ""5.0""]"
REC_SAFETY_TABLE_3-3_R2,2,SAFETY_TABLE_3-3,"[""镁"", ""6.4"", ""1.0"", ""1.1"", ""1.0""]"
REC_SAFETY_TABLE_3-3_R3,3,SAFETY_TABLE_3-3,"[""铝合金"", ""6.2"", ""0.9"", ""0.9"", ""1.1""]"
REC_SAFETY_TABLE_3-3_R4,4,SAFETY_TABLE_3-3,"[""钛合金"", ""7.6"", ""1.3"", ""1.3"", ""1.6""]"
REC_SAFETY_TABLE_3-3_R5,5,SAFETY_TABLE_3-3,"[""铸铁"", ""10.2"", ""2.2"", ""2.2"", ""2.2""]"
REC_SAFETY_TABLE_3-3_R6,6,SAFETY_TABLE_3-3,"[""表面硬化钢"", ""7.7"", ""1.2"", ""1.4"", ""1.7""]"
REC_SAFETY_TABLE_3-3_R7,7,SAFETY_TABLE_3-3,"[""低碳钢"", ""6.5"", ""0.9"", ""1.0"", ""1.3""]"
REC_SAFETY_TABLE_3-3_R8,8,SAFETY_TABLE_3-3,"[""高强度钢"", ""6.6"", ""0.9"", ""1.0"", ""1.3""]"
REC_SAFETY_TABLE_3-3_R9,9,SAFETY_TABLE_3-3,"[""钢"", ""14.1"", ""3.5"", ""3.7"", ""4.3""]"
REC_SAFETY_TABLE_3-4_R1,1,SAFETY_TABLE_3-4,"[""常数"", ""靶板材料"", ""靶板材料""]"
REC_SAFETY_TABLE_3-4_R2,2,SAFETY_TABLE_3-4,"[""常数"", ""钢（300BHN）"", ""铝（2024-T4）""]"
REC_SAFETY_TABLE_3-4_R3,3,SAFETY_TABLE_3-4,"[""C/（m·s⁻¹）"", ""1297"", ""227""]"
REC_SAFETY_TABLE_3-4_R4,4,SAFETY_TABLE_3-4,"[""K/（m·s⁻¹）"", ""-164"", ""141""]"
REC_SAFETY_TABLE_3-4_R5,5,SAFETY_TABLE_3-4,"[""J/（m·s⁻¹）"", ""1544"", ""1450""]"
REC_SAFETY_TABLE_3-4_R6,6,SAFETY_TABLE_3-4,"[""b"", ""0.61"", ""1.75""]"
REC_SAFETY_TABLE_3-5_R1,1,SAFETY_TABLE_3-5,"[""破片"", ""靶板"", ""a"", ""b""]"
REC_SAFETY_TABLE_3-5_R2,2,SAFETY_TABLE_3-5,"[""钨球"", ""装甲板"", ""82"", ""1.05""]"
REC_SAFETY_TABLE_3-5_R3,3,SAFETY_TABLE_3-5,"[""钨球"", ""钢板"", ""174"", ""0.84""]"
REC_SAFETY_TABLE_3-5_R4,4,SAFETY_TABLE_3-5,"[""钨球"", ""铝板"", ""134"", ""0.75""]"
REC_SAFETY_TABLE_3-5_R5,5,SAFETY_TABLE_3-5,"[""钨球"", ""木板"", ""751"", ""0.25""]"
REC_SAFETY_TABLE_3-5_R6,6,SAFETY_TABLE_3-5,"[""钢球"", ""钢板"", ""146"", ""0.71""]"
REC_SAFETY_TABLE_3-5_R7,7,SAFETY_TABLE_3-5,"[""钢球"", ""铝板"", ""110"", ""0.67""]"
REC_SAFETY_TABLE_3-5_R8,8,SAFETY_TABLE_3-5,"[""钢球"", ""木板"", ""528"", ""0.23""]"
REC_SAFETY_TABLE_3-6_R1,1,SAFETY_TABLE_3-6,"[""材料"", ""c"", ""α"", ""β"", ""γ"", ""λ""]"
REC_SAFETY_TABLE_3-6_R10,10,SAFETY_TABLE_3-6,"[""铅"", ""2.0"", ""0.5"", ""0.5"", ""0.7"", ""0.82""]"
REC_SAFETY_TABLE_3-6_R11,11,SAFETY_TABLE_3-6,"[""Tub合金"", ""2.5"", ""0.6"", ""0.6"", ""0.9"", ""0.83""]"
REC_SAFETY_TABLE_3-6_R2,2,SAFETY_TABLE_3-6,"[""镁"", ""6.9"", ""1.1"", ""1.2"", ""1.1"", ""0.09""]"
REC_SAFETY_TABLE_3-6_R3,3,SAFETY_TABLE_3-6,"[""铝合金"", ""7.0"", ""1.0"", ""1.1"", ""1.2"", ""0.14""]"
REC_SAFETY_TABLE_3-6_R4,4,SAFETY_TABLE_3-6,"[""钛合金"", ""6.3"", ""1.1"", ""1.1"", ""1.4"", ""0.7""]"
REC_SAFETY_TABLE_3-6_R5,5,SAFETY_TABLE_3-6,"[""铸铁"", ""4.8"", ""1.0"", ""1.1"", ""1.0"", ""0.52""]"
REC_SAFETY_TABLE_3-6_R6,6,SAFETY_TABLE_3-6,"[""表面硬化钢"", ""4.4"", ""0.7"", ""0.8"", ""1.0"", ""0.43""]"
REC_SAFETY_TABLE_3-6_R7,7,SAFETY_TABLE_3-6,"[""低碳钢"", ""6.4"", ""0.9"", ""0.9"", ""1.3"", ""0.02""]"
REC_SAFETY_TABLE_3-6_R8,8,SAFETY_TABLE_3-6,"[""高强度钢"", ""6.5"", ""0.9"", ""0.9"", ""1.3"", ""0.02""]"
REC_SAFETY_TABLE_3-6_R9,9,SAFETY_TABLE_3-6,"[""铜"", ""2.8"", ""0.7"", ""0.7"", ""0.8"", ""0.80""]"
REC_SAFETY_TABLE_3-7_R1,1,SAFETY_TABLE_3-7,"[""序号"", ""靶板厚度(mm)"", ""着靶速度(m·s⁻¹)"", ""剩余速度(m·s⁻¹)"", ""穿孔孔径/mm""]"
REC_SAFETY_TABLE_3-7_R2,2,SAFETY_TABLE_3-7,"[""1"", ""4"", ""1092.9"", ""888.9"", ""11.72""]"
REC_SAFETY_TABLE_3-7_R3,3,SAFETY_TABLE_3-7,"[""2"", ""4"", ""1169.6"", ""952.4"", ""12.38""]"
REC_SAFETY_TABLE_3-7_R4,4,SAFETY_TABLE_3-7,"[""3"", ""4"", ""1204.8"", ""980.4"", ""12.72""]"
REC_SAFETY_TABLE_3-7_R5,5,SAFETY_TABLE_3-7,"[""4"", ""4"", ""1190.5"", ""—"", ""12.58""]"
REC_SAFETY_TABLE_3-7_R6,6,SAFETY_TABLE_3-7,"[""5"", ""6"", ""1197.6"", ""—"", ""12.95""]"
REC_SAFETY_TABLE_3-7_R7,7,SAFETY_TABLE_3-7,"[""6"", ""6"", ""1197.6"", ""865.8"", ""13.00""]"
REC_SAFETY_TABLE_3-7_R8,8,SAFETY_TABLE_3-7,"[""7"", ""6"", ""751.9"", ""489.0"", ""9.95""]"
REC_SAFETY_TABLE_3-7_R9,9,SAFETY_TABLE_3-7,"[""8"", ""6"", ""619.2"", ""346.6"", ""9.70""]"
REC_SAFETY_TABLE_3-8_R1,1,SAFETY_TABLE_3-8,"[""序号"", ""着靶速度/(m·s⁻¹)"", ""是否贯穿"", ""靶前孔径/mm"", ""靶前孔径/mm"", ""靶后孔径/mm"", ""极限侵深/mm""]"
REC_SAFETY_TABLE_3-8_R10,10,SAFETY_TABLE_3-8,"[""8"", ""1395.1"", ""是"", ""12.7"", ""21.6"", ""8.6"", ""—""]"
REC_SAFETY_TABLE_3-8_R2,2,SAFETY_TABLE_3-8,"[""序号"", ""着靶速度/(m·s⁻¹)"", ""是否贯穿"", ""内孔径"", ""外孔径"", ""靶后孔径/mm"", ""极限侵深/mm""]"
REC_SAFETY_TABLE_3-8_R3,3,SAFETY_TABLE_3-8,"[""1"", ""1569.1"", ""是"", ""13.3"", ""21.8"", ""10.9"", ""—""]"
REC_SAFETY_TABLE_3-8_R4,4,SAFETY_TABLE_3-8,"[""2"", ""1574.5"", ""是"", ""13.4"", ""22.2"", ""8.9"", ""—""]"
REC_SAFETY_TABLE_3-8_R5,5,SAFETY_TABLE_3-8,"[""3"", ""1592.7"", ""是"", ""13.6"", ""22.4"", ""9.6"", ""—""]"
REC_SAFETY_TABLE_3-8_R6,6,SAFETY_TABLE_3-8,"[""4"", ""1598.4"", ""是"", ""13.6"", ""22.4"", ""10.2"", ""—""]"
REC_SAFETY_TABLE_3-8_R7,7,SAFETY_TABLE_3-8,"[""5"", ""1610.5"", ""是"", ""13.8"", ""22.2"", ""10.2"", ""—""]"
REC_SAFETY_TABLE_3-8_R8,8,SAFETY_TABLE_3-8,"[""6"", ""1322.1"", ""否"", ""12.0"", ""20.2"", ""—"", ""19.9""]"
REC_SAFETY_TABLE_3-8_R9,9,SAFETY_TABLE_3-8,"[""7"", ""1429.9"", ""是"", ""12.8"", ""20.8"", ""8.7"", ""—""]"
REC_SAFETY_TABLE_3-9_R1,1,SAFETY_TABLE_3-9,"["""", ""剩余速度"", ""穿孔孔径""]"
REC_SAFETY_TABLE_3-9_R2,2,SAFETY_TABLE_3-9,"[""靶板厚度⬆"", ""⬇"", ""⬆""]"
REC_SAFETY_TABLE_3-9_R3,3,SAFETY_TABLE_3-9,"[""破片着速⬆"", ""⬆"", ""⬆""]"
REC_SDF_TABLE_10_R1,1,SDF_TABLE_10,"[""盐雾时间/d"", ""t₀/°C"", ""tₚ/°C"", ""Eₐ/(kJ·mol⁻¹)"", ""ΔHₐ/(J·g⁻¹)""]"
REC_SDF_TABLE_10_R2,2,SDF_TABLE_10,"[""0"", ""264.00"", ""289.80"", ""112.52"", ""85.10""]"
REC_SDF_TABLE_10_R3,3,SDF_TABLE_10,"[""1"", ""261.80"", ""295.30"", ""98.77"", ""45.20""]"
REC_SDF_TABLE_10_R4,4,SDF_TABLE_10,"[""2"", ""262.10"", ""293.70"", ""97.02"", ""41.10""]"
REC_SDF_TABLE_10_R5,5,SDF_TABLE_10,"[""3"", ""260.90"", ""291.20"", ""100.253"", ""46.08""]"
REC_SDF_TABLE_11_R1,1,SDF_TABLE_11,"[""盐雾时间/d"", ""晶形变化"", ""组分变化"", ""安定性""]"
REC_SDF_TABLE_11_R2,2,SDF_TABLE_11,"[""0"", ""棱柱状规则"", ""原始SDF"", ""原始""]"
REC_SDF_TABLE_11_R3,3,SDF_TABLE_11,"[""1"", ""无明显变化"", ""无变化"", ""略降""]"
REC_SDF_TABLE_11_R4,4,SDF_TABLE_11,"[""2"", ""开始层裂"", ""PbO2出现"", ""下降""]"
REC_SDF_TABLE_11_R5,5,SDF_TABLE_11,"[""3"", ""小片状"", ""Pb3(CO3)2(OH)2"", ""明显下降""]"
REC_SDF_TABLE_12_R1,1,SDF_TABLE_12,"[""序号"", ""三硝基间苯二酚钠溶液"", ""三硝基间苯二酚钠溶液"", ""三硝基间苯二酚钠溶液"", ""三硝基间苯二酚钠溶液"", ""三硝基间苯二酚钠溶液"", ""Pb(NO3)2溶液"", ""Pb(NO3)2溶液"", ""Pb(NO3)2溶液"", ""晶体颗粒大小"", ""晶体颗粒大小""]"
REC_SDF_TABLE_12_R2,2,SDF_TABLE_12,"[""序号"", ""三硝基间苯二酚/g"", ""碳酸钠/g"", ""加水/g"", ""加酸/g"", ""pH"", ""Pb(NO3)2"", ""加水/g"", ""pH"", ""最大/mm"", ""最小/mm""]"
REC_SDF_TABLE_12_R3,3,SDF_TABLE_12,"[""1"", ""15"", ""7.5"", ""375"", ""3.5"", ""4.5-4.8"", ""21"", ""123"", ""2.3"", ""0.30"", ""0.15""]"
REC_SDF_TABLE_12_R4,4,SDF_TABLE_12,"[""2"", ""15"", ""7.5"", ""375"", ""6"", ""6"", ""21"", ""64"", ""2.2"", ""0.07"", ""0.06""]"
REC_SDF_TABLE_12_R5,5,SDF_TABLE_12,"[""3"", ""15"", ""7.5"", ""375"", ""6"", ""6"", ""21"", ""64"", ""2.2"", ""0.10"", ""0.06""]"
REC_SDF_TABLE_13_R1,1,SDF_TABLE_13,"[""滑槽种类"", ""Ⅰ型/(μc·kg-1)"", ""Ⅱ型/(μc·kg-1)"", ""中性/(μc·kg-1)""]"
REC_SDF_TABLE_13_R2,2,SDF_TABLE_13,"[""铝"", ""-0.53"", ""-1.42"", ""-22.5""]"
REC_SDF_TABLE_13_R3,3,SDF_TABLE_13,"[""不锈钢"", ""-0.6"", ""-0.41"", ""-22.6""]"
REC_SDF_TABLE_13_R4,4,SDF_TABLE_13,"[""纸"", ""-0.45"", ""-0.55"", ""-22.6""]"
REC_SDF_TABLE_14_R1,1,SDF_TABLE_14,"[""项  目"", ""SDF正盐"", ""SDF碱式盐""]"
REC_SDF_TABLE_14_R2,2,SDF_TABLE_14,"[""表观密度(g·cm-3)"", ""1.3-1.6"", ""0.3-0.5""]"
REC_SDF_TABLE_14_R3,3,SDF_TABLE_14,"[""燃烧热(cal·mol-1)"", ""1251"", ""890""]"
REC_SDF_TABLE_14_R4,4,SDF_TABLE_14,"[""爆炸热(cal·mol-1)"", ""457"", ""328""]"
REC_SDF_TABLE_14_R5,5,SDF_TABLE_14,"[""气体生成量(cm3·g-1)"", ""357"", ""315""]"
REC_SDF_TABLE_15_R1,1,SDF_TABLE_15,"[""参数"", ""参数"", ""物料"", ""物料"", ""物料"", ""物料"", ""物料"", ""物料"", ""物料"", ""物料"", ""物料"", ""物料"", ""物料"", ""物料"", ""物料"", ""物料"", ""物料""]"
REC_SDF_TABLE_15_R10,10,SDF_TABLE_15,"[""工艺"", ""过滤速度"", """", """", """", """", """", """", """", """", """", """", """", """", """", """", """"]"
REC_SDF_TABLE_15_R11,11,SDF_TABLE_15,"[""工艺"", ""过滤压力"", """", """", """", """", """", """", """", """", """", """", """", """", """", """", """"]"
REC_SDF_TABLE_15_R12,12,SDF_TABLE_15,"[""工艺"", ""烘干温度"", """", """", """", """", ""☆"", """", """", """", ""☆"", """", """", """", ""☆"", """", """"]"
REC_SDF_TABLE_15_R13,13,SDF_TABLE_15,"[""工艺"", ""烘干时间"", """", """", """", """", """", """", """", """", ""☆"", """", """", """", """", ""☆"", """"]"
REC_SDF_TABLE_15_R14,14,SDF_TABLE_15,"[""工艺"", ""升温速率"", """", """", """", """", """", """", """", """", """", """", """", """", """", """", """"]"
REC_SDF_TABLE_15_R15,15,SDF_TABLE_15,"[""工艺"", ""包装量"", """", """", """", """", """", """", """", """", """", """", """", """", """", """", """"]"
REC_SDF_TABLE_15_R16,16,SDF_TABLE_15,"[""工艺"", ""颗粒分布"", """", """", """", """", """", """", """", """", """", """", """", """", ""☆"", """", """"]"
REC_SDF_TABLE_15_R17,17,SDF_TABLE_15,"[""工艺"", ""配料组成"", """", """", """", """", """", """", """", """", """", """", """", """", """", """", """"]"
REC_SDF_TABLE_15_R2,2,SDF_TABLE_15,"[""参数"", ""参数"", ""吸湿性"", ""火焰感度"", ""静电感度"", ""机械感度"", ""热感度"", ""爆热"", ""爆压"", ""爆温"", ""安定性"", ""粒度"", ""晶形"", ""湿含量"", ""安全性"", ""密度"", ""纯度""]"
REC_SDF_TABLE_15_R3,3,SDF_TABLE_15,"[""物料"", ""湿含量"", """", ""☆"", """", """", ""☆"", ""☆"", """", ""☆"", """", """", """", """", ""☆"", """", """"]"
REC_SDF_TABLE_15_R4,4,SDF_TABLE_15,"[""物料"", ""晶形"", """", """", """", """", """", """", """", """", ""☆"", """", """", """", ""☆"", """", """"]"
REC_SDF_TABLE_15_R5,5,SDF_TABLE_15,"[""工艺"", ""盐雾环境"", """", """", """", """", """", """", """", """", """", """", """", """", """", """", """"]"
REC_SDF_TABLE_15_R6,6,SDF_TABLE_15,"[""工艺"", ""反应温度"", """", """", """", """", """", """", """", """", """", """", """", """", """", """", """"]"
REC_SDF_TABLE_15_R7,7,SDF_TABLE_15,"[""工艺"", ""反应时间"", """", """", """", """", """", """", """", """", """", """", """", """", """", ""☆"", ""☆""]"
REC_SDF_TABLE_15_R8,8,SDF_TABLE_15,"[""工艺"", ""反应pH"", """", """", """", """", """", """", """", """", ""☆"", """", """", """", """", """", ""☆""]"
REC_SDF_TABLE_15_R9,9,SDF_TABLE_15,"[""工艺"", ""过滤时间"", """", """", """", """", """", """", """", """", """", """", """", """", """", """", """"]"
REC_SDF_TABLE_16_R1,1,SDF_TABLE_16,"[""腐蚀速率dc/（mm/a）"", ""腐蚀裕量"", ""腐蚀裕量"", ""腐蚀裕量""]"
REC_SDF_TABLE_16_R2,2,SDF_TABLE_16,"[""腐蚀速率dc/（mm/a）"", ""铬钼钢或名义厚度≥50 mm的高合金钢厚壁加氢反应器"", ""其他反应器、直径≥4 m或重量≥100 t或总高度≥60 m的塔器、高压热交换器壳体、名义厚度≥50 mm容器、球形储罐"", ""其他塔器、容器、热交换器壳体及管箱""]"
REC_SDF_TABLE_16_R3,3,SDF_TABLE_16,"[""≤0.05"", ""0-1.5"", ""0-1"", ""0-1""]"
REC_SDF_TABLE_16_R4,4,SDF_TABLE_16,"["">0.05-0.1"", ""1.5-3"", ""1-2"", ""1-1.5""]"
REC_SDF_TABLE_16_R5,5,SDF_TABLE_16,"["">0.1-0.2"", ""3-6"", ""2-4"", ""1.5-3""]"
REC_SDF_TABLE_16_R6,6,SDF_TABLE_16,"["">0.2-0.3"", ""改用更耐腐蚀的材料"", ""4-6"", ""3-4.5""]"
REC_SDF_TABLE_17_R1,1,SDF_TABLE_17,"[""湿度环境"", ""影响类型"", ""后果或危害""]"
REC_SDF_TABLE_17_R2,2,SDF_TABLE_17,"[""高湿"", ""水汽凝露"", ""绝缘材料电阻和热性能降低、电气短路、降低电子元器件性能；密封设备材料的溶解和变化。""]"
REC_SDF_TABLE_17_R3,3,SDF_TABLE_17,"[""高湿"", ""材料吸湿增强"", ""材料膨胀、变形，物理性能降低，结构破坏，电性能变化；包装箱强度下降，炸药和推进剂变质。""]"
REC_SDF_TABLE_17_R4,4,SDF_TABLE_17,"[""高湿"", ""加速金属氧化和腐蚀"", ""活动零件卡住，结构强度减弱，表面电阻增大，导致电接触不良。""]"
REC_SDF_TABLE_17_R5,5,SDF_TABLE_17,"[""高湿"", ""加速化学或电化学反应"", ""破坏有机涂层，材料化学和物理性能下降，加速金属腐蚀。""]"
REC_SDF_TABLE_17_R6,6,SDF_TABLE_17,"[""高湿"", ""促进生物活动"", ""促进霉菌生长，使材料产生或加剧霉菌破坏。""]"
REC_SDF_TABLE_17_R7,7,SDF_TABLE_17,"[""低湿"", ""材料失水"", ""材料变干而发脆或粉化，易产生静电，加速材料干裂或龟裂，火工品性能变差。""]"
REC_SDF_TABLE_17_R8,8,SDF_TABLE_17,"[""干湿交替"", ""毛细管“呼吸”作用"", ""加速材料反潮""]"
REC_SDF_TABLE_17_R9,9,SDF_TABLE_17,"[""干湿交替"", ""金属表面干湿交替"", ""加速电化学腐蚀""]"
REC_SDF_TABLE_18_R1,1,SDF_TABLE_18,"[""反应釜种类"", ""设备内物料类型"", ""长径比i值""]"
REC_SDF_TABLE_18_R2,2,SDF_TABLE_18,"[""一般反应釜"", ""液-固相或液-液相物料"", ""1-1.3""]"
REC_SDF_TABLE_18_R3,3,SDF_TABLE_18,"[""一般反应釜"", ""气-液相物料"", ""1-2""]"
REC_SDF_TABLE_18_R4,4,SDF_TABLE_18,"[""发酵罐类"", ""-"", ""1.7-2.5""]"
REC_SDF_TABLE_19_R1,1,SDF_TABLE_19,"[""筒体内径D1"", ""夹套内径D2"", ""直径差值D2-D1""]"
REC_SDF_TABLE_19_R2,2,SDF_TABLE_19,"[""500~600"", ""D1+50"", ""50 mm""]"
REC_SDF_TABLE_19_R3,3,SDF_TABLE_19,"[""700~1800"", ""D1+100"", ""100 mm""]"
REC_SDF_TABLE_19_R4,4,SDF_TABLE_19,"[""2000~3000"", ""D1+200"", ""200 mm""]"
REC_SDF_TABLE_1_R1,1,SDF_TABLE_1,"[""参数"", ""参数"", ""物料"", ""物料"", ""物料"", ""物料"", ""设备"", ""设备"", ""设备"", ""设备"", ""工艺"", ""工艺"", ""工艺"", ""工艺""]"
REC_SDF_TABLE_1_R10,10,SDF_TABLE_1,"[""设备"", ""设计条件"", """", """", """", """", """", """", """", """", """", """", """", """"]"
REC_SDF_TABLE_1_R11,11,SDF_TABLE_1,"[""工艺"", ""操作条件"", """", """", """", """", """", """", """", """", """", """", """", """"]"
REC_SDF_TABLE_1_R12,12,SDF_TABLE_1,"[""工艺"", ""速率参数"", """", """", """", """", """", """", """", """", """", """", """", """"]"
REC_SDF_TABLE_1_R13,13,SDF_TABLE_1,"[""工艺"", ""组分构成"", """", """", """", """", """", """", """", """", """", """", """", """"]"
REC_SDF_TABLE_1_R14,14,SDF_TABLE_1,"[""工艺"", ""反应数据"", """", """", """", """", """", """", """", """", """", """", """", """"]"
REC_SDF_TABLE_1_R2,2,SDF_TABLE_1,"[""参数"", ""参数"", ""理化性质"", ""感度"", ""释能性"", ""安定性"", ""型式"", ""特征尺寸"", ""换热尺寸"", ""设计条件"", ""操作条件"", ""速率参数"", ""组分构成"", ""反应数据""]"
REC_SDF_TABLE_1_R3,3,SDF_TABLE_1,"[""物料"", ""理化性质"", """", """", """", """", """", """", """", """", """", """", """", """"]"
REC_SDF_TABLE_1_R4,4,SDF_TABLE_1,"[""物料"", ""感度"", """", """", """", """", """", """", """", """", """", """", """", """"]"
REC_SDF_TABLE_1_R5,5,SDF_TABLE_1,"[""物料"", ""释能性"", """", """", """", """", """", """", """", """", """", """", """", """"]"
REC_SDF_TABLE_1_R6,6,SDF_TABLE_1,"[""物料"", ""安定性"", """", """", """", """", """", """", """", """", """", """", """", """"]"
REC_SDF_TABLE_1_R7,7,SDF_TABLE_1,"[""设备"", ""型式"", """", """", """", """", """", """", """", """", """", """", """", """"]"
REC_SDF_TABLE_1_R8,8,SDF_TABLE_1,"[""设备"", ""特征尺寸"", """", """", """", """", """", """", """", """", """", """", """", """"]"
REC_SDF_TABLE_1_R9,9,SDF_TABLE_1,"[""设备"", ""换热尺寸"", """", """", """", """", """", """", """", """", """", """", """", """"]"
REC_SDF_TABLE_20_R1,1,SDF_TABLE_20,"[""筒体直径D1"", ""盘管内径di适配规律"", ""核心约束目标""]"
REC_SDF_TABLE_20_R2,2,SDF_TABLE_20,"[""小（D1≤600 mm）"", ""选小值（25-57 mm），多根并联"", ""满足安装空间，避免管间热干扰""]"
REC_SDF_TABLE_20_R3,3,SDF_TABLE_20,"[""中（700≤D1≤1800 mm）"", ""选常规值（57-89 mm），可分支变径"", ""平衡流速、阻力与传热效率""]"
REC_SDF_TABLE_20_R4,4,SDF_TABLE_20,"[""大（D1≥2000 mm）"", ""可选大值（89-127 mm），多程串联"", ""保证辐射均匀性，降低压力降""]"
REC_SDF_TABLE_21_R1,1,SDF_TABLE_21,"[""筒体直径D1"", ""长径比i"", ""筒体高度H1"", ""盘管长度适配规律"", ""核心目标""]"
REC_SDF_TABLE_21_R2,2,SDF_TABLE_21,"[""小（D1≤600 mm）"", ""小（i=1-1.3）"", ""低"", ""总长度短，多层短管叠加，单根长度不宜超过5 m"", ""避免热耦合，降低流动阻力""]"
REC_SDF_TABLE_21_R3,3,SDF_TABLE_21,"[""中（700≤D1≤1800 mm）"", ""中（i=1-2）"", ""中"", ""总长度中等，可单程或 程，单根长度5-10 m"", ""平衡传热效率与设备紧凑性""]"
REC_SDF_TABLE_21_R4,4,SDF_TABLE_21,"[""大（D1≥2000 mm）"", ""大（i≥2）"", ""高"", ""总长度长，单程长管或多程串联，单根长度可达10 m以上"", ""保证气液接触时间，维持传热均匀性""]"
REC_SDF_TABLE_22_R1,1,SDF_TABLE_22,"[""换热形式"", ""单位容积换热面积（m2·m-3）"", ""传热系数K W/(m2·°C)"", ""相同热负荷下的面积需求"", ""适用场景""]"
REC_SDF_TABLE_22_R2,2,SDF_TABLE_22,"[""传统夹套式"", ""低（2-5）"", ""中（300-800）"", ""大"", ""热负荷小、物料无腐蚀的常规反应""]"
REC_SDF_TABLE_22_R3,3,SDF_TABLE_22,"[""夹套+内置盘管"", ""中（5-10）"", ""中（盘管侧高，釜内物料侧低）"", ""中"", ""热负荷中等，夹套面积不足时""]"
REC_SDF_TABLE_22_R4,4,SDF_TABLE_22,"[""全内置蛇管"", ""高（8-15）"", ""低（釜内物料侧对流传热系数小）"", ""大"", ""腐蚀性介质、高压反应釜""]"
REC_SDF_TABLE_22_R5,5,SDF_TABLE_22,"[""外盘管（半管夹套)"", ""中（4-8）"", ""高（载热体流速高）"", ""中"", ""夹套需承压、热负荷中等的场景""]"
REC_SDF_TABLE_22_R6,6,SDF_TABLE_22,"[""板式/螺旋板换热器"", ""极高（≥250）"", ""极高（1500-4700）"", ""小"", ""独立换热工序、场地受限场景""]"
REC_SDF_TABLE_23_R1,1,SDF_TABLE_23,"[""设备安全阀型式"", ""安全阀起跳压力p开与设备设计压力p设的关系""]"
REC_SDF_TABLE_23_R2,2,SDF_TABLE_23,"[""单安全阀设备"", ""p开≤p设""]"
REC_SDF_TABLE_23_R3,3,SDF_TABLE_23,"[""多安全阀设备"", ""p开≤1.05p设""]"
REC_SDF_TABLE_23_R4,4,SDF_TABLE_23,"[""火灾辅助安全阀"", ""p开≤1.1p设""]"
REC_SDF_TABLE_23_R5,5,SDF_TABLE_23,"[""通用装有安全阀的内"", ""p设≥（1.05～1.10）×最高工作压力，且p设≥p开""]"
REC_SDF_TABLE_23_R6,6,SDF_TABLE_23,"[""带沿程损失的上/下游设备"", ""p设（上游）=p开+∆p损失+∆p静压； / p设（下游）=p开+∆p静压""]"
REC_SDF_TABLE_24_R1,1,SDF_TABLE_24,"[""过滤器型式"", ""操作方式"", ""推动力"", ""处理量提升路径"", ""同面积处理量水平""]"
REC_SDF_TABLE_24_R2,2,SDF_TABLE_24,"[""板框压滤机"", ""间歇"", ""压力（0.3-1.5 MPa）"", ""增加框数扩大面积"", ""中""]"
REC_SDF_TABLE_24_R3,3,SDF_TABLE_24,"[""叶滤机"", ""间歇"", ""压力（0.3-1.5 MPa）"", ""增加滤叶数量/尺寸"", ""中高（比板框高20%-30%）""]"
REC_SDF_TABLE_24_R4,4,SDF_TABLE_24,"[""回转真空过滤机"", ""连续"", ""真空（≤0.1 MPa）"", ""增大转筒尺寸、提高转速/浸没度"", ""中（连续稳定）""]"
REC_SDF_TABLE_24_R5,5,SDF_TABLE_24,"[""离心过滤机"", ""间歇/连续"", ""离心力（Kc可达50000 N）"", ""提高转速、增大转鼓尺寸"", ""高（同面积下为真空过滤机5-10倍）""]"
REC_SDF_TABLE_24_R6,6,SDF_TABLE_24,"[""管道过滤器"", ""连续"", ""管网压力"", ""增大公称直径"", ""低（仅预处理）""]"
REC_SDF_TABLE_25_R1,1,SDF_TABLE_25,"[""参数"", ""参数"", ""设备"", ""设备"", ""设备"", ""设备"", ""设备"", ""设备"", ""设备"", ""设备"", ""设备"", ""设备"", ""设备"", ""设备""]"
REC_SDF_TABLE_25_R10,10,SDF_TABLE_25,"[""物料"", ""静电感度"", """", """", """", """", """", """", """", """", """", """", """", """"]"
REC_SDF_TABLE_25_R11,11,SDF_TABLE_25,"[""物料"", ""机械感度"", """", """", """", """", """", """", """", """", """", """", """", """"]"
REC_SDF_TABLE_25_R12,12,SDF_TABLE_25,"[""物料"", ""热感度"", """", """", """", """", """", """", """", """", """", """", """", """"]"
REC_SDF_TABLE_25_R13,13,SDF_TABLE_25,"[""物料"", ""静电积累"", """", """", """", """", """", """", """", """", """", """", """", """"]"
REC_SDF_TABLE_25_R14,14,SDF_TABLE_25,"[""设备"", ""反应釜高度"", """", """", """", """", """", """", """", """", """", """", """", """"]"
REC_SDF_TABLE_25_R15,15,SDF_TABLE_25,"[""设备"", ""筒体直径"", """", """", """", """", """", """", """", """", """", """", """", """"]"
REC_SDF_TABLE_25_R16,16,SDF_TABLE_25,"[""设备"", ""换热面积"", """", """", """", """", """", """", """", """", """", """", """", """"]"
REC_SDF_TABLE_25_R17,17,SDF_TABLE_25,"[""设备"", ""设备设计压力"", """", """", """", """", """", """", """", """", """", """", """", """"]"
REC_SDF_TABLE_25_R18,18,SDF_TABLE_25,"[""工艺"", ""处理量"", """", """", """", """", """", """", """", """", """", """", """", """"]"
REC_SDF_TABLE_25_R19,19,SDF_TABLE_25,"[""工艺"", ""撤热介质及用量"", """", """", """", """", """", """", """", """", ""☆"", """", """", """"]"
REC_SDF_TABLE_25_R2,2,SDF_TABLE_25,"[""参数"", ""参数"", ""设备材质"", ""搅拌桨型式"", ""换热面积"", ""包装材料"", ""反应釜内径"", ""夹套直径"", ""盘管内径/管间隙/长度"", ""夹套高度"", ""换热形式"", ""安全阀起跳压力"", ""过滤器型式"", ""螺旋盘管直径""]"
REC_SDF_TABLE_25_R3,3,SDF_TABLE_25,"[""物料"", ""腐蚀性"", """", """", """", """", """", """", """", """", """", """", """", """"]"
REC_SDF_TABLE_25_R4,4,SDF_TABLE_25,"[""物料"", ""黏度"", """", """", """", """", """", """", """", """", """", """", """", """"]"
REC_SDF_TABLE_25_R5,5,SDF_TABLE_25,"[""物料"", ""生成焓"", """", """", """", """", """", """", """", """", ""☆"", """", """", """"]"
REC_SDF_TABLE_25_R6,6,SDF_TABLE_25,"[""物料"", ""比热"", """", """", """", """", """", """", """", """", ""☆"", """", """", """"]"
REC_SDF_TABLE_25_R7,7,SDF_TABLE_25,"[""物料"", ""导热系数"", """", """", """", """", """", """", """", """", ""☆"", """", """", """"]"
REC_SDF_TABLE_25_R8,8,SDF_TABLE_25,"[""物料"", ""吸湿性"", """", """", """", """", """", """", """", """", """", """", """", """"]"
REC_SDF_TABLE_25_R9,9,SDF_TABLE_25,"[""物料"", ""火焰感度"", """", """", """", """", """", """", """", """", """", """", """", """"]"
REC_SDF_TABLE_26_R1,1,SDF_TABLE_26,"[""反应时间特征"", ""适配撤热介质类型"", ""对用量的影响""]"
REC_SDF_TABLE_26_R2,2,SDF_TABLE_26,"[""短反应时间"", ""相变潜热大的饱和蒸汽、高换热系数的熔盐"", ""用量可相对较小，依靠高潜热/高传热系数快速撤热，无需过大流量""]"
REC_SDF_TABLE_26_R3,3,SDF_TABLE_26,"[""中等反应时间"", ""加压热水、有机载热体"", ""用量适中，需匹配反应放热速率，保证持续稳定撤热""]"
REC_SDF_TABLE_26_R4,4,SDF_TABLE_26,"[""长反应时间"", ""循环型熔盐、外置换热器配套载热体"", ""用量大，需配套循环系统保证长时间连续撤热，避免撤热不足导致超温""]"
REC_SDF_TABLE_27_R1,1,SDF_TABLE_27,"[""筛分方式特征"", ""对筛分效率的影响""]"
REC_SDF_TABLE_27_R2,2,SDF_TABLE_27,"[""标准筛规格全、操作规范、振动频率最优"", ""筛分效率≥90%，数据准确""]"
REC_SDF_TABLE_27_R3,3,SDF_TABLE_27,"[""细颗粒专用筛分（显微镜、沉降法）"", ""检测准确率≥95%""]"
REC_SDF_TABLE_27_R4,4,SDF_TABLE_27,"[""过筛次数充足、筛网无堵塞"", ""筛分效率≥95%，分布均匀""]"
REC_SDF_TABLE_27_R5,5,SDF_TABLE_27,"[""振动频率过低/过高、装样量过大"", ""筛分效率≤60%，数据失真""]"
REC_SDF_TABLE_28_R1,1,SDF_TABLE_28,"[""钠盐pH"", ""母液pH"", ""结晶状况"", ""钠盐pH"", ""母液pH"", ""结晶状况""]"
REC_SDF_TABLE_28_R2,2,SDF_TABLE_28,"[""2-3"", ""2"", ""全部结晶溶解"", ""10-14"", ""9"", ""小结晶，有Pb(OH)2生成""]"
REC_SDF_TABLE_28_R3,3,SDF_TABLE_28,"[""4"", ""3"", ""单晶聚的不够"", ""4.5-4.8"", ""4-5"", ""结晶聚的较大""]"
REC_SDF_TABLE_28_R4,4,SDF_TABLE_28,"[""4-5"", ""3-4"", ""菊花形"", ""4.8-5"", ""4-5"", ""单晶多易造粒""]"
REC_SDF_TABLE_28_R5,5,SDF_TABLE_28,"[""6-7"", ""4"", ""单晶多"", ""9"", ""5"", ""偏长""]"
REC_SDF_TABLE_28_R6,6,SDF_TABLE_28,"[""7-8"", ""5"", ""小结晶多"", ""-"", ""-"", ""-""]"
REC_SDF_TABLE_29_R1,1,SDF_TABLE_29,"[""搅拌速率"", ""影响机理"", ""产物组成晶形变化""]"
REC_SDF_TABLE_29_R2,2,SDF_TABLE_29,"[""过低（<200 rpm）"", ""离子扩散不均匀，局部过饱和度差异大；晶核生成速率慢且分布不均；晶体成长主导，易生成针状或片状结晶。"", ""结晶尺寸大但不规则；可能出现β型针状结晶（易自爆）；流散性差，堆积密度低。""]"
REC_SDF_TABLE_29_R3,3,SDF_TABLE_29,"[""适宜（200-300 rpm）"", ""离子均匀扩散，过饱和度控制良好；晶核生成与晶体成长平衡；表面活性剂（如CMC）分布均匀。"", ""生成球形或短柱形结晶；粒度分布均匀（10-20 um占55%以上）；堆积密度高（1.0-1.5 g·cm-3）。""]"
REC_SDF_TABLE_29_R4,4,SDF_TABLE_29,"[""过高（>400 rpm） /"", ""剪切力过大，晶体破碎；二次成核过度，晶核数量过多；结晶与器壁/搅拌桨碰撞加剧。"", ""结晶细小不规则；聚晶结构破坏，表面粗糙；可能引入金属杂质（摩擦产物）。""]"
REC_SDF_TABLE_2_R1,1,SDF_TABLE_2,"[""药剂名称"", ""极性"", ""电容/pF"", ""50%发火电压/V"", ""标准偏差/V"", ""50%发火能量/J""]"
REC_SDF_TABLE_2_R2,2,SDF_TABLE_2,"[""碱式三硝基间苯二酚铅"", ""正"", ""500"", ""0.88×103"", ""0.047×103"", ""1.94×10−4""]"
REC_SDF_TABLE_2_R3,3,SDF_TABLE_2,"[""碱式三硝基间苯二酚铅"", ""负"", ""500"", ""0.82×103"", ""0.080×103"", ""1.60×10−4""]"
REC_SDF_TABLE_2_R4,4,SDF_TABLE_2,"[""正三硝基间苯二酚铅"", ""正"", ""500"", ""1.08×103"", ""0.047×103"", ""2.92×10−4""]"
REC_SDF_TABLE_2_R5,5,SDF_TABLE_2,"[""正三硝基间苯二酚铅"", ""负"", ""500"", ""1.06×103"", ""0.039×103"", ""2.18×10−4""]"
REC_SDF_TABLE_30_R1,1,SDF_TABLE_30,"[""筛分设备类型"", ""适用颗粒范围"", ""对颗粒分布数据的影响""]"
REC_SDF_TABLE_30_R2,2,SDF_TABLE_30,"[""泰勒标准筛（方孔金属丝网）"", ""中等粒径（>70 μm）"", ""筛号越大筛孔越小，按筛孔尺寸等差（√2倍）分级，可得到各粒级的质量分数，准确表征宽分布颗粒的粒度组成，若筛号选择不全，会遗漏特定粒级的分布数据。""]"
REC_SDF_TABLE_30_R3,3,SDF_TABLE_30,"[""显微镜法"", ""微细颗粒（<70 μm）"", ""以质量基准统计各粒度微粒的质量占比，可精准表征细颗粒的分布，弥补标准筛对细颗粒无法测定的缺陷。""]"
REC_SDF_TABLE_30_R4,4,SDF_TABLE_30,"[""液相沉降法"", ""超细颗粒（nm-μm）"", ""基于斯托克斯沉降原理反推颗粒分布，适合火工药剂、含能材料超细颗粒的分布表征，避免筛分过程中细颗粒团聚导致的分布数据失真。""]"
REC_SDF_TABLE_31_R1,1,SDF_TABLE_31,"[""参数"", ""参数"", ""工艺"", ""工艺"", ""工艺"", ""工艺"", ""工艺"", ""工艺"", ""工艺"", ""工艺"", ""工艺"", ""工艺"", ""工艺""]"
REC_SDF_TABLE_31_R10,10,SDF_TABLE_31,"[""工艺"", ""处理量"", """", """", """", """", """", """", """", """", """", """", """"]"
REC_SDF_TABLE_31_R11,11,SDF_TABLE_31,"[""工艺"", ""筛分方式"", """", """", """", """", """", """", """", """", """", """", """"]"
REC_SDF_TABLE_31_R12,12,SDF_TABLE_31,"[""工艺"", ""振动频率"", """", """", """", """", """", """", """", """", """", """", """"]"
REC_SDF_TABLE_31_R13,13,SDF_TABLE_31,"[""工艺"", ""反应温度"", """", ""☆"", """", """", """", """", """", """", """", """", """"]"
REC_SDF_TABLE_31_R14,14,SDF_TABLE_31,"[""工艺"", ""反应pH"", """", ""☆"", """", """", """", """", """", """", """", """", """"]"
REC_SDF_TABLE_31_R15,15,SDF_TABLE_31,"[""工艺"", ""搅拌速率"", """", ""☆"", """", """", """", """", """", """", """", """", """"]"
REC_SDF_TABLE_31_R16,16,SDF_TABLE_31,"[""工艺"", ""撤热介质及用量"", """", """", """", """", """", """", """", """", """", """", """"]"
REC_SDF_TABLE_31_R17,17,SDF_TABLE_31,"[""工艺"", ""包装量"", """", """", """", """", """", """", """", """", """", """", """"]"
REC_SDF_TABLE_31_R2,2,SDF_TABLE_31,"[""参数"", ""参数"", ""温度"", ""反应转化率"", ""撤热介质及用量"", ""过滤时间"", ""过滤压力"", ""过滤速度"", ""筛分效率"", ""产物组成"", ""放热量"", ""颗粒分布"", ""包装质量""]"
REC_SDF_TABLE_31_R3,3,SDF_TABLE_31,"[""物料"", ""热容"", """", """", ""☆"", """", """", """", """", """", ""☆"", """", """"]"
REC_SDF_TABLE_31_R4,4,SDF_TABLE_31,"[""物料"", ""密度"", """", """", """", """", """", """", """", ""☆"", """", ""☆"", """"]"
REC_SDF_TABLE_31_R5,5,SDF_TABLE_31,"[""物料"", ""粘度"", """", """", """", """", """", """", """", """", """", """", """"]"
REC_SDF_TABLE_31_R6,6,SDF_TABLE_31,"[""物料"", ""溶解度"", """", """", """", ""☆"", """", """", """", """", """", """", """"]"
REC_SDF_TABLE_31_R7,7,SDF_TABLE_31,"[""物料"", ""蒸汽压"", """", """", """", """", ""☆"", """", """", """", """", """", """"]"
REC_SDF_TABLE_31_R8,8,SDF_TABLE_31,"[""设备"", ""反应器容积"", """", """", """", """", """", """", """", """", """", """", """"]"
REC_SDF_TABLE_31_R9,9,SDF_TABLE_31,"[""工艺"", ""反应时间"", """", ""☆"", """", """", """", """", """", """", """", """", """"]"
REC_SDF_TABLE_3_R1,1,SDF_TABLE_3,"[""样品"", ""撞击压力/MPa"", ""发火次数"", ""非发火次数"", ""总计""]"
REC_SDF_TABLE_3_R2,2,SDF_TABLE_3,"[""SDF"", ""0.050"", ""0"", ""2"", ""2""]"
REC_SDF_TABLE_3_R3,3,SDF_TABLE_3,"[""SDF"", ""0.060"", ""0"", ""2"", ""2""]"
REC_SDF_TABLE_3_R4,4,SDF_TABLE_3,"[""SDF"", ""0.065"", ""1"", ""1"", ""2""]"
REC_SDF_TABLE_3_R5,5,SDF_TABLE_3,"[""SDF"", ""0.07"", ""3"", ""0"", ""3""]"
REC_SDF_TABLE_4_R1,1,SDF_TABLE_4,"[""pH 范围"", ""生成的产物"", ""化学组成"", ""晶体形貌与粒度""]"
REC_SDF_TABLE_4_R2,2,SDF_TABLE_4,"[""酸性（pH<4）"", ""酸性SDF"", ""[C6H(NO2)3OH·O]2Pb"", ""长针状、絮状结晶，粒度细小不均。""]"
REC_SDF_TABLE_4_R3,3,SDF_TABLE_4,"[""弱酸性（pH4.5-4.8）"", ""中性SDF"", ""C6H(NO2)3O2Pb·H2O"", ""黄色或棕黄色六角形棱柱体，晶体较大、规整。""]"
REC_SDF_TABLE_4_R4,4,SDF_TABLE_4,"[""碱性（pH>7）"", ""碱性SDF"", ""C6H(NO2)3O2Pb·Pb(OH)2或 [CH(NO2)3O2Pb]2·PbO"", ""棕黄色胶状体、絮晶或无定形沉淀，粒度极小，流散性极差。""]"
REC_SDF_TABLE_5_R1,1,SDF_TABLE_5,"[""pH 范围"", ""生成的产物"", ""化学组成"", ""晶体形貌与粒度""]"
REC_SDF_TABLE_5_R2,2,SDF_TABLE_5,"[""酸性（pH<4）"", ""酸性SDF"", ""[C6H(NO2)3OH·O]2Pb"", ""长针状、絮状结晶，粒度细小不均。""]"
REC_SDF_TABLE_5_R3,3,SDF_TABLE_5,"[""弱酸性（pH4.5-4.8）"", ""中性SDF"", ""C6H(NO2)3O2Pb·H2O"", ""黄色或棕黄色六角形棱柱体，晶体较大、规整。""]"
REC_SDF_TABLE_5_R4,4,SDF_TABLE_5,"[""碱性（pH>7）"", ""碱性SDF"", ""C6H(NO2)3O2Pb·Pb(OH)2或 [CH(NO2)3O2Pb]2·PbO"", ""棕黄色胶状体、絮晶或无定形沉淀，粒度极小，流散性极差。""]"
REC_SDF_TABLE_6_R1,1,SDF_TABLE_6,"[""烘干温度（℃）"", ""达到平衡湿含量所需时间（h）"", ""最终平衡湿含量（%）"", ""备注""]"
REC_SDF_TABLE_6_R2,2,SDF_TABLE_6,"[""45"", "">24"", ""2.5-3.0"", ""仅脱除表面吸附水""]"
REC_SDF_TABLE_6_R3,3,SDF_TABLE_6,"[""60"", ""8-10"", ""1.8-2.2"", ""脱除大部分毛细管水""]"
REC_SDF_TABLE_6_R4,4,SDF_TABLE_6,"[""75"", ""4-6"", ""1.2-1.5"", ""工业常用干燥条件""]"
REC_SDF_TABLE_6_R5,5,SDF_TABLE_6,"[""90"", ""2-3"", ""0.8-1.0"", ""接近结晶水脱除温度""]"
REC_SDF_TABLE_6_R6,6,SDF_TABLE_6,"[""110"", ""12-16（特殊处理）"", ""0（完全脱水）"", ""结晶水完全脱除""]"
REC_SDF_TABLE_7_R1,1,SDF_TABLE_7,"[""水分类型"", ""结合方式"", ""脱除温度范围"", ""脱除难易程度""]"
REC_SDF_TABLE_7_R2,2,SDF_TABLE_7,"[""表面吸附水"", ""物理吸附，范德华力"", ""25-80 ℃"", ""易脱除""]"
REC_SDF_TABLE_7_R3,3,SDF_TABLE_7,"[""毛细管水"", ""晶体间隙毛细作用"", ""80-110 ℃"", ""中等难度""]"
REC_SDF_TABLE_7_R4,4,SDF_TABLE_7,"[""结晶水"", ""晶格内结合水分子"", ""110-130 ℃（需12-16小时）"", ""难脱除""]"
REC_SDF_TABLE_8_R1,1,SDF_TABLE_8,"[""升温阶段速率（℃·min-1）"", ""进入恒温时的湿含量（%）"", ""恒温6小时后最终湿含量（%）"", ""质量稳定性""]"
REC_SDF_TABLE_8_R2,2,SDF_TABLE_8,"[""1"", ""8.2"", ""1.5±0.1"", ""稳定""]"
REC_SDF_TABLE_8_R3,3,SDF_TABLE_8,"[""3"", ""12.5"", ""1.8±0.3"", ""轻微波动""]"
REC_SDF_TABLE_8_R4,4,SDF_TABLE_8,"[""5"", ""15.3"", ""2.2±0.5"", ""不均匀""]"
REC_SDF_TABLE_8_R5,5,SDF_TABLE_8,"[""8"", ""18.7（表面结壳）"", ""3.5±1.2（内部潮湿）"", ""不合格""]"
REC_SDF_TABLE_9_R1,1,SDF_TABLE_9,"[""升温速率（℃·min-1）"", ""湿含量变化特征"", ""主导控制机制""]"
REC_SDF_TABLE_9_R2,2,SDF_TABLE_9,"[""慢速（1-2）"", ""湿含量平稳下降，内外温差小"", ""水分扩散控制""]"
REC_SDF_TABLE_9_R3,3,SDF_TABLE_9,"[""中速（3-5）"", ""湿含量梯度下降，表面先干燥"", ""热传导与扩散共同控制""]"
REC_SDF_TABLE_9_R4,4,SDF_TABLE_9,"[""快速（>5）"", ""湿含量骤降，表面结壳风险"", ""热传导控制，可能产生蒸汽压""]"
